100000
271656 697031 94790 44038 86828 53550 156100 112993 330056 768210
255181 655725 268319 229408 166858 951254 806114 754074 102496 811983
992715 51394 494389 599457 344310 126694 425898 701966 414771 479975
303081 192807 176289 589978 683469 500656 761464 291499 522378 625041
349403 972096 771113 2436 425651 498451 589012 359086 655500 408646
578381 565146 308536 927245 484975 753671 83481 714695 282147 817595
326984 148624 616937 101508 1785 775594 591440 283552 817238 764874
928833 761642 948703 46087 254779 323955 819464 96496 280097 863445
547548 607941 53868 816348 838665 245367 266496 207140 350310 766189
687578 990691 969888 163411 682840 427999 641876 982127 793643 710281
358497 508100 754989 391366 675585 808605 51248 642987 346250 287323
432234 356342 295144 177768 42361 108474 670598 316595 353616 413445
399117 460198 326083 766426 182100 315919 284224 974862 181672 155087
163762 769510 631919 282461 24011 203766 261018 76636 968357 470741
581165 622906 453263 662069 461484 381894 286673 579370 918093 352993
81733 977591 460648 101274 551191 485233 124793 557087 971616 571719
273380 176655 741323 569391 938961 181973 831692 525977 781166 75130
373449 993870 957711 12191 134133 901268 823292 634815 831249 382438
429330 923243 688504 586329 506394 167253 649392 655557 576514 744012
156311 86471 890692 869707 785861 796730 739209 289228 964255 236700
200094 913234 534939 513539 155046 761709 328877 301250 827503 596593
235964 833264 71888 527171 564995 29260 164011 890943 841738 764938
573210 161499 843248 599380 225900 92299 591879 209061 289392 407192
454866 931931 572608 77155 652021 503854 40218 319530 609690 456805
679985 688573 921176 137494 316573 542971 656656 511678 210171 396089
690546 477740 54622 271964 799331 195440 752925 292044 265969 292373
327180 956677 832567 78517 968215 863303 487897 954527 752215 261116
418173 355218 925284 161374 467661 155207 967235 69839 400207 337696
169792 939413 21529 940955 56505 844797 522113 727681 317773 333557
278883 805021 357133 468798 579558 462885 364382 517085 689341 840127
473815 628663 500746 677371 988307 165644 257243 291186 26688 995060
368878 902588 174306 628154 440804 492807 745165 375868 333913 306637
218340 22789 721237 616893 320672 140050 401978 620466 452735 453830
337094 732091 356949 185755 968739 685089 874227 153528 89314 205988
611873 179179 407120 28672 502265 599944 114161 210870 696986 701687
381311 902356 409236 71039 318576 743800 23022 923644 761724 421719
951909 669850 218421 231590 430982 200632 984978 37001 217620 397265
757429 322957 574832 979113 640527 392589 243229 123791 747499 80369
731694 719537 827363 386542 897538 746047 251706 15856 175339 332042
742979 883323 398798 805272 245207 72323 204306 257602 281422 10730
812894 288637 263384 981226 325395 615023 38093 736964 701502 616371
67529 32702 871747 586338 679518 944246 490306 433630 208857 324948
412850 707421 437183 451720 105862 919682 39631 18421 136133 419124
459996 702354 114320 22698 870873 274675 373568 131142 543821 704794
759475 676286 395376 42961 784868 738273 995306 704929 846839 555515
352468 838150 540482 940089 260403 498039 544578 904707 127101 486835
848424 411159 733277 490781 361112 26821 310507 159645 919510 660065
477512 323553 479512 685509 534974 180329 995960 150638 491405 875088
904138 644294 883071 42791 814668 378552 188269 16921 722257 451004
309212 28321 673385 989321 90632 706134 250919 988666 121385 43279
638115 874165 309897 285563 228781 601476 994661 688803 26972 645640
870204 834544 762941 258940 176243 458442 829011 717343 674456 693448
562489 127752 891120 643924 904433 752188 423255 802521 181215 662907
641792 780685 116541 571684 34261 729614 760573 90170 366190 228933
906532 290507 23345 259797 647985 64495 116024 739461 149311 72427
178787 175528 427217 658151 895704 991747 776982 295244 742671 436135
783236 331893 996103 714357 921903 139167 755935 146178 691640 767294
104137 168275 694395 335364 844140 524743 339552 3107 428398 278444
830619 531644 556561 997118 224656 966894 785264 260449 122606 892299
412643 367894 755117 244326 608139 388723 825105 165582 840972 858530
260163 300651 513128 553794 313084 926487 605041 657113 133442 933076
397208 617009 771888 734964 898610 406094 641894 646779 373525 460615
596117 473872 538629 701350 772437 783287 801172 203505 839225 939527
542380 781419 483772 84810 757571 81150 9119 90928 48292 56817
207225 474869 514004 983925 701504 78103 212099 608214 115789 832767
518561 6832 300836 822130 986907 777585 68206 148711 391903 346094
282616 746376 96546 901625 161868 635438 944318 285671 823565 940388
610431 429862 430573 503433 392414 5855 725829 945921 407676 172871
15220 377723 712007 113514 438921 11435 174273 869659 61279 843212
298846 632648 88628 255637 966315 176895 177936 714583 265223 159566
968914 679173 416289 718345 981588 343278 744694 228667 877688 680198
219944 183087 877373 79859 621700 702495 468553 255133 289414 841964
319643 266586 593458 520077 143264 870356 150664 242802 178984 782984
927459 863058 172472 992196 449801 272549 27773 585058 464997 770458
281 713724 288747 512267 834028 125924 993741 32638 414930 997100
71128 444220 694366 551752 176425 405742 108610 166218 803616 563952
642162 876375 751132 655855 141796 519342 528318 823440 32891 766015
880917 498976 492537 683920 650659 630646 467718 227152 798489 88372
520981 504028 389096 142342 288395 328198 417864 701991 261787 842580
482547 876506 340547 66427 270336 936579 465381 294979 595030 611876
190669 532073 669680 819784 159009 203394 866420 326525 453042 611941
962237 196703 478503 899159 95675 516906 129900 875435 290851 127531
324309 45285 679071 794585 746996 874406 734837 132613 447653 137899
216117 232788 463359 787994 74662 183692 999221 892424 157528 41737
100183 553398 433258 69896 853353 799844 679465 28668 770953 391249
108358 748663 911777 279779 864773 171808 34284 825045 230211 962696
651003 712202 447676 449700 357507 418427 768199 106754 420165 158332
263621 774303 152465 763948 800949 394081 571867 141276 75892 456308
314560 339562 291216 360408 989856 425849 943303 291249 883465 860077
143339 962739 754265 229290 902040 854571 857429 116726 19437 144535
195042 998098 521762 22239 206951 755626 79807 381155 250633 865385
168019 804563 259108 374235 247471 621651 919520 638123 928145 358268
392255 262160 569987 583108 957385 861183 264788 801869 391128 313949
958767 274315 473063 162236 782512 81171 653199 445742 781276 926690
7690 503241 150578 331359 958617 234656 275700 652374 927277 636673
651245 717035 496084 83105 829891 66401 808164 740999 62109 735325
963889 93399 822464 922582 855810 212501 681568 761152 107419 973182
5910 318476 572843 82833 516369 222179 598199 904441 718119 855658
484588 314306 37646 594588 788296 765455 329719 171170 872708 86980
984091 768809 513290 367600 71841 556542 718711 135877 952040 259148
289175 711253 760160 268454 102995 806805 5876 547257 920123 781613
492775 74378 272949 11420 432875 679169 20223 220699 83092 785299
621014 39432 257806 607271 803914 315827 55235 798120 833915 203209
304149 979120 91895 613524 369018 424473 662858 837308 860073 513821
564851 366381 14884 740700 192851 610072 6960 533917 219575 910912
347408 270540 204522 750207 173169 258809 18037 463411 137535 970130
303170 778877 999929 806958 239651 863892 741707 155750 715283 85467
558668 330048 806363 262910 162126 514409 269293 864861 264109 718681
918563 145235 51242 741409 764450 353288 267802 617693 633732 244621
786718 729512 178594 742095 241191 650473 132277 634790 10442 298549
669702 218170 508268 68370 907398 62007 452154 889007 800284 536429
583886 952243 122174 867218 241392 374879 763210 437455 136917 226960
159965 136881 115803 867735 129204 588818 133137 312151 112150 280068
211621 5978 901063 788094 817718 224958 202219 631579 744147 642006
334492 356085 688075 385094 755693 88621 732793 962728 757618 130857
431602 170068 37749 901814 645385 225886 530466 612732 35348 842727
192734 719482 61090 793169 735329 174645 681762 522280 179824 140774
94344 757014 957396 915525 604462 867495 558100 403174 858949 166373
72840 586046 574024 501397 13698 412092 334472 112987 548077 977157
799350 430570 92931 132871 168033 651190 469411 349160 697539 605533
498241 825777 898379 745254 601072 781806 29235 832013 126765 475049
993327 117750 870684 940572 100122 117588 409326 618474 398198 543923
161560 226910 726341 355032 534527 512459 400114 204401 729383 985325
887393 411324 323892 151286 447117 839102 232040 302701 226189 116011
855667 96359 421660 652197 324437 518348 489969 433491 614126 94209
688440 334242 984512 635862 15314 433153 361570 407668 332881 317633
434193 146680 720299 302181 506379 266954 18258 771487 974980 615095
57084 822765 911899 647087 509325 113261 685086 273646 862677 434126
768578 679412 554935 130731 495276 790313 186151 109976 689960 809100
612344 28395 322484 398936 546508 711841 304743 688840 45052 203435
315970 517151 727540 402251 443878 889731 749478 275608 43321 435508
773298 287314 233287 763048 116017 417344 408277 999334 671881 587218
194851 772314 607734 990432 868919 855522 454707 360519 326953 947644
689143 154534 122336 425500 235242 979154 617641 734279 662254 985209
569318 99421 60850 458465 7457 576589 609091 643560 375905 346964
928902 143615 199637 873661 948586 878267 321067 767410 736952 590764
557769 88230 457476 491734 742286 202561 471467 37779 981596 151851
631540 846821 503358 889987 280504 175607 884910 332631 236519 746928
212287 755717 348058 703181 466556 548474 317039 432285 822825 445093
408840 732175 53043 109963 933245 66217 442602 274971 701070 254648
877420 298577 542836 135985 442282 261862 589507 780475 382747 572959
981880 511807 666226 616170 359355 743398 393924 690342 461688 407783
322325 870138 779213 658847 448429 23127 152486 926614 742004 849954
858936 811073 583648 463677 968441 642900 532735 126436 669416 388747
952524 515724 197007 925904 133399 526166 986890 735622 366680 106894
633839 713601 23020 459154 346412 290887 717593 477627 893736 637128
83348 56963 426868 30295 49679 82962 434579 146939 765345 578428
47017 376934 180824 509314 906579 452069 620589 702262 946459 103659
456628 407984 203370 372592 536309 155178 697884 350354 994897 91382
501375 280227 1955 327169 127628 610432 896876 422541 93265 985032
144781 598763 135305 905087 460197 346587 285916 254879 77858 964077
694307 751455 772347 630721 659565 431296 509974 864534 380354 730253
493044 147915 696195 246910 451163 751825 744984 423842 371218 928320
884262 327029 449241 6186 111720 136680 108870 764543 726644 786965
646563 592006 104917 750189 933131 134215 287399 301589 735572 997629
822488 649082 945570 334896 313498 258515 890417 872202 688466 473006
448791 538592 274550 587112 923439 985620 431392 726149 437493 325235
533197 150686 611203 988821 736381 309020 33443 258484 504839 149157
317782 866891 282210 719625 177146 473487 441860 496074 453287 754250
304300 406493 184273 336290 575216 379557 349953 611026 694960 821905
218147 757131 897518 708415 195907 617047 711955 651629 971290 744146
32103 645894 551474 595752 868447 199065 479485 53468 971324 317996
494872 389481 906416 72115 281006 170109 419632 646080 393923 831993
97292 269144 937317 689371 728448 407027 15698 444117 769608 405548
29126 769461 361306 578558 187326 92673 371804 864020 363909 819477
16202 490933 783765 715256 871019 195036 168025 855840 707744 119250
561756 243367 96832 36908 535253 950904 674973 413774 15005 219140
199902 558010 790737 762957 172018 268647 618706 276921 454378 256266
859909 112442 971384 626003 851424 233528 474510 775531 526871 919259
842091 192811 295416 126398 410863 688533 615531 473397 636238 846131
29319 722244 897294 311721 192709 322986 289382 181082 802349 116423
97812 931504 86948 42674 633746 897646 769074 905265 499598 6114
415862 425215 775856 321710 575788 437075 201131 574816 654404 362305
792202 673946 416338 264019 527455 498616 863368 518148 370409 951411
549244 501446 793064 727502 137668 318074 116299 758742 126048 155510
448750 113279 921372 733915 893565 145970 734888 644079 764205 113295
807792 888013 981564 826334 265279 891038 283878 192799 876562 519018
334293 38615 416136 88174 359661 29853 277662 458963 887184 82942
984016 409239 39147 811633 577780 194923 122733 562874 201010 271902
427383 74273 669943 448198 488212 387686 276994 5378 872165 402608
837121 206623 204115 634141 528551 97978 747411 994578 56593 143994
20094 773997 739873 128665 75161 803497 734527 868001 226386 3489
974261 819473 10785 897975 252926 410084 873976 460973 645208 947521
432200 173465 134658 745484 452527 15821 976178 406098 761814 824851
173466 510033 864327 551943 835285 739943 894814 259534 764851 880988
891982 388302 791958 231131 278893 174483 801453 506117 708048 415748
653350 375305 316189 117266 939486 216825 929068 349234 517332 627419
411928 345385 179776 960566 717014 826842 393234 592636 757047 753864
198281 440393 589685 248066 998215 587823 406500 78958 734342 815889
104102 305631 834018 163074 137737 708134 97366 634952 367957 302735
571518 793328 223611 404829 561613 231250 544618 919491 884740 524695
316702 314716 423328 227499 456898 760757 269755 555843 62851 550628
614428 629510 469938 843003 59839 407530 696938 975184 135579 944026
95861 61967 652945 992995 987390 967570 454214 93968 745836 531506
849012 266352 605719 454014 822341 730043 833803 478574 631829 906134
963335 175190 273897 109864 896687 454855 437445 66819 793056 183073
307115 54267 675724 370521 626293 126674 548451 569468 636992 792175
167669 462792 123560 514435 950055 508556 11600 50036 821456 550056
89298 707274 35100 106615 92740 329534 976461 703809 471627 386567
732103 42618 499236 829929 384104 541414 823802 280376 455971 194083
836914 875768 142354 594488 119139 341602 89250 864236 751298 882694
948198 673096 281820 665621 303444 307199 104488 251249 304533 834330
892037 220743 159812 977486 302900 62275 977556 612487 684653 553306
532217 106411 574291 174800 75877 255274 767473 657213 235623 647684
416017 940373 912425 242133 713979 95980 814902 802463 221442 172783
701875 582294 818249 58670 479568 939904 794044 121696 807311 681526
488170 5921 822048 965364 191760 884780 463445 383758 811477 638967
828907 952376 499271 765627 179947 640752 103679 476572 903266 891250
393955 451492 734939 474228 347028 536647 369122 22338 747168 419690
187092 562128 728583 850587 376557 83972 100422 264723 379029 182578
935171 728957 87970 235460 139460 282745 939215 957694 522961 132109
344785 116704 540984 106379 304549 8470 282757 162879 653587 317332
388721 496799 94172 594594 221877 885954 900344 819034 104351 698785
136584 580930 92145 827378 995538 1238 631089 272053 807546 561725
958558 351555 313732 672375 963722 693063 704907 116049 297344 539454
172952 85109 392340 961798 296247 187976 757555 832963 115029 188096
68696 261339 90490 431436 875080 423486 375029 789939 829326 411994
408911 664486 4086 599795 178275 592919 524674 743537 500086 64303
550129 24850 122434 853565 536726 823347 397677 526791 970427 258083
593447 240016 4784 253243 887057 59694 419393 846008 58996 178726
174204 633777 465692 675624 338647 34857 448373 369133 4926 811662
234982 970530 765993 49952 389525 621689 201721 487144 133665 213359
595960 874786 858925 15991 904822 995753 300838 92001 475951 928027
210423 3700 526154 258837 468683 757382 221740 595485 189497 758650
432422 985548 148576 869936 679191 240877 294880 153551 869104 64396
872392 332612 256173 927077 162370 33998 926625 75657 601867 665185
929906 498859 528256 707814 694860 176786 423655 73133 764920 787455
354648 757988 270419 948747 308119 885804 572240 905719 818404 485345
676852 728173 463873 898171 515334 257083 144262 669495 276293 970869
88941 765497 167814 305596 340840 523345 797485 441328 19880 762551
487885 673912 856976 491411 83914 853222 466982 795649 126757 283157
693797 799329 23665 833044 153942 642571 604201 653268 290604 365583
467360 400335 405137 397011 437266 228925 54757 853144 778303 312749
884445 511453 453485 617254 933909 548548 589799 514278 559606 147446
215997 564358 874293 322864 705068 696737 218021 509114 559959 75189
530637 958707 804635 447666 897563 625144 50957 840848 745067 695989
939278 133094 340355 611735 727723 641593 977677 268854 915134 767370
195272 185144 368959 771615 903411 961600 80110 912717 119926 93464
937713 11711 333382 756053 379733 448607 655567 418829 558878 592128
132195 58532 932401 645646 794771 423365 673941 167269 761524 254880
564027 983221 35781 801562 65594 167271 14648 358177 605520 789622
699683 324807 861055 181434 723127 514271 435022 440390 94064 268567
602521 425419 321332 7066 193235 718756 101785 344508 897904 492112
861838 973767 567570 431948 603812 313036 326632 80010 411258 467306
328781 169253 101946 695564 437526 220311 401975 606890 375994 384932
211282 46405 233503 549201 793992 341623 137581 388989 996920 592087
139402 233646 777890 457900 786979 783089 617970 709823 606710 703869
418144 575315 577929 835829 27266 632183 997925 258298 690281 233989
160523 568763 569172 305593 136494 482075 679797 322709 4974 906640
325510 896635 752094 838263 548095 704691 947968 724104 351627 7118
818489 610759 682567 504 500001 938584 485282 613287 77711 22680
323635 324054 809256 114884 914573 364415 548692 139342 363697 333887
648499 406179 416708 660698 586020 283741 366778 813767 17214 799164
366534 305654 167670 99348 943808 105594 847574 617130 995806 551312
189023 209851 53469 931786 855329 655599 350209 983311 434817 380465
574983 224488 62700 397450 512614 232262 355756 995909 643242 611990
860950 989479 63943 64657 85807 801192 37022 390982 754672 619535
628395 255874 857977 786932 111330 48349 801762 644549 996648 984423
800245 628375 756259 692789 253966 88741 387353 363725 770923 178322
706574 941349 472283 836883 414815 802088 254376 717187 448862 735070
502067 551030 159473 564759 936641 932455 647195 104027 273678 754605
508874 843260 525070 966062 625884 938767 925053 212072 341025 377290
933015 503564 250511 94801 908156 591793 786394 778614 581424 422076
684574 820138 981224 393648 723834 771100 968002 306608 977714 558281
284665 424542 231931 643963 547342 956920 319847 757125 933905 933684
314265 369963 735087 557215 946309 863598 9859 582202 376641 766261
273795 748215 506049 3837 558115 301745 318628 226062 406915 501670
324149 734142 497703 171268 371078 36927 27850 410244 337549 801003
914773 658213 739150 790029 643734 441005 724014 994955 348197 427478
82148 356258 748343 858354 770775 796047 4040 286956 657333 453647
302304 288367 843414 749891 810324 153214 379466 558224 99806 496293
860130 118994 497914 77014 760824 438959 637321 860266 253810 929878
374792 386281 288786 694520 88623 265154 697880 984826 399724 962098
919958 589189 498223 399362 486036 596218 910875 913999 57844 801124
957608 624526 499740 927738 59208 577345 27599 879015 52400 790446
893182 195507 826637 276574 621531 617619 303194 832770 388475 216622
942749 409617 700104 331222 480191 313202 764439 552830 175016 418928
54876 755535 424713 921302 971328 39767 297866 259918 166081 766933
503719 388403 261721 980407 689003 531323 94082 171817 308673 428640
772615 20887 354756 933442 200871 631611 340238 380714 72674 80875
113037 306883 657973 50927 96493 615843 842243 481484 528630 799383
703484 433032 988986 932785 793441 945259 189699 676311 815414 537056
369030 366315 896603 750131 809841 669841 751675 324107 306056 864738
816337 449977 925653 760455 229384 569278 499984 662646 253332 924093
793438 102263 492964 692052 123951 961494 879543 483413 147852 353475
796139 86448 549385 579773 814092 642756 94115 743342 716164 317070
2614 723866 561802 721821 711418 68744 649615 131939 698087 768374
386467 963409 518884 630294 323286 585808 804310 325805 760961 545234
976766 280045 916393 481382 311183 894115 410955 453542 855084 234614
181763 387294 744907 871357 976513 418188 352868 277191 757322 101119
665457 159779 945393 317065 446479 503789 279656 326364 85590 180951
181878 622972 277317 917152 524302 766972 103494 424192 641591 277568
334024 120583 903905 800474 777518 163436 531200 39676 634693 169494
430986 462867 590124 387341 68501 937794 257212 242253 104985 7731
596005 936536 509271 80394 21568 572695 590316 564176 510855 511613
604578 839662 803025 689428 505707 700871 148934 155822 692109 392423
985233 547032 946877 600363 281292 156192 272009 526462 123563 899952
382337 758666 857999 73435 18585 495330 108845 489875 165622 3100
692641 931331 27817 70890 328250 897388 118852 444709 631998 498673
214926 689396 693588 170442 417538 323732 667160 59305 992683 720825
695382 172247 698688 741093 798014 689567 370463 660889 534081 223797
552844 458393 597999 252032 755023 340384 729203 748553 552784 567190
467050 263064 143104 658246 557549 404248 917376 179655 529238 335419
631533 93260 165572 631053 996626 891913 738706 752067 301808 262481
932318 188527 283924 312330 954498 514160 803642 664286 576262 367520
186913 62069 202338 84835 188968 915762 196308 32108 434505 91277
558564 370407 386898 164990 641851 380943 885280 683020 136991 254839
987893 335388 694796 536992 257403 575963 282784 281756 497017 866166
183091 30234 803783 305855 876071 544947 54587 251815 902257 705420
80570 556514 507182 137502 821870 694968 875897 985833 942477 332488
668910 638759 426134 199586 420145 341351 583529 602933 700636 527801
643579 515389 392199 705366 582264 133847 307619 818853 534252 564778
846712 572859 134885 173161 469656 505627 538677 818728 837176 425335
244131 710910 255699 657982 253996 653208 219623 889815 114333 22954
595779 110437 152888 830405 85763 884461 448505 485067 169838 694629
917949 972606 633207 34556 787316 449337 801864 984467 947007 591258
607228 174911 567596 82986 60803 883258 951590 56895 626565 483275
659505 196326 29983 517294 11467 559004 478392 936226 631486 17260
647137 972141 587070 418040 25022 25057 928241 107323 624034 567285
512442 545023 719363 532887 792088 955790 17619 912683 469315 851983
546401 80616 473837 71963 49039 125769 87347 727925 505298 462293
214959 161532 979235 516058 625221 253891 916456 960841 589013 202018
666176 523133 120327 698790 711361 590310 205459 669439 513043 501937
787339 586259 757671 722805 540293 962144 88115 212100 219192 157861
564535 289428 579751 859067 595737 490957 367931 556526 594780 374411
756801 87000 528700 753860 138637 517560 773030 167064 267133 358045
189092 867662 239148 65831 589510 694387 986283 914895 664033 397590
369186 272161 613316 116478 223851 809664 214166 252889 349620 228456
205413 389262 593936 386936 734263 78407 651039 412310 971942 78461
499948 429436 645243 956857 287624 685874 937326 838956 359812 13876
249333 873564 991873 410414 13579 899474 872005 600503 696892 637868
547059 551934 988016 857041 363880 478899 432657 450924 986257 97966
968677 376568 947743 408869 804513 169243 437524 165530 81261 543176
630717 45225 842605 853998 354544 386603 452423 291620 826870 201142
846711 756896 252172 669347 327656 606816 150825 135068 36070 588416
446373 414591 849722 711532 657069 957367 458847 613461 691929 755661
61249 77524 653238 731811 903355 870747 235568 765941 184554 428985
891236 284744 545048 138990 615876 96322 426846 80256 556640 936678
514060 874291 5657 891849 293886 350259 806326 78867 356605 674520
477419 809394 930195 76816 733801 603789 39053 68990 494289 10636
888651 622564 715225 605199 995559 498380 508544 603164 233308 324535
978043 318029 506604 384719 265649 731799 100254 400261 689476 594222
560666 39522 495352 405276 358459 656790 184954 810958 871853 123040
672832 319249 300335 88661 826548 223482 744671 83056 759035 538350
547289 463983 146416 410145 834905 554996 687347 999766 65670 325361
227506 471248 574351 11606 779351 145605 24855 141999 401924 624374
183646 60077 601832 568182 961551 616541 42732 544614 598362 462669
544440 621821 690730 548134 617919 608479 992530 621584 726784 263303
316105 382143 934640 747734 281314 943063 408984 377383 879529 967213
78135 396727 471547 857280 757304 485435 570571 614451 486391 203340
285429 527602 311321 458234 907930 560689 214453 187077 761487 20933
202340 55649 144218 85371 507240 954846 742160 213342 41032 258181
499727 740132 997122 487639 716206 818021 555609 125994 511455 904214
151849 970467 294919 879492 176800 750327 265322 582154 458259 26232
512499 604185 190717 998448 307388 215104 655991 230208 520756 316965
262604 733005 121739 731223 461409 44087 773014 11536 900034 916237
745938 184128 612021 832028 581950 613017 711611 339458 384125 495886
644219 784479 826950 519354 694397 3873 432017 507025 10852 305219
234298 385885 77185 544905 42855 713616 397977 69624 610550 799769
170072 82085 149014 482551 539294 244701 869922 912482 909734 357005
17785 441997 665365 892295 864782 153883 110231 494810 605506 849508
227964 139536 932317 450853 617469 777011 406068 562104 306858 583166
911953 833382 693969 855551 607864 823809 686915 725075 167745 326052
785662 343230 263822 574301 275685 330618 316816 41805 870190 207221
633789 505207 127743 242347 27803 62224 610083 733284 35349 937079
571690 134452 912670 401463 446213 1510 791553 338129 178355 603257
508525 508209 989460 645643 486953 12587 347559 829571 536490 628862
714539 382591 747299 39905 3713 230171 28376 190027 932076 428815
387439 426740 797668 902837 736306 819048 581077 409234 963802 105199
672837 525720 434555 110279 544070 522475 880114 685866 423828 377239
894463 692764 496561 259646 500587 864948 197211 261631 957798 491880
466467 717796 425236 588955 339135 521105 312094 333513 669460 20520
167755 278064 978598 212741 305823 840750 483817 580623 804827 79713
868476 933642 786316 844971 315563 909093 760447 620734 161110 635267
701265 612900 750949 467207 19422 159294 282062 840913 656049 815486
981371 455794 909535 689612 214607 545581 53573 183306 156989 899674
295815 925786 70669 808880 19721 670932 971337 622276 302567 853774
451695 264928 855908 710330 69107 553797 582932 711755 976500 688076
710630 41167 818432 775620 891929 410661 854334 833675 667068 756213
600912 740686 792993 914099 559527 529098 84273 821475 38671 618990
568855 338720 945728 606628 905671 363329 542217 434195 194828 725973
7129 336044 549325 479500 838666 548250 711399 333856 854209 255255
909378 517599 512013 710035 94126 307337 291564 941446 747891 300100
839278 525057 524691 457607 672153 526277 136954 419593 434910 878070
738723 41141 135025 635476 30173 819242 974631 472471 786886 780440
93594 658709 405561 351993 321705 90842 713105 751074 729514 623156
282798 505692 195276 700075 406832 484083 646505 719345 13276 718786
786685 566401 876718 517283 706219 681807 577185 496581 427407 22148
536792 95494 167241 66169 278828 631423 882568 284625 460780 218093
162072 267385 541804 796484 652794 522863 84107 534613 847150 578357
351190 455242 311711 174796 279929 897394 81282 331684 73788 77965
474104 898441 923593 712026 799654 377228 816084 452821 671711 603537
433069 583313 898921 722559 336238 483840 898331 129976 829867 757154
126307 714895 238802 951316 868149 353013 241982 843546 522431 678670
19163 524208 356524 765462 698842 153450 584045 565866 988949 564269
470853 639831 816684 266172 358081 730487 476932 237034 768011 726151
564819 303797 110801 41854 449453 822596 301289 606923 225127 985117
326777 814310 787139 703237 967595 472110 243517 489867 440252 290001
219793 325088 680074 314740 660077 680798 47015 788339 121527 282549
992065 64458 567383 608861 796786 192932 278927 532954 546431 827307
391852 487075 318666 851468 609282 803651 154054 322787 862351 673309
735754 414755 194413 433223 226800 108283 752527 334061 283014 493162
503669 55657 810272 46997 563587 516386 260159 372473 96043 663609
918463 916502 637848 336144 766056 771193 458850 133649 727171 90429
972619 463226 453817 896410 228395 580996 675135 555816 683414 848655
894468 254490 517622 312408 561826 722914 838941 87890 192209 302805
397205 641922 489551 766328 341301 594628 299618 941564 365288 326312
707792 237638 251752 120290 231580 233823 889638 836501 598312 931759
665653 651224 594446 794666 841888 129692 173150 458304 229489 121577
814231 447170 391644 52599 601252 735015 245917 504657 350927 216638
394754 616396 924636 885322 428678 964869 256719 77318 519983 443718
909827 239656 40172 201781 114800 538697 87090 39136 507909 731013
76768 108938 11626 494835 749215 74317 43008 250246 330167 333449
253729 218441 897693 186826 141942 985975 647158 912791 992588 720699
772245 760437 623928 873140 976664 488482 962105 759734 164863 826558
795663 366837 307290 394522 335308 300939 291392 560749 121143 732187
225200 462157 118073 370372 869822 305828 937249 120825 329372 208324
99859 897611 657075 290974 229216 263156 575552 828469 20207 853174
956238 742302 575598 852905 41189 808717 863636 965238 642360 343979
969358 30092 595611 794 491879 965039 701614 117718 268430 772769
37723 749733 172562 957616 770527 257980 639983 633480 966798 180957
971072 606614 957856 43895 784841 210080 327845 67400 578361 861833
655569 59923 325569 187836 745826 746924 937755 237406 951726 517179
626721 169249 426500 48294 27441 162458 304259 527727 396488 588304
684315 58934 660276 897641 282111 886297 488364 815806 665422 518048
968879 375364 543035 784231 766884 722976 896624 529012 647864 96420
384314 278334 381507 233769 767416 296431 25137 656927 128862 526651
555918 145360 125668 41694 14351 669132 986632 343019 700527 615892
156410 926594 129557 379797 836263 519593 250056 990656 789337 679320
555336 761130 786854 83252 637126 110360 720070 741293 288072 9495
364950 800382 984780 881920 818492 828697 132562 188776 357534 49699
557478 685623 727541 917669 451474 448105 354841 543373 741916 605407
833664 941280 270850 18034 239914 471932 317842 885362 103963 381625
408465 565944 565228 721409 907300 191555 297339 949710 925329 873493
103314 19729 985712 456744 39681 567031 912269 114410 848045 952381
968881 430764 145251 612297 459120 581640 598006 680632 493456 372171
147002 883312 982225 229629 839039 987616 409715 60649 332597 61541
710861 178256 182130 711815 129523 992446 555763 537794 879023 593330
215642 576402 109961 869738 28947 456952 110932 517898 739728 523367
424418 749255 810221 821099 693664 368927 811665 826424 926927 348176
184241 767150 707684 424345 670157 144709 983985 148776 388232 372994
93636 511839 165091 751612 964228 145824 659921 361857 668704 946799
531252 249094 87935 86609 969022 217344 143512 623040 403215 430582
841074 147702 915979 299408 676292 411455 756440 75235 282691 571664
795843 113166 213471 888859 211200 959906 491726 430378 24736 423571
617999 303099 536902 222929 38556 517577 825756 776120 309089 567577
86897 7543 386191 449165 423140 344704 142180 850999 428379 737110
45605 556275 684357 468730 141822 38317 875969 274635 592452 338058
794572 752031 280830 669863 836907 645101 674763 833007 682202 759067
525450 977888 309694 934537 956872 661105 288229 576097 131494 781543
546042 487319 840976 497830 190763 683455 498562 372886 974194 480060
287476 109755 116556 860173 222788 361653 195577 511932 109827 19781
74925 982894 187 232639 879063 424550 412854 301034 592249 659527
630301 101808 569772 35576 562800 654720 591411 836012 240846 470559
257221 770305 300703 809563 916574 194768 180635 806000 929121 283190
76185 499874 764399 68020 225883 327987 98363 753439 277300 126896
302844 112385 16157 174178 374743 710837 284646 228998 253387 736831
19460 609421 851585 305737 894225 922731 161320 789989 613223 161286
26376 345217 839639 726175 439486 293700 339059 345877 172141 244915
931136 504136 690496 84694 279515 521062 199882 202588 791113 514844
876302 42201 910366 320486 705044 125568 824994 245061 298654 92128
403980 974933 835200 574383 631604 863438 747447 768096 331242 190480
406232 371889 609306 813447 297791 393015 826045 752435 354913 866052
137295 459850 237487 140331 770266 798876 243423 447097 882352 810673
918547 304596 681402 65875 270828 13466 751184 996093 358971 324298
568568 333549 852501 978888 729974 627262 112998 695136 754596 837681
688993 768296 782368 23092 859797 941947 147513 354894 180736 89390
982529 198607 983624 40224 346936 67839 668458 445532 368985 305995
480156 552675 653549 172927 582380 2779 786613 955460 565906 338862
51363 886157 745398 494005 992868 283566 121501 493444 996601 78447
343348 121815 998208 105254 472872 511306 246560 953088 301265 745047
439168 42325 539519 128402 347224 269703 311489 714078 607043 377461
561093 529869 766136 629179 695522 298718 899619 395403 251036 489655
283567 985316 35439 72593 327184 718063 522025 390814 377433 60289
594750 913024 760358 388810 905740 346418 158738 940216 529138 534175
188143 585495 794737 459283 141813 797046 249986 139371 616790 561498
274638 517198 479800 773302 435319 328361 501237 542541 371765 20086
245598 199428 617547 720892 362747 870339 555158 730977 447268 477984
964422 580893 509013 663688 728504 945941 165766 50470 727284 560859
656714 784170 703151 278732 553375 125170 938424 714145 929491 580992
779995 178416 240712 507064 589156 115412 336187 68809 893469 247692
484 786905 987373 703213 490902 738315 74703 520242 473196 727594
378695 264751 392978 19550 808683 489683 290228 159795 960464 171543
723421 819917 280209 799554 646961 275377 365705 54878 219877 321048
586265 391722 539944 387888 920463 53412 265812 88858 224932 591449
159616 167761 324913 339038 76661 847358 876186 936635 103768 756015
660974 36672 853205 742498 326038 16467 438474 782401 271881 953925
160283 271508 64589 95420 628369 674414 458628 702504 363371 596327
505286 160483 234869 30238 885076 419657 187261 636959 96847 847607
954859 862856 172698 735159 864524 648454 821465 365957 476023 895865
408536 311159 860313 672 788132 486433 748068 934079 489018 624308
611159 141215 469307 122972 342628 300027 258003 128172 502864 347954
893777 338441 555108 469324 661863 335920 40341 564885 533635 699787
850118 472401 112265 851847 320409 60238 303471 422701 30499 930135
80577 35613 857866 229438 963316 279846 478196 646062 21642 636827
779184 36564 378841 186712 560087 286854 593282 524278 793549 863673
949225 155177 491363 835763 284885 539252 258321 542913 924794 646671
264184 259728 486259 218249 526908 502818 532655 774673 360863 380170
468830 38866 913639 226029 189762 887367 589657 98674 109543 432863
188964 372888 803430 149390 259072 855694 904278 780521 869648 398674
101972 412958 900051 195509 265211 604318 143754 807979 951795 36646
750298 205521 642369 124894 301742 501013 597135 397432 463764 127573
796713 754122 980110 246581 985110 31406 649940 999661 592256 62903
856469 32374 900579 417936 160035 385114 359487 793983 195871 985938
516530 427541 656012 166339 545241 762552 375790 41925 310919 853979
863905 253644 758298 95895 309466 738979 202568 898544 976439 599267
11113 494678 438763 784303 964039 950201 305089 301825 687690 239145
797831 542390 956226 887567 272897 353070 861954 965994 273569 828633
603527 702113 392052 866013 877042 570042 14936 966401 397230 43724
171241 643364 382328 96770 510587 588699 300761 999436 743235 646988
530558 224178 773860 632802 424841 601174 810587 538107 390472 122085
763994 139586 255185 931827 588692 138900 5230 869767 137356 453237
172564 21049 751542 40816 854950 374697 265857 530081 759753 438513
63401 594035 119466 300451 573146 672043 241142 453 813724 682221
712789 268116 807751 860810 320433 415864 64884 201040 815485 440974
932517 968514 234491 214464 46369 658494 353972 567085 920673 50653
805943 992967 892372 422120 385978 514162 960971 259262 47197 260091
800117 810834 841294 397909 770582 171176 223975 246032 35470 315899
714706 542770 842508 278466 214151 572553 773145 776116 392325 769115
365984 404804 870004 832539 378535 649146 533954 147627 53885 486802
71402 270861 535189 396500 874691 4566 121522 503638 217288 39888
947879 507239 452150 173539 627606 458455 940496 420162 925601 723803
807545 493413 444977 694431 495988 694895 51609 789020 599163 247995
280262 763034 865162 497459 353927 634639 504744 47743 759507 42723
682275 782174 428252 947378 264452 356871 439329 521065 128430 929980
574673 43372 872379 828599 848835 520118 693103 861597 907079 976963
417125 887878 893663 922904 407406 151002 914896 853342 482953 894437
286994 539959 146409 859905 305621 209515 13717 210498 104111 995277
691431 931365 62563 326059 655591 956434 71537 818764 12057 142209
520744 952990 503015 574925 906696 663527 998439 265189 9181 933880
546352 2729 971128 727468 683152 280056 889935 943684 940219 401179
791799 980668 926634 316425 156822 884803 219109 296819 923972 807279
4762 894191 732760 110158 246058 846936 478830 54037 114842 224984
67781 942972 419452 935110 79011 568626 614027 275711 841489 457481
766156 864694 418902 263243 443956 732015 560507 671809 428311 948123
667988 387648 689908 650003 690332 384921 831737 303878 636537 219572
996336 155539 180596 915906 232434 290227 366227 18792 451828 333613
74128 860602 218049 374100 253439 549140 15522 833414 64177 112838
231059 46840 345556 647480 39351 648241 11490 773940 363167 804597
24373 418899 82630 983490 557650 532553 409865 548120 848540 668547
543292 800508 747861 574283 256185 472563 931009 374750 931868 972971
656607 994216 245250 250762 116537 596493 873424 420037 912305 745535
587703 361438 716939 237865 874321 452068 307525 458768 302901 16564
783354 2319 105872 640438 630559 512818 541798 762682 152109 743516
424935 235386 914722 719644 270488 806039 797108 421851 858452 740430
752604 416904 925132 757563 440099 58684 174500 701266 769213 744574
387739 795988 171696 863067 996946 800920 791549 291320 982264 231022
192124 278213 558383 92161 140508 957805 377974 56277 658785 307157
52296 540643 9009 204673 732804 666720 258706 222190 312701 324286
872732 520053 584072 719581 167139 386359 185858 399111 911305 504630
265947 878827 474703 263149 163596 901415 948568 767060 964075 562815
731581 815590 84083 122712 695898 931844 266995 399051 921152 692469
937029 60081 950851 235407 622898 52886 935463 318966 415283 109061
99004 5874 319320 703400 909086 696908 496210 891403 215351 602269
276506 466772 996388 453747 767937 203154 512783 972216 545445 575918
310614 276616 979155 503066 413412 731264 65425 302515 972002 963529
372629 538888 311080 964221 30306 454010 978406 398929 358539 528839
241570 921953 89355 239106 785615 750306 656519 493876 68389 706724
78367 578878 549373 592763 216402 373088 204689 648282 330364 959369
782258 669034 489231 182522 161104 658934 370227 499690 446742 209549
756799 991981 393731 723887 290240 811961 218150 982806 191806 370401
639844 505715 618863 173603 848145 478818 839035 235214 583634 972953
766672 390979 227725 872681 907736 629552 698217 482864 738338 71118
144540 942891 286996 587486 4564 823786 232953 945502 490098 221596
636425 7282 392494 164293 512943 830319 161353 27683 38643 271616
76001 666940 945179 795508 319110 832282 518229 437004 549434 362717
573061 977812 964957 222 987127 503711 157698 107766 105584 147025
661605 171070 819963 888065 506162 150884 226797 30610 943071 710534
414088 263445 606223 485646 718379 531498 871055 368851 337261 371844
87388 803558 469570 644880 411692 767209 702013 201119 148566 898464
739804 289645 899801 474181 765844 729718 342536 65880 667889 714884
217875 831797 522725 448041 228682 569770 870468 769376 820652 248490
447533 841176 973523 320755 65626 415075 480991 815352 802834 74502
267770 536191 802362 848855 562006 117936 153770 148051 882639 752743
81510 14331 393671 63911 513793 631097 284673 352849 363019 998367
919967 150040 548104 431957 496416 160257 373536 969286 834877 556136
463404 386173 439119 1818 281423 505909 855391 457583 629816 747992
880821 624550 819871 186093 278549 186327 828913 563437 357558 293093
809931 449233 214275 653842 468642 431355 369685 268826 337044 897137
966704 643733 286309 427190 735534 956888 923898 206372 534307 971136
931754 7279 640499 937072 217937 79027 941595 628928 349352 829354
11187 975906 679589 701912 257359 714171 118574 690020 705660 965743
430933 330989 35829 124604 79817 925501 499795 215921 463412 298886
842578 503888 43825 144167 924363 484760 293067 644100 34460 446814
446397 770362 784370 694524 420935 204852 53898 757640 62015 237357
231554 792251 939834 71466 214434 192048 598889 924172 610345 148951
36423 759548 7196 378389 507732 264765 634931 275660 988164 150463
74755 889723 763708 40802 176957 784463 712760 851821 975689 41774
594892 109290 195827 911484 204977 373111 463034 972903 161787 745546
489750 211392 2510 849507 987096 275877 952634 991450 768084 234487
311889 454857 175292 989215 42627 983583 609716 350585 75692 65364
950883 398068 762010 227866 199 400435 995738 760101 286939 883741
629390 482302 778257 477480 586473 566410 757838 981100 508609 585657
489953 556336 134405 53128 907580 88820 595114 652130 226662 316373
386384 44990 455056 157942 882874 396001 593873 250426 218369 447593
720572 264943 535311 440145 484576 282456 575914 779197 789007 655204
5541 20303 635371 994355 217879 649160 760760 575571 652079 765636
667505 256270 489629 995938 6005 656184 598663 563711 161654 917782
360341 667666 662267 47223 784927 434755 543510 51348 851516 679384
812388 452500 395377 958901 407131 671726 561552 581048 782597 38228
298620 983383 688720 246740 839109 114580 183085 284908 661792 529100
266346 610329 967504 491066 583211 633041 172253 905118 977882 760909
254848 767628 926478 653177 219176 877017 206203 185973 61036 652292
929315 180641 75422 252225 182582 572438 119808 101560 248815 784350
266892 156648 345567 999508 378337 469042 931135 929579 736433 783360
345198 272419 509552 565378 107865 948740 107361 765273 4840 370879
384302 820899 427171 483911 247892 684883 131522 254917 939028 615491
306083 470036 33785 857596 24424 198194 159534 24676 712601 403100
63755 121494 499869 274936 243501 839477 41603 337526 11895 190333
725089 871229 77178 7209 466789 926475 175171 458395 775778 952798
148816 975086 588649 749790 413346 77101 1530 743089 484023 110092
168054 985863 29265 211417 683081 522035 753468 9823 727902 848640
763107 567000 438658 842972 76383 526324 323461 858512 419178 501869
431953 869378 432415 404246 273591 268235 436417 826017 464932 813499
228160 648433 240234 195112 255710 629519 621109 696888 284757 578884
708329 575065 523358 679442 762910 339804 824909 568834 583117 787733
896423 162285 483791 285189 774433 509308 306850 122241 430149 992693
273032 582241 84944 770552 187289 127309 70156 593665 625493 51832
22825 932602 906793 519627 790637 151761 634366 422337 501496 399796
256221 38666 330934 817452 47045 370446 385268 103447 586619 112062
829311 932720 714633 511869 186113 845557 379290 638233 171114 754325
723316 73605 447161 232535 307983 135224 780416 834114 85475 193961
401777 798265 918564 288014 719783 707292 184853 534439 30299 480158
947613 582137 556628 253773 530681 47086 675552 357072 53500 186474
335444 740308 397685 401307 67849 298119 724618 674918 471366 31719
189321 37759 993421 297882 500843 466890 10373 338349 713148 636880
973665 722397 682937 80849 864604 57248 323402 215580 314647 600759
661372 728460 7194 236124 470607 173568 496161 659733 560107 262136
222366 88458 249188 19430 891005 174680 829384 681586 166508 132861
393103 203147 77137 779923 533464 932551 132678 657734 821097 66013
492726 511555 489176 829118 868003 303466 730320 988632 416910 892622
413483 853458 296020 845955 562878 442244 588713 854247 751622 610606
333674 499818 133028 372744 25018 950941 901657 745393 870025 737158
556285 895624 171572 690405 598781 92694 999596 281221 815258 50391
70520 687351 962207 352955 303405 179721 527525 879693 860933 877121
813874 219733 268865 716413 436910 136357 232846 722448 862224 788108
820430 245015 810755 662152 989517 439204 810048 225210 19011 878498
544433 449323 587833 304478 893004 740365 623451 32330 217943 575228
587113 243436 469787 829535 44985 238283 871144 125146 304473 171363
963967 592093 381489 999637 446341 922530 873788 177974 570123 408547
829614 539589 892734 826284 738299 364758 114990 502877 646276 342738
328595 38364 280488 27821 954645 879117 565342 986675 101827 930448
644620 438310 242425 368052 267637 801551 11491 269066 504697 468530
327866 325319 928951 867400 249367 96619 114036 433758 617634 158398
928293 689528 218176 379917 954133 44430 324165 369427 614406 473349
505432 624186 830196 943119 190989 887953 56011 333017 700099 106847
737529 182715 810943 330503 16156 320966 675089 736525 267056 625295
16977 195760 505429 399359 390164 228357 545710 586146 788391 625078
345142 847859 429563 321206 609017 941979 161597 38053 892560 715165
868524 81409 883091 356804 259883 77007 913717 434753 226569 98611
257559 904468 23270 359710 886218 506044 755741 678680 947363 195794
591873 490400 592533 184539 886925 150868 119882 570400 7763 38456
373540 83453 826694 316745 725882 718734 205445 68631 728184 789841
52022 936303 14549 627697 357788 644379 169471 581743 903601 49715
138048 485909 781230 419135 475615 647676 920726 81110 487733 706000
813615 233522 631168 468459 21184 297032 412790 835660 200063 460634
901985 63820 255150 633964 404429 747214 862995 373464 286891 489826
547193 706137 345149 197950 354298 833940 137727 969811 563311 20641
132585 358949 33421 142378 130987 476174 898840 423572 988400 576680
916010 130745 841425 795828 650585 840010 449097 183993 659974 715515
76833 176566 74061 629892 799212 5270 550834 167915 383678 692475
483129 507294 367908 371578 869025 579378 534789 747111 382587 317572
77117 665167 470038 187636 345207 186923 790359 705824 255523 216836
846820 245929 691247 415274 565334 829868 245734 58003 163821 864419
778268 140917 774493 21693 502613 486115 761230 911900 290435 586172
249624 67057 681714 349159 525236 230261 809443 724173 786943 915850
62711 56723 826951 654743 150137 76924 88802 146285 949977 116620
128362 187596 728905 601638 883015 646996 799246 506720 271208 169058
511942 550115 663977 620472 911738 719832 57071 94862 998057 671090
385074 347133 758407 195665 5807 532817 763368 683123 138309 415880
837296 428911 619584 680455 853764 249336 473229 247602 647499 875936
244867 662442 950599 267875 216139 542001 29497 974429 632843 525736
935061 389672 552602 358968 371106 458530 348283 611277 281167 527927
326976 192053 871100 886034 376323 62581 103656 821012 943887 887147
69666 996356 729219 983056 508363 765419 795816 201139 513098 410154
846669 681077 257870 806417 643351 556805 198707 184390 392529 35626
253506 591241 74204 458732 483681 780228 156128 414648 991616 986335
820575 67553 963796 607511 677700 110327 44496 901240 884140 554666
663515 138526 600305 440353 207036 8408 835628 8257 736167 918130
859460 206997 452019 899359 355948 42821 858683 689380 964604 842057
459551 635291 949755 47446 829035 591790 658287 740842 458002 152050
843851 602655 493010 10869 215069 359832 286702 219870 202520 934192
273781 168768 294705 987955 658235 961671 50430 242944 226692 141272
47247 359246 256051 827078 96107 607569 867063 385281 190790 333683
33441 930528 88403 817998 852554 183908 803645 889656 76016 465083
114717 911310 597788 557304 450942 426406 188900 751561 871622 348863
927289 131603 656011 169415 936882 30609 544314 438682 890243 350698
501783 865167 517605 112990 805329 85391 846328 676177 182017 602877
602962 757408 842864 743984 256435 116744 640659 559877 284930 686251
113416 591586 184965 358969 58472 851698 629245 358688 671229 162233
451909 823456 950037 282988 492472 503858 261021 540120 334764 763155
819320 533014 802185 244855 381253 531968 975449 459379 770477 953883
520068 598012 360379 67638 338697 735552 924804 27105 72613 657025
703113 668019 291788 568985 114403 218819 10276 209459 71168 828167
789693 426953 962959 806693 77384 823948 374929 885511 71706 980629
676113 822008 695068 52206 53891 961287 891042 59177 852574 156587
165113 520163 78311 115880 855289 176642 2560 265245 176083 617858
201999 705253 854564 164911 300362 481192 985484 968854 925179 924492
275527 674193 106882 474460 74538 214121 173027 321824 350562 333321
126314 854021 627125 994715 111255 186475 275982 499528 801700 316402
985419 742503 35698 862247 21871 417860 592299 481069 907773 293881
993347 947904 694080 687546 824442 328146 672219 485083 375580 4893
527728 52565 12621 569176 710717 433341 116936 587503 262567 364384
713585 255620 563706 118302 975977 68905 52816 513214 908239 47790
477850 251742 18890 14126 587706 438183 21732 651144 719077 457084
224180 185510 786019 78645 902392 903262 469716 381336 378458 710859
202381 763685 751303 367155 468590 487169 439879 336270 399589 811111
738872 370081 740830 206202 995526 990496 723686 871368 288874 660380
434403 848558 950272 739199 740924 93470 868736 758336 723580 605643
905021 965034 583470 800913 707559 736454 331423 4349 804173 758656
619597 518764 276050 135165 818634 319255 421081 355005 255770 77035
987421 319883 943879 470101 927122 670672 672683 260405 520745 418635
678768 421052 636804 306879 669062 541680 80538 29255 741070 419736
414156 141784 94897 228606 985733 40164 537215 328030 402956 978869
66047 150492 396377 300249 30901 994092 625113 922230 406822 891612
923412 749738 271500 646669 408633 758463 508353 264240 906777 512320
53954 865638 145322 716253 601644 316587 83550 423715 857008 410703
341638 931486 725809 882318 712654 876264 461256 774749 778718 365597
670091 628393 585459 632562 352565 637105 118565 645239 706933 654121
104902 481168 300801 934060 210825 621506 16908 581599 441621 963251
722606 149756 876671 353856 761377 995237 990019 760374 971431 701359
956280 856674 967120 971199 9246 604806 110632 629205 299279 776223
934532 935628 612 873196 581260 696260 905905 346615 327173 244337
575556 206439 349716 162424 270283 588806 428419 433438 522217 62180
696941 47186 52201 662199 875487 95157 355193 333249 890849 415994
864418 773350 163223 526985 156726 678026 576087 281220 920133 112756
653973 972563 320611 589664 179346 660469 114267 608750 28222 68450
785746 32327 169518 389997 191091 356600 6273 278427 378650 214483
232218 275761 384898 520652 250290 870459 952079 288775 702635 614362
730582 497634 820979 760985 817524 115605 129108 900144 632007 674367
103423 585291 869622 971316 586839 902478 259595 213689 362944 203663
750506 225092 75244 206356 395620 667524 982366 164336 659894 679380
249048 218510 73588 660724 377823 343339 491960 261073 957648 722573
715272 626296 641875 17057 445363 956199 209744 579085 857707 22374
776477 306123 299828 151621 966011 480674 526078 230564 688969 84745
697631 113626 531063 900377 611798 216881 417756 499941 558167 614055
712163 706617 424634 60122 962355 682368 917193 700986 533318 653216
130920 797321 612049 75810 185969 355436 414602 50732 881837 996662
771359 442164 523910 613900 770936 543926 752902 329246 561699 777357
107652 387983 519280 143989 366543 759568 758017 193557 423142 673080
113118 967442 444001 128444 57415 491784 346078 747897 93132 842052
944894 642081 158276 138870 912298 745791 191859 277313 345614 366378
227404 246029 42497 105025 894667 341560 820969 27979 678685 788507
565567 349699 563633 56496 422987 189773 495238 453253 366260 792435
468267 148643 546085 161616 52925 67523 752038 495642 746593 832308
845165 935597 658669 171984 59963 550495 186663 176118 19585 593562
298429 644718 630128 236477 283250 127599 654533 781169 515609 628327
28872 948099 857373 289695 189424 495780 893008 239559 743888 833566
614790 225863 369582 636641 253374 633726 527694 334828 104540 469390
119623 550183 12606 703476 521632 214931 650768 270486 216615 879568
365617 61033 229422 117689 202752 809107 757106 817071 801747 145237
693608 767537 248065 494653 807757 522383 816279 167878 103131 430465
324892 916790 889268 48462 129415 319237 990342 841925 26302 862099
750025 850394 207832 634235 38330 350369 673848 465220 396751 194593
378831 646694 334347 860702 65391 936553 108587 908436 726747 779515
637626 63220 554529 289638 55100 18678 24623 704402 566008 911412
269456 751022 314723 394833 501024 585645 359843 523966 812956 260434
45761 763864 678631 332735 509204 893753 858548 502217 450618 271922
906075 778794 227432 34604 316334 60163 659185 146610 936489 606500
230044 461651 19506 322312 395774 946480 202978 458367 867426 355842
740005 260600 491453 572778 27768 148206 750762 114194 434431 364108
794925 476735 243151 626502 923975 519895 159658 74029 327442 517231
79805 661028 871781 949690 615109 633764 534119 204999 222434 764863
578266 150740 17881 22926 966072 769013 32457 377664 395453 242333
419327 273281 283845 929062 47578 543485 122122 330116 79443 608859
133821 430095 240876 140568 815237 976082 566396 989926 920689 496043
651611 205300 717120 399671 74052 104232 555783 574819 241036 707906
834968 505170 716645 951838 711207 278868 944334 848708 972446 88384
423243 358630 311252 968828 327435 553849 205704 345779 749190 3826
240073 178481 801518 959692 925326 307425 213051 900335 896770 780013
522881 174028 637953 704804 217971 178342 355457 339507 210097 198913
710710 478771 912279 874229 358599 92097 518792 220607 319639 50919
511813 340681 828349 180303 416553 140942 814587 450165 665879 628261
200741 177268 122907 77136 550138 236336 770310 415466 541590 296597
158285 95525 160209 643412 74577 374252 403585 705849 704689 210552
707167 237342 303732 247440 34532 261367 349685 377707 236655 470862
572751 369076 844280 149092 963320 337753 995838 902252 130678 960376
399253 509749 436530 259670 20843 282882 9939 677033 768777 785477
970754 706939 66767 926340 349376 342673 878849 594648 665209 574231
512087 692991 459849 992067 547435 387328 48689 410624 139244 274939
130319 498845 417697 282837 754090 338643 633388 627890 337344 819263
846329 345365 789173 726060 131326 64266 327571 146781 363545 79146
236087 410572 256470 390705 447339 726148 881628 378660 933500 378151
912929 178831 755859 608435 417670 277111 846297 731534 817803 354008
595925 435490 607232 135511 926301 209723 65823 5769 549454 153635
591100 901124 166477 130555 379485 926283 965825 803753 985896 382051
482607 481784 802908 936766 302554 855797 581352 181725 308105 203488
812801 682422 560949 906137 503996 689864 744544 227243 965258 975510
769166 763088 197940 119229 188666 386530 978562 550702 356088 604702
896361 680284 411230 942830 458071 792786 273813 323989 185288 963304
161136 565406 588930 779441 600674 3838 396575 163347 542415 240096
85966 420487 356756 368138 572541 268254 17789 18024 705390 823633
380833 506788 595095 302263 824114 865739 42862 162847 884925 490494
438397 20358 352450 80805 573676 113930 36859 734107 754363 405910
981576 378823 436352 761770 374325 688697 128074 834267 220491 640676
746213 469743 974189 500510 765864 956665 115669 969886 20524 236964
845429 984377 684413 887650 531541 934454 4949 755041 194668 328491
273519 949762 371994 595062 582778 985050 199626 136175 26811 954151
694936 638715 689539 368841 845913 646979 66846 448217 551173 693111
707179 298757 823391 28651 659336 487952 286120 212933 186763 605789
844575 52557 509640 518380 171428 627142 315934 936741 746416 819499
193286 955808 707407 110723 324268 130562 567601 781846 513146 963775
370263 444840 738877 626520 730331 982819 112749 602905 732088 298394
792766 242591 299908 386420 636242 680 238308 941678 578896 492661
52633 974763 784397 800912 682411 827150 905716 34042 530344 917509
818607 112820 453583 683164 907624 30018 274947 816851 885331 251727
539682 809432 588939 100643 873932 59780 656020 892575 216803 207056
188410 698487 255330 819178 652354 149333 995853 228314 642278 812246
604369 650860 960355 359851 613758 980943 573645 571301 667754 11216
324038 98724 692784 126198 838248 988765 32908 318815 895870 916894
886642 689072 201268 919659 263352 537221 199813 608360 518996 920753
5620 859581 385022 782616 620681 62511 666552 769060 45551 170507
221828 511109 890724 341164 783852 935069 951603 736501 821298 429773
212050 72294 964599 643434 188774 309476 388134 746718 690945 725461
68788 236582 595058 601239 178715 130704 877509 968493 675033 381789
664 997043 756999 902032 501891 674218 400983 447195 625748 658683
453194 782115 596630 502447 868102 696669 291690 376853 425426 770655
483669 598142 158516 666617 128920 485274 297503 877990 509474 686602
859993 94025 992060 882074 377181 534796 553753 655103 268544 622695
657510 139695 918790 905678 860189 170023 426970 823057 132837 361224
769412 703853 747492 64427 111714 333870 926774 569991 43403 597388
802085 140898 986857 545379 608766 908777 486824 474973 74257 615336
313716 736989 130312 997617 125339 68256 379119 449842 262190 234877
265650 905546 473783 60759 333653 595157 382692 198177 179029 516129
716236 723770 63377 790895 63380 148995 998994 729630 596582 252472
315316 789883 873826 355065 76165 910300 34063 597938 459061 498054
632946 484169 927017 519261 597698 953422 883219 255929 914404 271232
7667 362837 238647 555929 217263 355851 735406 848161 423119 39289
807040 552617 44243 745405 408011 109656 72454 506339 314134 354095
310162 329712 274318 986625 217445 414095 985275 342060 839757 557300
17887 699300 971439 395987 989289 497429 538836 87690 525973 474737
769762 761491 236671 380185 544542 678538 954733 410305 835970 308490
567138 184545 653520 381994 495614 535906 722188 699922 763876 247007
866276 57872 27679 839793 530022 2269 197578 783403 447869 804544
169630 386316 579684 794468 547181 901164 167236 958315 648788 500062
663049 815032 989588 104437 682093 720627 404736 317921 374906 483552
872156 155012 125164 805362 531154 515721 378272 208153 729308 351535
399607 786356 286692 986442 946573 424308 128681 885773 471532 220306
566635 174784 951473 206628 313500 378737 34305 343459 749222 142051
614695 251073 931165 476769 590985 457755 459804 999585 137776 729516
826442 897160 537559 29214 972789 403190 807052 168979 732000 245352
957191 591764 862662 446734 936294 32652 811820 225041 650535 843565
995582 366683 876859 995088 223212 375264 643199 274600 101101 928882
385254 229237 298383 893897 299532 780564 978792 977877 383934 595727
684502 579423 964829 895023 377079 863231 721353 386340 956024 87730
35557 894402 313446 226550 524605 350375 416839 200480 94662 420898
649140 985876 389925 996766 407606 563501 145154 589076 246982 578301
44379 366097 535924 682454 464108 737058 992905 252451 618466 597478
325844 257833 249344 642204 674897 692233 927484 967697 172876 549689
958367 290483 607331 637075 111945 407276 980326 416440 781991 486308
369699 254720 581626 621483 941870 50240 32825 788553 48207 700331
304654 231386 836041 987913 350788 128842 314575 32478 43174 781914
593683 455720 556564 391543 36962 623868 77637 281659 369666 480310
790555 384232 407795 253229 269268 676656 346629 936184 793104 995879
847977 647040 422383 582209 980586 385190 891676 91188 885256 946956
331780 553568 149433 382744 150097 609892 730343 376489 215676 624670
953708 559891 562668 433588 67017 60160 515612 310129 746769 760720
408586 100992 626652 959933 274796 326309 284867 439525 213989 968121
196573 238034 757579 459975 159470 239770 718378 409574 326872 709471
706844 820847 870571 932549 417774 44698 523598 634713 621677 384229
359790 30794 881967 148086 16312 409808 881828 914039 299220 193906
624942 414370 138797 855398 588839 941477 156248 562821 744397 851288
99622 945034 611423 374963 847425 593409 834262 212678 235842 391447
356861 539396 6018 429693 787578 480635 366161 871985 758675 982401
84828 567288 495519 156113 930356 987011 159480 964489 986330 13336
697825 812673 672371 207974 668427 805381 961200 280320 574612 791844
995422 306998 880438 347990 62405 320182 152107 879825 745012 612998
120624 78843 803105 444218 727287 137844 643904 611286 402496 44643
546116 744583 987241 582393 842316 438826 550711 191844 432927 531051
102671 889608 526968 714832 44750 201306 30110 562706 87040 75770
394590 783049 390114 646913 169375 251827 107827 568336 121587 683880
86222 721159 892253 381971 227182 252374 198833 234202 428082 727087
369858 627981 790810 605227 337150 958360 578097 194796 39628 869249
419103 451399 737759 206593 989809 91012 472740 954962 215050 478954
414558 114917 900697 902328 553487 789078 257943 938744 655998 758252
680333 741564 626513 675670 28948 602870 130097 938390 232181 450489
438300 75553 701595 571060 377501 388467 555183 364089 973129 106841
750892 211437 174467 286659 937381 521378 985108 825428 50618 649932
170217 35792 719231 804468 276696 723507 174569 179517 988696 676539
574985 29392 949716 64124 875199 399655 318718 872901 960490 131977
90136 371687 572436 383744 420413 737364 205784 981725 22407 645205
611926 523858 444800 182307 130784 79563 436609 601689 311146 234283
688487 329130 812125 12943 492160 311840 384123 198547 367484 250882
885554 519270 504652 262877 808664 975898 892413 447364 497010 703908
164177 705051 922139 3751 71506 221932 268506 985908 141463 828327
257794 900864 172377 107742 140769 146044 939630 388958 796709 917273
411492 455375 611877 535380 758693 919253 547307 103909 339821 413034
834100 770895 481022 633681 909496 948362 879822 562796 711990 284909
72352 765538 879983 323042 350053 964913 815348 791366 262936 314691
586894 252153 652494 445147 443756 718770 502979 997360 836150 559259
456977 689887 959483 880030 187784 825818 997626 354374 605469 840648
107567 706865 314104 9389 987283 375600 705089 384331 864325 907393
91944 261817 306816 332085 127423 68188 467571 611138 158872 614114
757085 68927 502761 489179 202582 602559 385869 944266 34665 497564
94891 271614 568845 270613 224941 568347 572569 5955 852473 386315
117770 325571 303452 484157 174127 471465 158753 259474 910985 510748
778042 624934 844727 62098 218504 441445 13296 43808 718559 461427
688310 586363 855628 196215 183931 179876 954563 676136 685274 748050
404901 293076 614752 151302 226263 632733 516709 657661 781431 808029
587305 373835 507648 289730 81080 836183 657231 432277 645133 48243
876387 203446 221682 196880 396359 479259 2948 263846 798756 308641
751185 485710 385920 415312 209631 666602 5668 73077 199265 109723
947031 354159 143146 299727 134649 57175 633705 141330 821488 806424
319389 966662 475592 570972 838120 881694 468143 487666 862777 646243
162593 483650 334772 457228 568511 146867 724926 987830 703841 699359
993618 428581 125386 912367 838260 976448 244665 317541 921912 282457
701772 766543 878588 604727 237457 282288 65022 797191 171411 703706
613610 726534 936768 132674 854509 423754 976434 793168 324962 744707
609228 244669 205041 887448 571660 893962 644476 98456 556811 816806
477261 398048 387153 411229 18793 409683 586110 167180 760606 951299
717298 562964 875613 463973 218914 582395 964857 511176 117915 69962
429904 780153 499601 833998 567623 143705 480573 249920 924746 390282
602957 327422 790505 14217 277893 251616 123937 468680 794317 485093
298716 537667 293904 842312 534430 88894 272420 21288 133386 885200
63088 699036 132053 232466 151232 233740 363161 458525 432347 105630
299157 771233 949763 310899 780854 844072 118920 931243 148152 456970
693691 285392 722659 108756 484754 760567 124456 442215 659901 947306
373822 322261 379193 146555 808835 442292 423610 910561 275967 848548
951972 958463 639088 356118 357881 696160 865375 952720 355156 32155
705770 725022 238061 667318 268377 681494 137945 409708 133278 298051
209581 2894 483647 282821 788762 341382 26481 476827 193628 62283
728226 46055 760143 696826 307200 521595 724684 649862 433043 531693
655341 568382 758187 621507 287379 230460 544539 866926 55690 85594
559745 852332 342840 770838 573349 599106 457092 829057 866602 283939
278180 683516 129939 15298 16405 811991 255262 186347 226716 162519
73213 102162 654358 587573 569190 691661 161655 695904 349855 679864
43873 654202 897474 873585 275626 133862 423454 63278 929703 375731
449414 20327 373735 860618 680884 612607 13211 703910 910878 29950
542147 927292 52613 812552 877803 747223 120107 341649 511900 724345
637372 111725 756681 13108 141759 464250 836349 405173 925760 621518
649525 146115 717524 537011 547382 594673 433752 235961 45686 490547
865577 959037 308358 668998 857799 161088 25786 636306 291361 425263
586705 213374 304356 453018 888412 965936 324632 899517 728637 134607
339669 669173 974120 294291 569886 608212 752223 780008 905230 830061
733443 687753 281679 41127 233493 608261 220615 85233 695980 967649
480338 825996 644747 614478 274615 190422 96494 195808 991569 784763
164738 274954 719087 81947 474231 809579 945277 472017 421021 484404
263567 467374 887131 503190 684131 720239 300428 755086 610403 973761
555088 439362 186190 176827 495583 303711 807700 345529 10617 843818
361770 256192 986858 673443 787200 887904 988685 428481 819199 996929
655511 39023 183518 746784 570343 67687 713786 977675 966522 238314
810384 893260 504099 4891 349186 210291 53752 571737 995650 850900
50413 948157 840005 738334 835749 224907 562733 16096 993203 143107
625274 267658 918970 269744 441767 808181 110734 822967 215402 210054
6580 369193 892987 188853 297329 201716 753164 697988 747339 691683
778670 632113 754135 499771 180288 717366 865817 921493 635355 67358
1577 26576 580439 87351 236984 442769 813723 910066 351242 962436
839027 861199 473596 479437 217198 204654 425316 764569 524035 390000
533742 76366 830575 277070 349911 582438 29227 692534 240189 49771
587744 478098 144067 917235 272550 249146 282272 349424 985558 649875
270193 89269 35734 474604 770613 694135 462755 732113 890073 861272
211006 350883 669526 790723 597337 753130 439682 829427 588473 46235
350301 811130 628652 849957 725077 463577 994318 619273 322415 147152
820602 884779 657681 278772 983030 898109 695009 141100 864587 403740
751663 240026 332646 948232 457637 449968 43369 570371 988405 863397
80273 211752 745648 588918 243143 928791 956699 879005 868655 177959
242025 92027 908662 281874 126802 691931 103520 268053 256516 748722
312570 110266 162911 188316 97044 167990 771203 614106 278841 937500
226443 608242 954175 759332 345259 296690 341417 649087 964156 799215
113349 405612 150210 525356 330902 842486 355093 132931 396573 853915
725363 983838 699662 908654 596863 783755 416605 237259 617872 652384
697023 609234 581659 735548 48902 96112 632102 135515 20703 982958
398517 890781 714866 332904 84549 162134 82029 153415 552151 140885
948348 376896 424293 560458 244625 81828 805252 39134 878046 907008
131595 734598 622708 760619 761998 759633 966209 325550 102063 251416
955151 834145 961103 954906 68678 941370 335217 409455 98868 455861
7812 969712 238660 890217 844011 177527 902260 522526 996834 45585
771822 639775 901330 135740 637006 987753 781678 252356 413429 482364
753562 2863 26999 360211 137872 434489 780530 862566 450440 727088
452482 384390 590830 953430 309209 126306 875559 412540 723658 405504
435204 717466 882996 744027 363757 161398 178738 985889 935186 75159
842258 312358 889765 856771 214755 751998 817920 281578 899395 885751
125938 798574 202562 584344 983453 179183 741658 761027 431468 185151
190889 646990 203149 300254 585265 935498 340179 636912 8292 624473
863333 869168 62031 473791 562223 181739 831486 773463 674989 434366
808991 643371 128936 315020 935704 884709 626375 759875 478433 587376
404081 321364 445189 845246 45691 139688 5813 35629 925117 683822
765895 909080 212567 840702 980151 191557 302130 102765 226388 50832
957558 197120 519911 906061 294581 532378 109888 610388 675091 682354
179667 157458 469725 554609 704897 969201 196077 148879 469464 4917
223167 950591 116857 760828 817927 517105 859092 793749 278145 69078
950734 121537 449941 329711 232291 818374 701743 792598 672749 52478
922212 94151 968377 866959 194803 717683 28102 614309 651320 521956
975246 265548 589250 321518 759215 403925 900859 781501 208166 387004
698719 940119 629413 392068 966643 518600 407095 87855 707871 562404
969414 315712 961615 817433 248920 276005 429187 456840 709943 389954
181793 279707 439309 513602 547048 263528 695400 992664 468055 7369
157106 754091 155807 391736 409505 987147 604075 902951 479596 509075
658271 634355 411894 962810 945456 954276 124509 844018 256378 600918
873600 627093 82624 810488 888282 38742 498302 82043 684424 630305
678012 155893 952906 95277 297462 628574 721009 996067 601134 597860
73389 317916 576382 848257 860474 661160 801085 34034 350550 168550
635167 366298 570816 369894 441915 56915 956535 897326 864364 988853
529001 887825 534747 449978 516465 566 511157 396891 756285 704328
980322 412892 795410 339364 140367 130228 390672 190587 931860 614639
529740 877759 353652 559929 619088 518928 656829 972578 48780 262169
952790 752365 865466 354369 891771 568915 174366 780911 22940 397133
866209 126267 658713 311102 662170 766895 836092 502558 759810 483107
359804 466928 999043 30796 510354 287425 473882 520483 161043 844746
986957 59023 267315 231542 427241 253952 564014 528197 973363 866053
153955 965729 27577 83900 633713 940832 561214 179578 434392 533867
264773 16979 121342 556772 754395 214996 286474 578273 316944 562435
265466 557245 67402 665070 560189 812374 33486 945328 244972 935604
904476 904209 168108 779132 396835 447872 896407 665168 411683 513239
593359 346974 43861 200823 708595 931802 862949 546403 266807 336031
788276 468464 119001 280407 25490 108910 892731 314116 848270 164025
654586 266514 398862 874635 894444 908398 27549 299135 898671 448323
952360 855642 142447 680643 349117 667272 537895 737006 513606 433593
860724 915475 244070 279770 695937 602091 453033 554755 483251 556855
30612 930373 45191 577384 471722 159359 659646 572365 335327 192575
521628 235988 659317 586641 351007 246382 449854 378348 622134 763848
921170 776425 352503 888529 600323 897473 940651 164690 547118 22259
714165 154920 214949 382781 96415 672481 69254 370086 714287 289084
256626 343488 896290 721922 890727 448244 17528 216209 99766 304112
335448 454635 452380 879843 360201 823132 56777 195190 521807 828644
981829 107947 832019 437664 868918 154337 826504 862903 581827 832662
583707 274860 531976 713084 627147 295427 210001 399590 93179 655630
629658 536947 863793 326704 613964 104796 38333 107389 135350 640338
513989 223759 734118 272567 7351 104981 419562 827179 835239 963241
87343 873842 729290 178384 875977 174894 943560 701771 953492 222509
45500 230605 815168 294038 917299 100467 47279 782264 286898 62579
362021 825842 880767 281773 662288 352146 147216 744398 548536 51103
370710 806964 882194 952886 71626 541125 790671 946598 176408 932330
141529 476033 53024 437635 787935 200967 832339 879188 701701 217446
348529 183810 903291 15806 231212 690064 724770 907515 939921 213574
967594 552971 130911 204991 888866 505314 110459 682989 160901 88480
88842 956846 756915 683097 73323 672336 634054 153965 44716 754393
743121 214658 904272 126919 743729 353245 909437 251641 22134 810126
514727 889394 40862 521234 485405 159392 980094 987603 416480 87338
68079 131990 450925 688333 148905 314364 263144 741576 983295 489023
313337 384347 974346 347208 196718 996808 436318 499210 895715 287629
586048 331769 763524 951245 345309 590267 316952 334430 940595 485580
202085 287438 71622 930054 522834 321819 203890 585378 101719 593044
304326 689944 287799 754560 254937 887901 601070 299101 338111 819603
348366 921631 371424 336772 41756 818874 275890 162494 243688 554913
590624 790562 233820 416505 692608 178085 664490 347612 678953 267225
342442 241121 305692 604377 487832 87152 857901 347549 612027 295714
728051 225091 929619 11991 520221 445698 224430 74961 691155 46096
576201 427127 219330 597023 733393 665235 852991 288598 970903 701806
59974 34002 875685 976938 594054 162985 233329 801664 319079 957035
39666 929111 561253 590145 668220 547389 18612 940034 248363 468306
988501 563461 735483 684617 834588 212101 724504 874020 474805 585606
699030 98577 359639 628287 493225 436223 160230 772600 970697 729185
303646 249928 690727 890303 343111 292282 303397 869233 122375 508450
126861 858243 800213 1713 208125 743730 892822 631265 372313 373555
784275 708747 11732 195838 127193 767437 730427 872909 476557 614916
778595 650937 581458 510946 784432 876766 151059 262333 217323 836277
788162 598336 150529 799400 874703 596660 497266 303817 662068 448761
563554 28238 836266 738051 454410 381041 49883 589440 232626 238900
74060 737146 755156 308953 697390 444960 292275 640222 797647 88989
212103 29788 663852 508774 833485 97439 78376 832469 318019 629766
134088 671196 195789 395077 954537 239216 313269 232888 245206 217186
104276 571860 55398 898079 364656 662695 256444 205632 220800 835066
502317 675013 413632 44649 728929 639825 960822 582886 119099 640647
149536 298605 278268 280464 435753 468075 429065 328074 548778 749312
600807 30384 966187 406110 78144 464166 150796 184099 244676 205160
268821 256089 264157 181811 180213 680451 888286 719795 245749 566997
287442 157384 392299 288448 339206 28404 900806 764783 602347 836996
505157 329865 796363 588441 186394 401362 407322 946362 326649 920110
161433 189868 203512 806763 384200 112842 338582 71165 370732 992356
883313 441330 947439 344877 785261 696820 507069 193105 111485 762177
940960 473022 678757 913265 41724 707444 360235 910291 587838 562200
416549 306424 310964 408711 780708 668078 499125 353817 466716 864771
951432 435552 379490 512508 731943 30621 719523 977262 932521 676121
566300 901678 50842 356072 253086 420613 878255 633902 590268 531934
621563 789041 176852 641064 157723 78959 813750 933569 772767 452089
382066 290528 171249 528009 401013 716619 829768 28279 719901 737915
974976 37614 908737 253839 136024 702205 827318 183060 275274 833193
826172 679477 50319 653489 198231 708296 623153 934345 587445 906744
376132 263976 62085 936409 237345 96714 428747 889480 329897 628612
591355 715652 547781 264533 574269 84095 597763 337834 236218 659896
934361 753554 364210 895487 675926 532644 885182 214714 732821 90352
425134 688072 667201 407528 468941 426144 428399 580056 119225 633503
6127 514761 604877 661250 427297 231375 672982 193335 327305 661427
61960 88464 874857 193102 455418 207046 497403 830200 898585 73470
139588 23114 780886 766781 276410 63701 373876 47372 52507 684984
136765 41386 595182 421718 22673 583310 856210 305908 510573 866497
575037 215387 67128 633037 145463 156768 106043 485558 413224 786066
919929 109802 836844 389825 305273 262543 160060 370396 440793 52760
985088 867615 684146 736683 621757 262883 497837 700053 88785 681703
148570 943356 911379 554269 614696 879960 536658 337186 942621 178601
40389 671819 908466 394863 854215 677450 698245 712970 135576 659698
859854 300102 273596 386172 551088 846261 63316 558318 236309 629731
718899 84703 816914 579637 168836 443794 396515 69015 973936 722353
181250 676980 23073 580621 62496 17565 344164 81795 217278 539058
745451 407725 792019 2515 740529 752989 382141 947687 176578 311791
710388 336931 119873 814258 971821 722879 730167 433942 460565 917672
332126 787013 791880 582427 350213 886351 454593 862858 399853 566836
401790 968528 33190 35479 23289 974580 943258 472056 699378 446247
173750 249827 801652 70432 940450 649277 238636 951467 758246 373671
722361 692280 937493 849142 695286 738475 304747 362131 973373 81789
365910 512241 792140 727150 320975 168605 775050 894372 685259 209827
455895 740422 276573 188307 272234 148188 974793 898078 794097 774771
681657 391968 936176 580174 830184 758657 10285 903160 440492 231552
705669 652580 398930 197523 827313 664473 135625 596717 267096 383370
434828 24024 289540 862772 51490 333785 966622 706991 2982 367412
495034 28119 855687 815997 890703 166066 206779 514857 920122 486063
780266 883948 673258 494737 153907 533806 123700 599968 496531 600818
682318 662080 929365 501867 206458 385754 889371 295321 792933 612639
58138 927517 316530 53489 592009 369486 826768 814938 931149 937516
228405 319525 801710 66215 358585 288050 903097 909328 484180 91252
200686 882667 956864 424424 709154 862766 743320 940703 668858 672917
630288 19570 487162 178022 728271 75048 201410 71132 824269 297279
407816 736263 243105 299389 572976 587746 354888 830948 337333 665963
396992 358311 687986 77398 708398 4683 656019 540108 503632 147202
580572 589707 776674 966866 643438 907993 650682 447207 346683 238972
839983 574725 900026 858077 65076 249566 885964 86270 960187 722551
382690 98224 27753 430734 386626 500186 134651 61091 631110 117415
612332 30261 729892 311720 189318 904446 426719 420867 4119 185723
120632 853746 628583 885733 584614 764424 6448 191918 47645 563223
531614 526111 145302 357536 177148 279170 495980 869259 653898 262154
974782 810772 664394 816182 410746 88967 506003 247164 786281 250488
258990 356972 961737 711738 435779 945116 256462 550161 145845 215282
97537 498235 430094 953532 569219 288548 377547 873619 243692 967920
324680 858045 698299 206673 653449 173853 713789 629574 150624 313920
138216 213484 748420 440286 779290 376077 790005 339858 762737 845173
359164 487778 536107 801793 737904 731892 614275 934503 941963 550771
696620 576212 256608 131638 247829 992915 276083 817010 961571 867008
825771 978333 212624 982224 926367 713305 713814 97007 227374 26679
614592 592798 98841 886720 399765 684186 367089 955404 226127 790379
295597 227207 5214 343794 861095 979073 832995 180794 667050 944059
128894 790465 699168 705800 251770 573985 841933 312515 444927 512304
874885 859687 800759 456245 738021 134500 822745 354173 16699 968810
676555 165755 324547 958420 101032 703260 472415 206741 718445 274957
887685 502010 342539 20506 891023 561230 375426 337026 913 629993
648708 341972 442121 770268 827271 26986 624697 806476 255591 750615
197863 795942 326209 266019 775421 985873 293220 729710 266445 121897
332949 976650 599315 138584 631393 423461 598791 432512 175603 115397
421870 862715 789680 262719 881667 824474 221013 278892 69216 770174
386450 639255 378427 214266 303139 253393 854318 779942 76322 939049
764240 226131 395817 349526 801282 903518 472129 837577 634357 259869
63046 734579 658183 913865 445003 986440 41263 919545 896145 440480
945305 915098 642431 20200 465721 669377 867032 207522 96250 434533
317304 144155 298884 696994 309258 692505 534186 99050 847524 814508
509090 469671 190540 339144 634129 270439 436348 547825 375412 53509
241956 926243 45596 588133 315642 297502 27856 29868 473382 903803
64434 610430 885874 942390 458640 582899 396176 599599 509733 673982
639476 448728 190649 848680 372520 933058 208884 582249 255565 440382
336833 588427 598126 605486 919074 168807 110775 440289 711647 293187
665847 938969 364408 816290 128067 334401 486493 704556 20300 930799
441093 212495 736803 919999 844774 663573 983251 137796 407257 118613
149646 948105 81615 855342 803139 979610 778474 345913 451791 764453
526104 902447 206031 51369 231661 104213 766367 467813 325519 420468
828998 578577 746594 417576 574408 450810 620132 394503 460745 136599
439630 589290 964005 316131 120856 132160 361963 744499 648907 284001
746663 537132 945798 947287 384512 335321 514186 474965 33533 354077
237475 970458 932289 1588 28075 218613 744365 279088 42004 126720
588906 874554 315603 438933 97981 803138 721222 556928 184357 241752
219417 8182 912262 628231 510539 955947 329878 494329 328535 632718
48424 356786 410340 186186 623683 282911 652151 645042 511847 843755
840319 167294 62983 440132 301568 107471 125404 175169 332664 818425
801145 723535 12455 390677 961141 686836 665600 78369 945867 974766
906113 243865 239489 232046 547123 685075 689586 953294 98957 65001
837913 150262 251410 963054 747555 288394 687503 587105 900181 970769
978067 693100 456128 194800 815222 622677 347060 751797 326558 323706
468187 849223 629849 878635 370959 821403 634191 238262 550108 689295
93221 438150 517075 90903 532462 210132 66949 539009 573792 287305
214548 989593 647010 418775 258670 885702 984077 963605 930573 850205
166263 502355 787739 2293 48585 962773 485084 741315 554053 951650
715789 133630 251390 376230 489189 972659 84693 203053 508359 680937
197298 940610 529753 365521 328971 704225 649985 389699 261454 12936
392624 29311 276350 968831 809411 520836 943919 3150 117520 78832
582450 525756 326167 952114 378168 339911 388202 22105 803302 561585
752275 432027 77817 926918 439118 384601 42018 657370 594947 244833
463209 670212 687778 22905 916441 87617 49736 880901 67085 662010
555457 948989 820788 555696 872168 507255 662843 843292 928707 882484
343877 23301 523172 682589 632419 208185 894250 36879 145663 459520
344184 535411 972666 709558 577602 947095 417833 557518 122775 460463
598402 884523 44929 784443 743160 161734 822257 600974 361446 93485
19429 938914 296805 12880 324504 474896 457843 213751 751777 736615
736699 525509 448509 371673 173839 653577 907326 854159 60241 778155
810408 708479 441122 567755 329361 682092 74560 783571 640356 746143
142692 947820 353343 504546 199972 373999 168122 461711 733651 81620
430875 460667 611363 898210 391195 467697 35374 675100 459791 91570
404094 892787 113502 855772 30832 657476 765326 205755 814598 916192
616140 50816 519589 978266 896458 833892 974760 771147 662790 30772
612591 181221 514792 450467 617621 910011 416374 547338 894953 394323
65570 728133 19137 648401 716273 551592 865338 722852 679808 743864
359960 524631 959240 925762 929048 683627 382867 129224 625651 956859
388700 361523 482471 976568 218454 818560 725754 718529 83924 927499
333498 858765 446017 572694 201249 668645 831 94826 611552 763549
271909 631258 940356 188276 467927 273352 81202 153257 78485 890293
595529 793784 873151 707805 762235 659856 27839 876270 476524 838112
506245 928630 629126 883438 103569 185851 140038 489651 952465 351891
564272 345956 443508 278768 923754 510279 243522 560904 239723 561361
804603 252206 772850 420900 532612 830022 755142 899890 845187 690331
515482 14280 442319 466723 52749 423811 264051 481733 336985 77767
852727 815031 206893 725460 666 941427 664362 668588 849742 685842
428980 850701 983647 528435 141953 944843 227947 941113 388988 993868
592061 737511 959170 258470 548160 304602 722566 671661 403698 442790
926942 283652 638092 657392 826810 509300 489636 266566 676048 499639
649616 495190 299662 279423 960344 653115 644810 231169 329560 375270
4222 657088 188594 164060 32344 843744 227508 224372 415953 702317
451286 498356 736625 722304 676203 995917 775919 830331 841274 362231
75600 406645 491704 236409 382181 53505 68595 640417 358193 458224
110466 873595 94030 447111 886345 925532 340635 995537 149709 700235
370251 912833 453403 941587 503125 396709 87412 679205 471120 414103
353990 149551 501438 883326 578622 504006 350104 516033 647914 23353
975032 74955 261410 560601 805348 846649 661836 775607 704723 295181
618138 441017 499630 845181 538390 987091 616261 370758 100120 374158
892213 159906 285624 857141 778843 312349 393334 656461 99702 775375
84455 981325 824613 110190 430556 957781 819090 240874 968743 120669
872339 558921 256248 148013 803389 439623 668363 292670 826887 161321
498127 928394 319707 151579 940866 663973 100824 195066 47207 712861
462616 127608 526565 392939 535240 442623 844322 686401 504614 683812
907838 501358 370911 39426 947377 207211 888680 934884 533222 405194
843322 700117 969324 747094 889727 876531 953616 479312 249331 132979
458871 234734 918902 572201 122634 129020 832072 297608 526587 822485
427014 232147 206269 566360 322471 52438 667722 634999 402550 426516
960854 322398 595760 594143 807046 945156 594961 482956 585761 326511
235820 277073 285014 239062 540685 36474 311465 166835 881319 168017
15957 894150 495589 478854 115604 642381 774904 365697 419012 17541
712666 917941 582846 970424 429349 226625 672491 481557 604576 287923
889593 789890 568870 671209 667846 424659 203281 134829 349236 139726
586541 710901 267985 920140 886781 627978 378904 153709 996767 295107
135528 453616 226086 288398 284695 2928 878080 799234 15653 144566
506701 235443 865165 649642 489630 690129 798369 765436 744826 336565
975650 975940 821293 994411 629034 178522 361968 456674 51771 448896
672561 132153 392595 393152 610619 356887 676300 733447 425314 539716
600973 862994 885640 395505 574214 57857 271359 287371 972197 457023
223121 554362 923574 590053 31735 358804 762868 756008 3282 870531
805050 96757 577673 954550 906553 10389 103377 462297 440427 118313
615161 664718 158483 70987 111681 942313 198358 887737 856759 503693
382939 461085 613959 708024 902402 114644 338096 387847 282000 418614
826778 306180 58372 734019 45738 294154 113181 623349 906004 517879
741927 960855 865513 713464 914388 612792 844713 100263 502172 85309
742499 759707 610246 576030 37823 633824 706012 605995 252605 253684
725040 199290 63232 726932 705512 389676 278540 739509 942110 797716
487834 276728 539504 469419 811233 803173 710924 805110 918673 690647
134537 990970 897357 898318 727892 108982 445394 361153 269365 607529
474755 732796 881342 11624 442300 515118 725178 74916 427503 303065
972087 730520 634631 817873 855427 362346 704250 930814 878587 382428
12400 903087 662021 679718 799351 237308 905806 988557 109105 426652
899749 704293 409005 557201 134713 953880 293195 772760 171944 952742
188827 552540 609379 435933 194574 660468 284783 300739 576693 132631
311353 940940 671335 586711 530922 686087 393641 62764 350719 667565
734307 277332 421861 334369 31462 767693 964245 39769 686616 136242
710826 583561 676402 167307 846655 36445 109038 846514 866825 864221
670603 306790 798764 623983 287556 660583 822028 196675 241522 527722
23395 578093 796030 465624 850848 253466 341151 376097 256253 382478
249878 985854 626470 942103 432570 260635 265234 617682 372614 23662
969937 548479 697785 242249 178310 33056 506238 693130 785657 197614
8305 275912 697184 757757 944063 287740 451914 279244 74356 799920
178407 340513 781193 525080 59167 100891 472700 670722 518839 491457
580805 207712 122796 956669 726141 385247 766576 145124 865599 197922
281933 136097 389072 135795 953761 879853 335741 286093 705396 480349
177397 601498 808562 858603 571640 9285 188737 792552 197728 858439
93141 312046 118488 515361 326253 380278 22443 486674 773682 240460
38614 217699 960037 26193 589691 805360 807068 679728 163777 682254
168948 541048 307255 634044 156174 342259 252085 978550 627408 7097
960680 445417 960748 626653 875683 401301 443802 846539 536937 132149
138070 671439 799555 971503 6918 540215 336605 933077 238919 58605
823713 565434 74256 166714 670647 971955 529968 860321 61336 350390
827310 680518 154746 702236 380010 338598 139380 678157 114624 827126
369177 947692 874236 200730 532610 15072 719867 601920 517081 531956
383525 553110 802429 498169 269849 653513 13741 561383 419695 173860
623711 727563 589964 443728 949499 833010 472723 466888 27677 381751
531554 513242 534797 627621 497687 552019 150181 658524 618377 433162
823546 776169 401805 149607 577021 884871 353928 439699 223695 816717
310661 131904 961442 537523 488578 730944 635461 281638 860777 300644
636541 201099 196390 632542 343684 329811 363324 14363 357497 963632
980928 951916 526910 691038 612372 110497 401110 717514 538899 954559
929959 422406 764868 233148 670238 67401 390621 152934 466712 811324
31512 887456 637057 382125 8461 100999 228455 875300 821753 356075
580925 150025 421060 624211 858653 849656 324718 738402 672190 942179
91921 78082 644436 210780 753285 230887 315969 201516 165133 272760
301145 277346 114713 828897 54131 977797 386377 63768 829913 780595
757822 498967 510520 714729 121985 95640 302265 951770 775483 352850
497480 750788 80738 45279 387421 418426 907605 565683 204742 507473
150506 118578 668519 964050 601405 242627 948686 31642 574341 151555
303494 433643 407497 517213 804402 925086 401481 130741 836606 737261
543332 494892 264281 722519 15258 502749 676170 966818 176594 292516
958347 240982 783244 214377 970659 183925 716946 501232 180927 758646
159453 458098 768303 39089 44317 440320 995296 919745 228870 296030
722491 898962 743524 174652 290314 810265 733249 726441 258018 336491
117613 904720 244385 656037 111101 717894 350724 51893 296674 766219
194681 47395 433858 777483 610626 198230 62368 236847 437274 920741
675363 67869 94548 577827 598592 743748 980776 580940 100238 152363
346144 627382 531058 521788 276965 717703 446627 290336 737235 65330
604129 693278 975951 98580 762278 730373 471892 806183 71341 283187
57055 856579 28465 179802 761894 793729 903367 310393 685277 182055
66863 983236 763112 218546 100715 166803 929499 656707 135773 495957
922185 809235 357083 707170 938368 800726 193584 819087 149247 273980
664730 969830 831084 560996 331306 833928 692076 268734 126461 51527
245432 529291 74380 443967 128148 486573 101550 631316 410464 973478
503650 783815 307399 231993 429044 436012 405734 665502 900208 317271
266676 77296 34680 868693 412284 52673 665897 640074 158148 874273
340435 129718 387443 20639 728558 4968 620025 7256 102308 432966
517582 270196 556850 466933 621673 755185 30468 803669 881381 378935
756396 150160 58125 550196 962949 739332 845814 896411 679490 458778
81057 911892 723990 535730 708155 708873 573305 837990 34230 770220
680304 880357 701979 205540 194557 364120 542235 192980 52086 209159
772892 263565 94153 231218 421154 493852 379805 928017 671942 822693
331471 359174 159507 462373 940384 670942 430372 365261 227364 779826
47562 56182 290120 571652 318858 71230 439125 363623 944637 862428
748282 60271 506525 212274 733982 85768 411859 832485 493644 855827
756436 952848 542148 755718 254790 16065 771350 555954 372604 872994
369587 393716 461638 625173 927222 760610 172943 55033 57577 374639
928335 217281 924612 176930 147067 314741 262491 264714 619073 842543
470999 421825 855857 440339 2170 591731 26736 709879 854304 278900
66332 623385 934382 934257 471173 29679 685412 863503 597289 250060
937730 848007 990788 899782 821989 34893 55722 894937 62568 566871
994461 658859 123296 385304 237142 441739 871497 55037 487433 969091
705040 283405 551250 987056 599808 751077 188238 790456 825345 154778
675199 677376 274345 844092 483321 850340 933648 189526 985051 448606
265549 269811 975427 738818 687621 334090 955673 606325 655183 823642
894170 65550 879615 67231 259898 714179 596537 763771 93967 797679
487993 862594 631914 663372 426453 292477 169590 49235 116152 900525
673725 837760 324527 380928 441377 99697 281877 337721 727535 256137
684724 847490 157612 342939 295819 694545 903618 434709 737566 716337
794381 307518 982441 157596 396530 888792 292312 522240 666893 198051
605200 4435 768194 211209 596604 552525 935169 152938 187251 559843
766635 571480 333007 641659 412858 782594 984855 961470 932003 729980
594566 240615 564630 872059 648357 802645 624419 792287 17708 634901
527824 156518 408497 194346 838954 452743 63424 643084 126707 699747
39574 267934 246365 385716 902343 728465 189196 836591 59792 909406
150171 911259 693641 432952 639671 26500 80654 883752 906942 126239
642330 735789 345054 916113 335417 84884 971715 408860 426137 323367
727519 622280 915765 565882 729897 29084 767590 201186 55818 811565
633752 622589 586840 494937 531147 215814 347218 642373 641582 11231
9171 707321 110544 515826 304723 856345 886470 38112 91902 315193
278222 39571 452991 793609 485388 478834 555011 580290 102466 702215
889967 284032 130856 722678 190000 243051 270031 87280 958946 641845
657662 327391 218022 338493 408408 531291 132067 403205 972937 931953
16971 1533 424568 770691 735582 305770 63782 12792 196173 612567
54804 755508 872769 218033 172777 752505 165758 762597 973840 829709
261356 815717 423585 496824 437237 309389 794171 639136 550927 457610
2968 796577 508220 423636 752514 396576 783083 507927 929904 667283
21377 287654 601065 401317 817263 32605 160059 562487 834994 204643
170331 747389 104499 690672 642675 21792 511951 819881 295894 903185
843853 56000 849302 113482 894329 991087 474831 18115 890660 664316
609939 883441 793755 733582 902839 264556 420421 85631 964747 891564
482907 759198 213339 929176 569903 784243 828059 26680 884906 484485
277898 481986 339537 548488 116218 167175 999519 971389 304522 263451
188728 952023 122373 352626 646845 321243 556543 766867 86788 85944
687466 43689 359032 457483 809516 239757 865202 774133 610386 118664
95066 340943 277690 503768 662287 59161 922860 659066 852159 66630
80879 789613 626203 527076 478900 221307 184531 957237 226250 553827
269449 460012 822141 2151 396127 118295 932613 344438 924682 680484
539481 619805 28003 906442 233045 461248 392289 452768 251081 16769
297458 220329 430680 314133 29981 63774 893460 277695 598978 937300
457425 138435 516393 602079 702039 192340 609186 261992 175396 691202
691583 856383 510090 314954 896999 136569 571070 813644 820027 152334
69715 137764 522263 262625 993379 68794 33831 615943 493866 26944
887935 749014 988112 542234 799279 382140 802925 278493 453258 15586
899758 925855 293517 624083 282354 752087 769318 265381 221275 521587
945499 969462 940521 892917 335350 291067 820738 71504 333125 503793
49685 241922 825739 620367 946814 761168 905193 277480 618895 956165
559563 16579 842622 521894 308791 983341 788390 666844 698246 584129
189273 555965 815992 169053 518557 412912 413466 654777 524464 418742
994629 843832 121019 411913 708326 657535 509434 749112 55700 268225
237956 665953 588294 821261 254778 859570 840933 325182 357039 403172
666419 744431 261179 703173 184040 775464 166331 880654 674649 688647
809279 188973 273873 868933 782462 535484 158272 199784 544853 156624
929444 538646 767722 533880 521844 480309 541506 523471 866990 650901
453572 801217 411315 984381 44459 690894 422960 735989 756121 70962
167123 678818 306316 408928 315740 460607 67926 264599 513347 941797
362550 856178 681842 638999 854294 500206 207464 300150 489289 844750
782058 994047 902749 537963 247304 953368 949212 550185 732690 998432
483465 520936 88522 379318 324861 303955 236458 961454 335783 276939
352851 714307 272699 163531 172861 698142 117650 816134 833166 397211
540625 164037 626742 485451 362742 78150 942152 110865 897496 237963
970946 595323 865414 599517 108883 642774 864280 876037 885457 230526
950533 235758 610518 106532 499864 321241 578247 32177 661248 393008
31509 363914 39032 970479 346482 976774 413912 522815 742983 910893
436412 581843 789161 375965 160298 479888 399250 357355 19732 906221
614925 456821 63056 390248 555893 531385 212683 97682 527941 904458
524558 679016 566585 493513 221312 998398 671444 212127 659241 72256
826829 282747 40659 909316 719307 456696 206051 219096 179442 295537
276612 381840 378625 616513 120306 303201 22882 698340 430035 950419
190300 779585 83134 256364 819022 720939 386784 695930 770303 348514
920831 174104 361592 526211 5823 390526 193604 293345 923803 202450
944308 764319 398969 793795 96309 557186 730287 277594 665652 551971
944313 991849 285370 632725 956688 464038 121600 176119 640662 777022
28993 258296 45095 528628 969118 385879 84637 589902 950630 370228
788001 806925 703814 529926 508735 746877 841213 795777 835865 911681
356380 79749 935976 762019 148906 403092 693511 418223 832336 923817
457993 439664 656308 461753 181249 838234 957693 442377 374900 944757
721747 827466 648792 542547 908115 506981 385747 537892 417574 995627
573750 542176 723729 116202 284918 211566 860333 899856 892578 402074
344389 979662 579264 555249 169499 465456 325863 220185 360906 583669
883517 59924 208666 540826 373759 504789 168441 829689 494040 746278
989811 902474 222837 522138 393636 630403 41959 419950 547341 520488
896817 267209 478633 573355 687321 706091 676747 139771 808529 426871
14430 685418 821900 512850 294065 322581 900883 767284 724437 338522
279495 594176 528768 843692 219328 27022 53558 291772 815319 515836
822947 718978 615870 602466 116836 331379 731094 630937 942139 212350
421588 762341 976546 91915 373851 719496 84964 733345 454403 981850
229188 234287 647996 818050 475027 414574 812488 959700 503689 243304
53178 508879 102627 201373 234977 301537 535712 115126 173558 843817
105241 8931 703627 704022 632958 891468 390712 517485 499015 430228
227104 617834 925023 771756 37537 761136 92888 35502 79808 169289
815966 298083 797703 613909 414407 792663 737698 604965 91333 341246
904312 704061 727484 780271 673490 753682 559450 649675 671375 67690
192693 930485 589201 860182 192990 803646 868740 365789 438194 555245
96523 938325 148340 72634 235072 59493 108804 38367 476252 63921
603970 443826 544174 160242 390249 471183 64648 477463 518109 48871
379870 173268 532934 920100 477119 702655 846894 917736 466689 391599
417184 428378 898061 172529 595785 883810 740210 965765 51136 909703
370257 21356 971898 189820 186243 557326 789975 63700 999794 45922
65630 445631 150470 611711 635671 142063 81156 540038 794744 362844
746858 602052 873997 738326 610705 764465 450108 236460 649754 722371
303649 902264 213888 902673 818035 807904 318731 880199 395447 691253
705847 473472 482718 976055 579192 431173 174198 391782 766514 606130
929162 691273 116039 932978 124106 359784 467486 469370 282874 582605
166119 910899 497025 379884 970356 169278 425035 713985 754160 652424
395121 814261 216227 894708 423566 628444 155954 602819 425672 892926
831513 379441 49198 838656 133476 651613 245810 934739 35225 948137
78809 973830 125061 499800 151178 356125 603751 865572 354036 297856
350752 758715 964794 32794 960492 744014 488284 594995 310660 413601
705554 965836 935355 87229 668151 625293 188027 278061 128371 504400
742558 974263 363579 75210 593809 923555 795835 81546 843585 971123
72242 471869 708003 845755 265205 15328 43618 968187 266207 702394
569006 150391 319952 983863 833462 686436 645791 792762 240010 945791
312723 639076 832818 556256 340149 786446 336062 172845 626243 38473
102170 136952 800083 703565 899841 522708 448481 797771 240490 816107
528267 866963 81463 330246 351602 464020 922100 210831 943720 175368
731949 23918 642078 288849 216666 303893 112684 974423 1051 984731
227437 272306 827517 996486 221950 86852 742003 556310 540944 754822
317510 745397 280454 129169 575645 779229 368753 671941 81984 997511
384266 898510 275251 800027 168811 874652 259307 498655 176053 93980
936649 938808 141210 260748 351571 400324 94212 967053 295046 569528
656379 833293 717803 468643 249519 483939 196275 751002 724553 986527
640204 994507 807977 914981 282889 620349 711008 448829 389826 583824
988202 738427 122889 633477 547649 846476 308678 37772 507587 472763
983953 515767 875966 827592 43677 774788 580626 881385 578590 464579
684170 997435 647059 31342 773176 411979 152814 974044 228311 452551
487709 595237 483515 623158 111253 197869 110423 799121 686274 133743
450208 202648 138166 320793 724941 656128 880787 298981 679680 421750
70604 225831 375082 779635 621827 246256 889077 393377 7304 359382
780164 309271 336889 373454 621186 240119 801661 222555 978749 982184
389553 341529 820433 512082 573888 811267 393039 459487 833280 507077
624259 766106 108991 74718 171799 108435 800186 422725 256808 888522
145638 745589 357771 503561 97317 819609 737887 704220 439250 30982
973581 817671 490782 205361 669359 98117 57045 460840 735679 722139
403572 400994 96865 587657 370457 43652 152144 184387 426674 745562
662339 859467 425759 18706 218328 102232 559247 859220 999869 347102
204785 611255 274945 483274 911739 605707 493270 748369 988928 120003
818305 476192 363288 852763 784215 917240 120275 912012 923453 695540
688820 894124 68261 590251 936445 408670 151956 351339 262184 671140
195249 20507 138000 304657 626738 85452 277918 764488 907421 813050
941855 939354 747089 233323 175813 867170 353231 128958 16505 917518
471730 244042 339892 16566 586 747209 591532 589676 284917 729063
47357 560356 595977 166568 547451 907652 879934 294936 440625 266239
418062 840034 802425 883818 632290 884288 563852 777696 8504 95526
513858 416895 774640 904618 51906 468887 855345 238089 279555 928343
316455 997272 69873 149848 619317 507739 238236 619525 720788 453997
486463 60613 632488 175858 982017 766133 526524 364166 587290 120563
98635 679067 263754 146767 467679 233618 900030 898344 385872 96533
979301 319449 577841 702975 555005 378182 546089 448425 393542 321126
500163 473641 950865 701287 107729 982848 137100 985789 340782 150518
698760 561334 761342 489010 188679 417208 504730 782182 612719 964379
386552 166888 685091 269152 736968 824792 580127 120695 760426 620299
409400 993215 991433 803457 63609 261078 458957 199091 675681 624631
879580 194308 550316 847538 285565 530730 556162 104634 98301 630109
401450 246875 633051 780782 277233 202361 915940 498266 822603 885499
984191 595555 718547 961001 359155 928925 671343 650760 501961 374386
145024 620504 835222 77441 34899 627379 808220 928479 377944 213664
436738 647435 44226 137830 742536 927852 554740 354320 203406 118105
614640 659962 35661 913451 792311 293628 625007 964377 83345 182790
476018 488668 410445 821599 999099 195411 38917 115392 239790 922315
55454 428530 115435 779287 621653 944562 394958 197849 358465 477566
596281 29971 118290 657833 198002 242555 916302 318982 567971 944447
842996 779705 844292 380720 134513 48534 990223 252052 67708 187758
864795 199432 450059 523682 24763 843918 488197 236892 593382 626087
154911 699900 866132 427037 56754 815871 593435 971240 13199 80864
239470 787186 482298 876796 871107 569873 478785 365662 967552 877082
681283 201598 310065 871182 444816 734162 294625 289085 444568 352246
884945 229553 643366 463097 770502 963555 251056 974441 271723 444976
90513 271816 245497 923618 478911 741126 963865 719094 89695 713842
637842 96505 338421 838295 701104 508549 41099 646155 511242 593624
462444 699503 382467 252997 461917 361212 480830 266846 358020 185884
25850 94782 821409 701062 183487 984539 678772 581761 977776 520485
16690 711564 223980 521873 362642 161661 792680 571736 451697 721949
715411 956267 361330 987990 672861 660844 140330 448598 994999 733212
760749 515610 883984 622114 840226 285006 916989 498184 822114 461263
717157 303847 141297 542088 914441 989817 972146 710387 663818 12723
29450 296568 147991 226317 865373 593155 634557 188305 31771 433122
236607 898209 1723 32367 20394 337089 521167 459598 966005 653316
900895 991877 576965 673581 223729 575739 694123 196270 130937 205616
684580 642043 738039 561825 782949 898498 302246 821449 387364 412501
462986 824508 199182 484333 907120 655251 529817 994985 80857 533798
562886 571759 27246 240085 645037 63009 794802 469343 444040 568428
786560 437258 903306 778352 88397 817963 252014 29138 750527 680251
844168 19875 718022 223589 977619 19331 852244 97835 657602 855169
82890 771869 618261 924862 437770 935212 728381 13628 637386 569690
386581 163031 50592 199920 973653 254086 87188 579717 433555 231152
185836 808598 783448 804094 326853 975205 400987 539106 735306 442391
7210 243252 617597 833881 518043 82635 394836 111555 18315 922466
78156 723474 880983 369902 417964 424753 141491 385973 355408 818352
571783 311469 140827 242554 101330 810305 889712 296810 152373 311712
344612 21023 447041 439100 419438 88714 953119 889523 774642 429514
127490 202799 913278 216190 90768 349996 663416 109714 617826 59470
662589 499324 471307 719931 71614 309199 132408 47332 612460 460916
670993 975968 848578 151904 425171 466564 375855 816241 631499 704057
252895 153798 197603 419057 665765 452373 162030 659467 632674 334416
513757 327031 116486 367030 226265 347697 32747 131429 699649 920581
523429 443981 55115 244407 721121 752227 419328 949446 115069 120551
71397 243032 539194 101273 711828 698212 975425 372845 611385 707002
159107 460772 909713 606430 987583 306565 518973 200826 104183 554351
18832 637828 220796 809549 812573 343888 874224 484624 333191 758208
57375 212531 531144 499234 894675 779353 444339 492408 910062 916029
595314 50714 998847 480585 303611 316266 14818 543504 114215 835048
496328 542559 877413 66373 727957 386183 983698 676972 213874 360154
632360 489130 942632 230800 496930 934235 774821 896498 136536 575411
865139 980105 775069 711053 985814 115919 515317 980200 785659 177650
516700 569799 606861 799836 996123 647769 868043 739043 856643 21357
410660 650953 505723 674307 464642 586871 529499 76102 308944 372414
884508 668629 720264 231605 210948 151803 343244 767465 708348 795468
843355 212740 547648 312759 973826 680514 941460 962324 943114 494069
839302 927481 314114 261316 245270 712917 221848 433723 385736 857770
664119 746326 17360 197148 854796 510031 318455 699280 702014 880710
254228 573103 92478 35126 114365 717616 624105 382875 976332 255488
145376 77119 459098 853482 312521 323092 909851 353678 790520 303760
169275 861131 499065 300159 994096 317310 652539 547584 551230 701067
965504 829401 508686 329223 297724 641873 128295 853008 718321 913787
354114 468486 576657 458763 364425 334601 353613 303931 819325 222106
611435 797727 258407 781511 180525 335020 511621 16147 680639 133581
401754 837826 973091 734847 440104 845347 359446 678054 160927 232531
199021 892524 724657 956086 687388 917254 976260 214995 503826 860033
550093 933156 229022 585567 995480 659146 577053 235096 213589 579656
28263 212074 872861 309354 957314 496812 816195 111835 8663 87228
687028 644008 5665 395606 348166 676990 74012 912335 967572 952529
115947 415719 639306 553335 572233 716373 481641 266479 448815 170682
106652 497954 543231 700523 984643 750010 485768 477255 743023 598589
109784 957167 514251 787538 717434 126726 917601 276852 234284 484774
71819 177361 197937 105729 746496 943807 850759 819845 7698 652250
534051 502099 924620 797862 367961 277677 706720 844722 225522 578101
19342 341087 93585 390100 314286 667654 231665 921454 218396 190484
53542 268018 958099 427574 620882 924424 992653 522984 922942 438208
21103 332830 627295 63176 782667 331214 7248 855972 77444 710539
262099 989774 407881 500601 26899 730835 193144 596055 473295 748554
448368 15670 263660 827766 7939 700093 212022 737214 71821 811293
106886 600720 222954 334796 373374 949545 708996 403745 557550 72892
324938 78364 425127 108424 485457 252265 442589 194638 417958 936544
152695 754490 666544 215797 355824 782474 289004 259649 453782 134238
52046 788789 749408 562956 232636 814552 786765 683592 784084 26465
911567 189400 538285 71260 559211 194150 657663 287152 918265 828012
67805 408356 388891 113012 780549 517449 356728 806656 545589 43463
368617 611174 396282 167759 51924 16954 12897 741012 658776 811717
216946 659888 98467 72171 779037 992948 225505 826551 262656 501292
392844 734233 849878 612515 178207 975382 310165 696676 479948 94137
153916 255355 26501 402576 778258 351173 148499 923113 20040 429423
204537 265203 394413 405347 227331 128125 807996 501037 703028 962106
597014 623826 615067 405010 629613 88613 843823 679738 78169 489147
807163 417390 153401 252042 53633 757869 45487 443631 875236 312086
121209 972326 908521 283301 550268 221214 277339 857178 725571 870189
11524 642490 780611 779493 3582 408967 712895 768667 156110 817413
760686 310759 396927 146994 35466 74340 615454 73219 407101 505823
79914 266017 542878 908357 380630 162801 500097 946214 219275 333923
18262 667052 124769 136295 215296 890890 798679 816330 629814 140246
315401 51997 977279 454997 806774 454372 398370 550177 711683 721982
108605 555818 116331 131974 615188 30714 322369 972114 747903 993918
724061 660582 941468 247532 992416 348952 926227 51581 772406 801799
727217 416422 671747 449775 285197 309051 528596 137003 373760 192718
978715 570453 920910 108207 699198 919978 853632 971572 745512 606012
486345 633658 959375 852757 722969 267020 392956 837385 72888 26034
259887 926326 737785 195580 964385 902696 547034 953849 454954 739647
25916 157151 68351 714504 538401 800129 880691 430664 500279 5692
605976 620370 539046 915708 932839 727626 952712 255544 252079 770690
892722 660857 201165 875552 70056 921550 354871 47319 319930 122671
840524 980591 573055 629319 493642 836260 697596 662492 61041 872434
725727 849443 841720 680538 126686 473738 8045 720826 287990 436376
374793 97632 652434 286518 254873 367331 794646 158640 878402 493504
542544 20439 504421 932813 708472 552789 350663 486558 504584 691263
848408 767999 570366 289941 875807 525464 215076 518136 824487 856825
910648 106764 471498 533121 643974 873421 676218 679460 824915 744003
589518 482778 331707 698663 917649 154708 801980 343641 850208 542618
430027 846824 673823 324608 125941 462229 128384 734254 666835 195933
49824 507083 168829 153347 388799 711933 301111 589112 391818 117653
443696 177570 377766 503397 957790 714481 146049 632306 302289 924789
24882 888239 403320 48140 156600 560286 159343 581345 733802 531965
64387 680111 126491 732475 364141 106481 750093 35336 601550 749432
722681 543378 528438 761715 928949 381403 456051 732352 954896 635496
283242 263635 112685 51904 769297 49903 841496 511418 474170 863942
56929 211812 993398 520094 237872 21909 403543 339415 866727 979215
84849 789484 767961 248961 360448 733294 343751 637562 436603 909962
738628 226436 680397 402176 978288 713871 726001 414944 473090 111851
574032 939386 256730 815288 286206 618095 56290 300260 775246 229271
275301 248598 837455 691157 574707 751430 24928 977754 652196 13837
958077 632385 677683 778922 847137 468978 375950 562004 953346 35445
728203 962150 743107 586317 430199 825003 854207 842380 735761 883259
15032 384439 887710 606717 275961 442042 221492 359869 898241 518080
573939 938261 478702 387335 108077 732964 359053 202877 223227 932927
741631 979028 493183 339220 554276 234958 199141 915848 963096 193345
655775 749383 9291 986680 225365 757130 422894 908959 821592 187397
281262 236611 382672 73759 596912 212117 752778 592370 153045 176527
877269 830806 458489 866687 740588 698068 770627 564866 440371 551619
680358 653938 4437 79419 781145 485645 728117 736869 673636 737702
888906 370701 58838 38145 518436 723951 940903 673741 249730 938819
835650 495972 40968 79762 710555 322731 774655 377762 883904 418956
875367 650406 81737 22849 712415 410005 496958 181418 755876 441446
347071 53174 616979 565352 685756 413287 208904 938976 880599 478752
411567 622592 247534 587437 547331 276626 785501 24541 188503 627833
139935 510912 233896 419692 110586 850765 154879 317736 62355 225938
994754 76206 355234 766466 602915 736421 750013 77207 90477 477124
179141 329432 75860 219276 108815 664780 883089 851857 234710 471538
34813 451617 458609 315816 240362 319276 736932 931756 678118 675871
762994 75734 951760 132785 73065 93888 132561 341461 611390 20493
264906 508004 774806 588914 800817 641864 628226 417273 965672 829748
497447 800311 860450 964051 387062 558788 319652 864724 639414 743214
623945 76778 710806 658141 88888 61050 397140 535335 91025 839357
713556 112933 523559 37455 721620 574806 837485 53886 571072 957080
700497 987328 794528 244083 889484 999579 871389 383642 833103 813853
121041 949387 134635 860147 407661 173475 252998 473219 919086 297459
873211 210687 215085 528509 75316 879167 614969 809690 495990 622524
405753 913953 924592 649038 298863 260028 324785 343518 277108 322120
490558 15448 826906 143909 492609 96225 375902 358453 851636 385051
128073 653095 58083 481418 46277 800627 819332 462208 102944 280899
387740 859259 913929 689266 444848 130772 565084 716546 695285 754584
534989 864487 92672 56405 336714 144046 228730 960057 901140 783395
798644 945751 260382 538086 37530 879971 431347 742296 276656 398871
695427 420439 172378 492377 217415 53631 646554 532163 376647 797251
631373 770516 720406 511295 491715 625981 548228 602398 784401 784675
805303 239891 17418 447185 425551 241836 638285 269216 954608 536600
422666 575392 828582 594593 317494 74887 398605 173330 672192 957757
484229 649474 358590 269951 321490 537165 610089 734734 982763 20244
926288 662097 252278 969030 89953 466761 166629 477311 301935 926084
592265 931543 295986 143018 733081 62590 291683 86086 693409 455874
412124 150744 855609 496485 62421 669110 636207 904251 254639 913135
611066 721059 816288 239800 704050 896562 247659 527866 896352 923475
32712 525567 630918 73121 29698 671826 596422 440598 686656 792692
524712 280080 59357 705450 93946 513586 822888 536735 629758 708210
616623 146860 773595 842717 431661 527995 363011 410191 631211 891996
754673 128203 405480 679835 477986 332857 231831 671023 687097 723354
836950 466094 852590 997879 976062 31648 90789 388380 479381 157120
366010 715181 395981 780206 332250 66446 101369 983000 465016 576296
33053 197856 799984 962682 266333 526628 417842 466064 757214 898540
761496 392395 206283 252724 732448 245383 105091 902814 297969 707835
430537 343246 156772 943378 478473 643233 74431 505806 29442 955130
351147 210055 910405 184744 776677 828160 45325 678533 995655 391887
995818 738335 759654 952457 914600 882695 232212 799148 785553 548758
620274 116560 949795 423163 814653 127034 651330 705791 545280 489128
323283 211835 751615 27454 832820 761403 960002 603072 948175 493021
929545 825410 465744 858902 79404 12680 223187 399891 523781 252667
570965 18837 175564 247029 162753 509961 698454 393049 927256 822372
218588 434306 425896 352940 28760 336526 258297 237596 495299 757259
600260 341795 834259 140263 110832 389597 456497 104464 585933 87440
233652 597550 830138 231396 473153 33187 859645 403458 708221 888368
323113 549086 886163 928714 446913 631876 276244 801131 253502 634064
180745 786909 846771 964608 566140 457937 347322 812687 861128 726475
824543 431507 376545 885078 591960 874201 491092 290934 503978 660525
328278 276620 959831 354639 520476 314463 709606 446858 664439 831771
962042 807063 857937 130450 82997 435843 882430 105959 248112 684795
19123 752909 402624 837655 694795 511830 600783 255450 415988 174562
202950 788615 656214 907198 16743 475742 314 974963 267848 382293
509658 688413 364288 806443 547873 31331 862916 499162 382016 510406
84373 817853 683721 38584 518335 5834 783864 889121 396704 461541
452597 647071 441578 86382 894380 840771 274323 24989 300557 271888
421157 964816 115979 332299 221032 31686 843714 419493 390821 949243
172625 42324 859019 724382 44395 502676 532285 74397 755580 337769
57077 937113 862091 287172 290930 258654 339796 200926 625063 121221
216156 209280 549060 344054 414114 205414 566966 649951 969848 825689
844786 210823 602198 587990 127696 953750 470674 242419 810757 479782
306981 540364 277759 35623 681858 584803 87689 534195 174404 277654
621081 686996 697559 135416 507036 307788 742535 833171 248182 932698
684692 853486 754712 94275 113229 176890 790494 818039 152658 950781
73477 538939 70122 660207 977916 507015 276615 786456 623976 305107
306013 119940 393626 823575 153784 154223 172511 78817 694920 868309
517719 481270 381044 725037 104520 218500 518191 587354 359643 213792
977176 826607 467194 595492 953772 873087 563987 764754 540254 978496
732738 161394 208179 459036 946865 984180 744194 434852 470542 151958
481925 614213 83519 361746 443043 37829 709075 195034 877467 315787
923642 452533 604914 622013 838582 491610 70446 704014 299615 205968
739451 355435 156148 30154 314832 706108 66089 930547 986989 974380
76279 72752 470458 761062 585078 641587 877654 250188 947693 153228
902409 71379 757945 514424 982502 790241 483024 954374 601765 763040
122113 615621 775572 35017 379260 621669 268407 2890 251060 810038
726739 532989 806493 461358 291171 232130 72943 659983 73768 565165
266296 444321 330681 487121 954367 557995 544957 903878 469236 100431
341936 739296 535438 966218 951274 165321 800888 634157 561593 925980
600782 661509 811597 932002 920866 101298 563911 434727 245449 206958
618324 701148 41625 664303 139270 177829 123850 519059 592151 78986
192394 752440 930692 768776 806129 175590 476044 734248 873757 362005
719462 112211 830802 982685 901935 324908 685105 693339 142086 562596
826433 375657 888668 388689 401948 971392 426877 688040 256699 93483
60027 793183 690382 294533 326543 545165 620198 656445 320084 970170
490862 22367 284303 960417 422145 155463 814717 84155 142546 698598
895742 491673 560509 906325 499643 445036 159671 814153 825896 893566
108653 789004 461741 496851 137335 445519 28856 957438 213121 163265
800413 399014 580136 859105 521514 968787 971058 856417 832953 398694
517617 96146 409481 1883 910684 345164 716480 120147 240190 817438
118039 309290 571264 223254 605843 350447 436631 83531 146143 284622
611977 797200 115968 816967 675672 76463 831018 319752 348741 980796
866313 23336 154383 129387 209200 941136 301688 174679 87900 523163
18839 194979 366509 698496 949709 744818 102858 662660 940266 744706
764001 890742 678459 53677 133644 878178 390908 691876 217535 816406
985385 703961 618321 232838 675924 326145 219243 217525 40066 990249
641529 380767 851030 146062 337311 200817 364326 570970 866729 85607
300790 438809 432448 676352 949467 48351 133376 805851 277981 239255
543479 788029 37637 19586 490531 416905 200334 252235 469643 296196
172136 898235 383234 910978 46258 441986 925060 810389 272825 878071
603183 811732 375639 434169 584440 168908 278532 411693 679948 485012
503913 672443 13320 851398 225799 68140 630246 40775 821438 44383
649435 341344 838534 2493 132174 497163 618468 228307 566574 927492
736326 363705 814811 766109 184948 702204 64122 699154 155311 612660
360854 634010 62326 860256 189623 943598 879514 618787 443089 936264
173925 29060 306297 697914 176264 229794 514492 702656 745273 735016
771660 556073 118805 316198 527980 713883 66913 207325 614174 927906
224718 121606 207216 551172 694845 85066 217226 276900 933353 234770
947931 998468 96070 188852 452052 518711 585955 677761 712408 335341
889448 487650 50194 378371 139408 531645 292339 8274 527518 669303
25356 290525 798895 372287 708547 599220 202411 675176 943798 589726
192403 341444 821826 8860 911032 961464 804725 580605 173789 697368
415684 77513 67009 349100 780017 95950 138974 754595 400451 962482
44856 651850 301871 49225 311831 106082 757623 680727 256522 917437
883388 63024 960162 83655 199452 103079 149525 509228 792578 932730
51738 77740 829751 605733 888572 84954 695742 890797 301312 739748
858195 317159 577226 469065 189472 492790 942102 74210 854922 112775
896932 663423 853392 145892 508145 429897 984972 50808 136457 862282
451762 178291 383168 961811 701950 581432 385200 457934 283096 338425
444162 908302 68131 261658 671326 773823 491311 89585 946296 827276
537187 736980 738112 35895 759789 988368 873965 502656 600437 592739
661063 34853 400582 518999 982528 787343 575446 160358 148924 577496
913814 295049 510958 3884 357311 343591 860485 776131 596737 18604
820235 631485 809333 574560 83853 656966 387011 489367 1890 898690
315354 75691 93417 119394 646899 945808 354789 103126 404926 496632
792120 348151 926432 835789 398255 582641 384051 209478 501418 584968
253540 210966 52263 672765 608377 248377 517514 515940 193086 514445
108673 996371 733881 927311 935256 572205 183887 648736 611169 856869
982808 32294 990982 815487 317573 13619 534614 448529 151646 226921
630980 987342 258413 683116 724807 786032 350892 503332 319355 724651
249207 902786 56101 997242 733489 511712 104523 363382 560066 206633
173812 246730 446656 804187 743919 653166 330277 584835 693466 470653
972801 229067 712306 95733 565792 509883 798923 688963 77349 481875
350596 749243 758427 895506 450990 484092 231898 11362 363768 784003
28132 183666 946356 650822 994217 568014 258127 370284 344060 992042
273101 534680 86157 804939 468105 299476 508342 926720 11665 802641
731637 533077 122468 570010 149584 310048 564423 929829 975142 285384
612628 876370 511256 479853 476546 158989 799326 955239 65007 203635
198450 758891 631578 285343 154574 414791 108989 226346 388058 960907
899547 77260 119553 241592 714040 299699 565114 118974 674864 362951
995989 371564 456109 131941 247181 822481 819285 37385 264879 595037
795409 317977 847975 521957 601745 307555 345671 204292 119277 720695
907199 195412 287818 921607 461537 832736 384881 187322 403552 824241
623219 851220 782936 215442 853352 831099 143036 871467 675907 598324
585452 34887 100294 967298 116255 227816 978096 442448 602475 748463
626762 238721 910997 135072 145181 944270 359457 833477 890095 145606
239398 147079 80652 571351 687442 308799 545908 235717 116203 986640
491852 877262 177210 527165 825290 701338 601362 141181 535374 474788
718677 644451 853511 576526 137434 794516 285198 258114 537973 418810
765911 999120 353703 601338 752554 571416 648671 362695 720212 552972
915152 288880 690547 541053 81755 213628 200991 80354 966246 773133
717214 380614 700132 427110 342008 922428 767315 984960 317740 43383
391930 654931 890804 616801 644183 61066 42355 876193 814246 550462
215308 373756 3451 987198 69768 495275 223820 464185 222086 633443
890765 825929 341894 766192 414744 228090 367956 31448 500 268092
223631 55314 208938 14745 250489 505410 295704 613401 904449 591779
899121 546051 118931 765813 328205 244918 896784 536176 518878 978053
802178 981606 21978 375624 607759 631495 267369 988263 752548 127846
403260 176012 567581 608474 938772 517924 507204 478828 899712 504928
520081 607345 231755 819083 557470 256419 362472 642108 28233 386372
376022 211614 289891 201564 953503 603645 828387 737371 400180 500428
95572 878364 337783 411486 379509 857459 390260 582743 831175 137538
754096 193481 244677 552738 446553 50010 793269 52108 74117 129254
843843 923080 295572 47903 559316 69580 564689 713577 73333 45716
40998 376756 404622 717181 890178 570297 910226 368059 484609 311253
944414 583261 247890 806686 437334 335116 485191 483268 426909 549803
180634 414201 406798 742391 82738 453832 603699 11410 404579 808606
176465 459696 656958 185649 269398 691813 305343 352771 738521 812927
17236 509393 700676 738245 917993 762199 366299 982712 444365 881080
696732 576280 425388 994444 563449 271522 71704 877895 712414 610857
86626 656030 119533 694229 681582 377150 574061 845206 133504 252597
631293 276234 524495 942493 738061 940819 329285 141484 195884 550304
50709 304538 967616 160610 105868 756551 124133 232663 378929 264261
411343 597008 655680 942550 190859 618771 108402 382037 939657 761604
106213 689337 585126 693118 181111 120972 95405 370956 421469 547330
786724 465977 684896 423404 326664 189583 920245 86699 290047 433073
305308 530822 405152 354009 387704 832541 263040 675456 380136 541994
905133 905125 841755 711031 186367 229819 104694 149555 391117 599551
541717 720148 778286 904164 319280 825062 405316 944994 465390 132128
760270 750861 496466 759161 528440 775786 540036 989496 904018 849153
48118 553314 585848 196322 463494 316034 541126 743272 6837 916352
679274 213245 72397 375480 430895 657712 905519 439246 567644 713341
810223 441907 407886 942256 557861 540340 74402 478820 942578 714066
456741 790753 850914 833655 463440 24817 360387 271519 788416 673318
956152 391876 213576 863875 180883 165989 257244 266650 710618 357568
618703 389034 842548 599261 591390 686283 220381 941419 724935 873646
87370 178081 303379 957361 256205 843405 911488 872921 579579 75155
871463 979893 154369 706867 264505 500617 208110 157812 71811 978245
643902 32431 330088 416829 479282 609545 264280 802096 752587 60016
309773 435284 697524 115419 278410 325386 573376 69773 83649 962901
445938 481551 460656 65985 999656 1619 717337 158770 906645 752635
279388 212423 253662 301696 310059 679031 390651 179312 384931 214416
391362 950070 893293 809129 763378 422933 196357 983994 581788 527499
88659 265865 23975 864842 744889 213495 806567 627736 18372 396175
694399 883469 690330 652756 262688 347123 950174 366177 594829 164702
487877 89170 239350 139700 27851 320505 677252 238718 907377 845176
654034 315612 266242 978271 954948 157339 219046 607704 614674 271006
901462 25587 170532 116173 561616 637957 224192 605197 48594 213760
297759 274962 386940 99175 380658 909195 102564 502461 258092 894666
754053 97139 535416 925390 576888 282876 964984 567992 69025 241197
375184 639583 811753 49681 534963 141504 112739 743682 458413 319208
113813 53191 488854 277831 18058 617349 246659 961692 277183 479691
486581 312043 307422 508624 15619 856384 592838 204400 678863 842295
846911 938656 972332 197530 448433 385316 375286 616125 115405 914544
491563 410467 144431 53497 743840 721251 129739 493148 600933 863654
446882 103490 27030 790559 699127 628887 514641 275357 776432 134514
586841 886887 575183 228564 360920 583781 760643 512739 955681 685036
898983 439648 456034 502588 805985 149539 410611 243747 969126 866345
598891 662547 734136 385324 10830 419615 442254 329305 174824 933162
353069 151823 183379 534111 825810 410092 997095 402586 435803 584409
911796 247051 60062 178059 551151 213838 312427 934254 382602 491650
358514 585879 242866 77135 189883 596143 474838 904248 279465 629983
874459 5207 463185 730240 427385 956353 717355 329170 913414 961015
934283 307791 156775 275136 35079 83176 936825 903381 262351 230339
951081 423132 91171 353676 501983 24932 914293 225599 275004 859920
89323 700875 312796 960160 719194 521609 909987 579746 40961 917961
599578 761180 184700 530780 8815 513227 228411 912002 777586 231753
320359 813529 659074 730874 9733 320787 446242 676418 844228 703655
593069 527422 226637 891064 230351 745268 807874 380457 68489 129464
450709 623869 149950 794625 564901 779186 584354 386596 143179 300793
87552 621691 910545 552610 787500 375724 749537 741981 424117 751389
949043 232796 5590 148913 125966 830922 354752 252301 311348 80315
438824 822612 359031 751332 920126 116482 405511 839845 801434 245000
656457 470736 479922 71464 924393 128531 20464 402817 904964 823937
819580 981522 330204 338610 596528 915095 128727 356743 105566 859486
431558 4368 386399 237448 503264 739146 903155 806463 688973 315293
654222 325025 641024 434153 625332 988428 7294 909841 664681 413502
218012 383510 5746 153049 521850 228912 467519 658689 497957 829332
854920 196621 624824 897114 564788 672903 326196 697517 778112 236170
938392 600723 664480 450145 696599 112710 296496 589751 302711 121855
207991 979390 581098 766137 59580 573687 291317 385404 553522 148035
668286 569436 904697 691986 60897 764710 781441 252734 552294 54180
654670 655320 839609 930349 537692 675067 71219 714103 578809 707641
164871 590627 130332 237193 222212 406355 531809 594434 979212 210939
291871 229311 317632 32352 605566 604615 735084 299732 474248 924462
450011 521773 591085 61878 205643 631807 165613 555596 477320 449952
131367 857148 130173 858167 849473 993269 696393 899097 130012 770389
3396 770435 287872 174934 79933 749897 746464 221792 260002 152086
580788 460359 824368 51483 492061 61489 44140 245567 459669 43519
602175 711195 437315 767199 767710 729885 204057 995992 777668 894184
382911 190434 316518 243276 51677 997479 646995 763178 215226 184841
879661 897640 450104 893685 644440 801335 520121 534283 61776 571519
419829 947952 437340 975867 510470 437150 55216 315802 37559 933511
409916 480666 637936 206931 402762 250793 731491 941877 650776 705977
538031 441438 28304 380403 642973 73112 2676 8427 208982 775569
736425 780041 81647 754944 658442 184546 97793 235612 529358 370862
322249 877932 849734 275321 677637 514762 994976 981957 517053 408790
178366 604383 741402 805871 63550 636093 666862 160917 669434 558528
772284 286671 952212 123751 759330 818596 716814 938473 270690 347936
744368 301428 929003 715834 902845 551707 747356 591593 128171 677078
772145 594126 470613 603071 181994 595018 321295 148565 255844 377918
44749 231942 228788 558774 387760 267750 293656 638346 169923 238268
141188 997319 212916 23982 782829 982723 18855 566901 135940 109667
11184 971250 253995 860567 989284 879778 892723 419362 538639 961232
914306 631076 693708 869389 872297 151749 427392 500080 138379 27625
796742 572445 346366 308059 287148 634429 982039 784063 407431 714654
72086 864151 667451 705881 40096 880236 92454 217619 8237 621825
535755 501394 813731 619399 422930 617131 15174 30883 338614 490498
666760 794246 582817 918165 603772 749323 522432 133144 664949 255158
753941 965104 39953 884668 542755 411391 152764 216395 85131 524284
418109 63247 651501 949732 935543 859666 40033 920692 556711 634941
866018 44954 252008 541334 289350 327045 162215 507080 853542 635603
574098 66731 16253 861326 251651 501022 678392 482925 173911 290890
636319 593678 681396 910639 646742 274686 945042 412604 112945 511611
433935 163238 110809 757268 679712 575281 99916 148106 529516 612685
969626 294004 263100 857933 747864 951514 85681 391675 291339 729815
101227 553967 285519 19146 8373 277204 210409 1251 433322 619949
250677 554382 95751 664378 63806 51541 946339 153088 852358 101436
245428 55787 963455 490981 473522 778730 880282 151291 675969 791744
22018 478185 747226 604056 440097 974457 439692 708222 474019 522607
652241 906979 545474 414521 40634 126916 914420 917343 135907 341436
366405 468712 771618 545171 306158 995476 686768 205954 539310 210264
714426 547936 977544 620698 32649 539934 511882 851610 31175 596120
176155 37617 648479 189817 87366 244960 592096 795789 732212 619204
166911 835555 105055 243959 640581 172752 700376 452978 722379 728505
126095 954890 242443 715979 780412 785409 739415 965091 1513 101611
862094 763619 586023 705259 887325 125732 52579 239417 343153 119598
760917 127924 388490 158416 65202 638973 704485 350940 116338 21775
559104 788763 790640 228256 22382 397982 83893 869680 350552 96762
243846 854420 291784 175431 81659 961805 853747 450542 656166 113800
926050 258264 953371 909575 270799 590886 408771 255682 734854 100994
499949 767253 879594 533555 954179 207188 844909 842518 770703 282754
311381 938153 214848 521806 247949 381779 654574 956310 595585 925239
582523 75086 940598 294897 256924 117129 12453 268290 355021 138387
695920 669273 751121 784879 34886 312168 380033 419157 331235 495201
57743 901132 608382 855025 762330 71068 100336 207590 649219 172288
793914 191007 693358 78473 947874 878532 86832 954945 399800 38688
449345 382938 235463 773087 29905 949489 712064 292750 752143 758567
20855 89539 473732 929548 463534 964789 111844 377384 601230 748480
807112 29665 31385 133759 347950 110891 24596 728033 552539 368333
751978 673435 530479 90665 382759 817258 671980 161521 327819 599869
412240 517323 668384 485996 364929 538048 443888 836737 350551 121796
623091 895426 219300 322647 798950 872795 598333 187153 596905 541132
828516 951773 546377 829554 264384 10458 232304 401116 281076 811119
218787 914412 540426 907813 267105 910230 439165 895832 186585 989045
846405 896319 893899 559924 569264 158774 141956 769675 565909 710018
915515 268887 804566 55570 422155 552660 816671 726935 956607 971522
75586 525970 893609 215334 921456 787370 888246 446330 857934 584264
771768 747096 188030 759598 716094 70877 867992 82439 438632 769830
764321 259489 251046 191067 891039 756126 527895 751007 684700 685140
250454 277509 404987 610613 693396 907723 903082 496669 646284 847789
22271 209488 791868 196561 317929 728252 737899 634441 510218 834183
203072 830897 731783 563007 339522 674929 148414 175895 235674 349532
886548 128615 712698 443216 916942 92953 254869 129465 335664 957050
862664 804639 90233 671055 493966 849958 181947 235592 542351 779622
340348 80957 918137 305079 178007 542985 850596 669522 554856 412295
20857 229537 294269 949798 737460 243514 241875 147139 310367 846980
436053 989395 324469 227907 676179 169463 356128 808022 515813 18931
360263 460186 969703 809548 178551 716461 627997 204033 114762 171995
763662 183754 828496 210639 768290 531714 560897 565719 107319 297691
103517 164928 148753 902836 884484 206237 191867 433161 294837 267886
456347 443366 436375 867334 152734 367801 411917 590002 52105 348248
237144 611495 95203 237568 285174 625030 77434 724054 950782 523555
524108 943950 80736 4105 65882 641344 697046 970592 267958 326399
11246 115221 298448 413786 965179 459374 427307 65534 980012 492127
829832 369769 103393 209599 530652 443104 171531 76143 720701 451867
58497 333719 29753 336844 599556 191181 374195 407065 67777 205036
457244 831877 341658 629621 416126 156930 109008 421554 891870 215389
521556 646459 593222 937889 905550 489687 664699 210301 417769 594633
426923 528592 466300 113606 85044 814738 107260 80649 94775 172556
462899 105432 773761 909000 1196 610854 962120 208522 276988 742395
278671 936488 365499 122476 495387 538464 108699 896042 52144 472312
765217 970452 293643 494023 322273 46409 67770 89783 462148 144895
253449 516964 487574 233781 763054 784891 368929 840193 476241 370509
819730 933431 639575 605896 9889 145358 194389 839524 986193 707815
511737 381649 700313 138142 384808 816240 968457 535892 238285 983733
138632 178741 264776 994422 849915 209630 449523 928519 15752 691473
298230 748222 204672 226813 770492 472139 979873 48635 216732 571571
338252 397521 33422 730781 63356 584111 69420 281999 665286 538876
158068 921017 71462 584912 624984 148162 398211 100896 198175 251809
970721 498613 513547 818937 7128 931376 419909 610280 388120 321132
958504 946292 564066 351234 909601 96951 627184 398727 529907 291525
76305 364175 248839 943104 442798 134373 900116 186174 432295 140199
545943 431761 665595 659651 465970 573149 997022 335695 648267 24243
457581 543475 808290 698010 902906 2476 536945 774903 404336 443193
979204 286248 259413 118751 697852 629336 954857 171599 170972 994231
988738 750490 523242 32156 295773 622844 834143 931173 300905 675766
383249 430987 753888 549440 668841 482528 410967 510709 118484 398171
26810 683462 36899 541487 247626 311115 777622 148594 473411 119574
266672 713983 922930 675458 55797 973891 657599 305948 186352 968404
722005 848524 113592 696918 286398 945979 966530 762035 335794 524818
463049 62243 184386 27743 105819 68331 247279 22194 16083 893888
474073 120960 187031 680278 550133 28310 232408 422608 230180 705123
190208 306731 707090 740389 804132 42433 537179 746509 67421 600246
767073 203405 867580 475048 68173 174788 497115 98714 103491 479489
868112 377269 369644 240322 706775 631472 999367 915410 810159 956502
867472 203253 264464 713493 575063 555947 241807 571948 54314 504181
82210 145924 55641 864750 809848 704291 852271 543800 28896 933001
932373 787010 84867 884700 45810 971638 487773 444467 502153 850865
668063 814606 278688 947399 906900 230724 789543 614370 916581 3802
370637 623744 822331 966485 371759 90373 90707 303252 930247 205667
607924 465060 17593 365139 640882 778028 564311 664821 213563 552394
891484 170123 911714 473301 838942 619115 267628 966436 641512 744692
426218 946562 352638 379974 689527 694581 841075 599389 330450 573868
533126 264852 228024 41429 249070 578138 556070 387977 634042 328897
742793 725420 787146 557415 19165 235896 388635 112382 909544 501677
193505 875436 563537 438101 958657 601390 814559 184969 498677 112345
437606 110746 137480 667905 277615 82510 198174 992961 24887 232224
372913 732731 541832 872264 486908 558302 707031 818220 423182 662283
20525 879921 954749 634739 868141 362392 265541 737425 123035 129782
703762 976106 389003 445153 731605 984414 718747 257419 694831 5113
918314 244426 20333 309739 795772 978996 131759 687212 341133 234995
997155 347735 489474 283045 115196 653342 283550 741096 132694 182676
376397 695561 428316 692892 391133 350218 584908 789538 511812 230620
493943 762072 597692 932342 8915 927008 401661 972144 247178 855745
165127 756916 557049 644202 447472 25995 940318 183966 644149 775438
15286 242090 441755 872008 605387 270628 650211 663278 453719 668983
180167 549396 974355 874638 73772 82743 355499 421195 230697 79961
703387 966726 563761 108613 235161 792181 617649 58315 882894 253043
205833 747484 540758 5381 24827 100480 178447 675560 504743 377449
109021 58065 836019 829472 660374 88713 122316 889899 180184 501052
623554 875077 591250 36843 440994 420435 753876 832102 910699 991721
357683 370854 194327 291503 49258 388641 408294 724876 606543 417209
922768 5860 576217 871189 950254 329043 285121 398704 760087 381407
171980 896559 513315 49768 497477 492499 350987 194644 327646 679845
639406 716065 538703 402578 910236 883863 291012 944707 92289 884911
652223 800452 896013 396112 557605 94772 890589 155502 648513 306345
388863 595356 721312 536650 480938 161323 992564 65843 803180 240897
771991 156326 892115 922420 458860 751454 735569 740488 119894 555870
994264 800607 571830 663516 573923 218272 39531 365404 373576 248245
961570 305766 826771 712106 4594 454602 858852 81271 438392 971579
860190 258744 487230 338194 578030 86950 129229 806382 569376 902289
646108 842609 481803 760541 381033 605910 976970 592927 440649 872491
48670 303967 193207 779573 78317 65061 465554 234027 613383 643439
354882 6908 691275 745476 522565 535522 724269 599327 220117 324363
222169 411046 485865 618386 168610 689076 199320 725589 570888 627277
978440 613037 238870 954464 962095 349207 129770 747602 225685 700054
277368 716188 428273 458635 673608 466908 293174 901149 143085 668112
278441 985850 493346 836415 234629 618430 882885 981968 437746 928839
657818 946035 89471 391669 833037 210920 579345 288293 947315 97513
791740 50791 709750 555674 591252 342798 377618 635520 100621 407525
221826 297244 151992 480464 197918 95414 415502 908014 143411 939024
668002 546887 649655 892594 804314 1921 993209 18212 548531 408833
499677 350867 77490 778249 168735 48784 142472 693723 304565 933506
233967 669751 330916 482282 178760 632111 54981 603639 933266 817822
594009 117192 257471 787927 316788 743531 255256 354232 344962 621456
58030 204163 937880 755477 584563 6235 550009 702561 382359 142290
635549 980544 740016 442812 229289 476394 364105 546307 419988 533639
581294 138918 279491 509123 66822 48098 318427 555566 737655 641551
706908 798524 320981 882222 296271 550890 339833 149817 127368 251585
388594 75557 687160 936497 261353 615005 559735 103340 337169 834842
494465 846178 298537 310134 231806 221098 521166 734391 255932 571132
782165 25513 164334 803736 173717 909344 893154 195747 888490 676128
860788 828230 896400 76540 809827 680490 177094 605169 862403 197682
290562 792665 482367 556532 371371 261161 168734 617388 965876 757767
627847 650402 332466 236152 965208 765595 623004 760817 560473 519288
995608 680789 257449 121780 489164 419490 932940 815153 247056 21094
633462 74715 459434 200202 669022 142021 987122 587998 904260 141829
704455 787685 483370 233234 590780 534692 389739 858582 833992 841506
264617 57765 806485 626135 971476 67975 59741 572793 745555 427971
837623 466510 471579 86501 491433 811629 500504 536805 512986 572640
724942 615882 916223 939586 289744 286949 387900 903752 248287 356912
485177 680421 682880 230679 696076 350529 496985 232486 706441 792257
851021 646016 216368 313489 136185 719593 138155 624955 992726 877884
284617 934649 893589 672494 483140 849366 774502 499742 916612 238318
371960 437338 81865 771164 21057 388309 896827 559136 422603 589909
472087 13043 119127 873749 844610 894866 143543 604922 299247 578115
697047 350065 633316 961686 37533 740385 13365 483748 909912 74013
715704 510678 811774 293011 492563 774651 400310 946313 975598 910162
788486 364112 812059 968797 613408 179752 702371 703160 585168 738405
34053 80700 371128 180318 718188 386444 863273 308091 424402 866014
722918 231339 441827 644255 134391 110539 444773 737008 235371 286072
361076 731012 345677 496077 626008 197132 399768 20164 294820 486489
285762 843005 728954 936247 61284 489211 909618 525218 163075 644029
183254 260543 914736 519309 486453 626504 797704 779429 305868 283031
590296 836807 186294 341728 313039 642209 631491 661813 712805 747112
22781 698800 560556 800462 549161 292933 942681 565933 852243 913825
546207 887135 293128 694926 911575 981567 216195 99509 287789 868643
914015 925800 917318 968333 553614 303377 202252 29935 493350 758890
848686 874842 547300 1497 778743 470369 459823 116900 232949 107505
133147 22167 353743 43307 212555 266419 468739 724102 196036 275163
545237 883374 115940 905443 268050 797780 790419 340848 983096 939072
126984 944780 194241 615982 925340 848549 486426 654091 55122 896982
312779 729334 497043 413479 805755 532547 370674 380118 785681 342987
589936 786624 796381 406589 605160 129286 832596 194334 685434 786245
509674 806580 502076 465633 187009 694813 80613 601885 417844 659529
27946 893400 743388 456967 919825 593460 852800 437601 984717 119485
848060 841697 813000 470608 428927 498491 857454 915346 670971 125054
558297 890037 379877 230682 271164 948561 475998 728805 994198 873562
572188 583939 425111 968437 157218 296685 322701 620636 443817 334107
833296 706392 731406 112661 832014 952250 525692 256925 579914 846468
372014 245783 828438 311364 508962 653076 825116 513639 886279 762462
70567 137892 228835 831426 191356 157582 171272 439737 868734 770710
966618 340651 380105 638777 45684 743428 183072 903567 517618 107432
854436 596340 11258 791304 308033 446686 41907 546703 733926 358207
204344 444353 567857 772972 972510 539540 915900 433027 893159 32211
164536 63858 233590 73554 350950 333892 317591 234917 891082 954242
46728 733883 584308 490232 837940 363794 603333 149815 157027 10724
410280 174814 870235 958005 818970 519708 593885 600695 874622 384954
551823 426317 9332 634133 256936 891735 544325 814514 708785 780060
13368 637855 397557 668635 325849 845356 832080 170095 907428 830095
91626 407868 241459 435700 209374 227844 121677 327167 496785 58720
309619 591784 361077 84331 79289 838997 591608 430607 354621 217743
833111 28091 871674 97952 288223 67887 47959 268509 656199 16074
663502 617334 582019 793632 336765 862235 973822 102341 686466 776331
604239 60715 561180 837320 243802 222600 231551 452060 914636 584154
349102 247060 880471 84451 602892 801187 646577 313752 256128 663283
884171 167366 839552 440936 991449 526773 620174 615319 436174 808839
940544 366257 868377 840753 607372 381522 768871 507093 730149 542236
500713 841639 373060 682587 654128 243877 811172 141343 104936 865674
606404 778398 351445 741723 441453 731722 161417 419746 639423 483450
764484 593043 997164 736428 816021 273094 495527 986449 521284 585313
250227 134735 390721 931814 151168 970640 341630 459678 854906 770705
319537 813743 425286 648406 754307 284370 253397 464585 814791 17990
507728 239123 492921 621161 164221 550329 848127 745854 832037 632510
388757 538788 175350 115612 592455 525664 271111 934105 587731 716523
239878 360874 588678 692369 763609 715616 54640 128505 394043 766085
324375 443751 539075 147801 553233 483662 575115 487358 67912 87467
15572 268098 628311 385164 107797 805691 539405 871902 717103 210293
43656 712681 727757 577130 552184 298405 71207 878289 506022 219812
786100 401430 625510 878496 521037 375514 940745 262605 344135 200323
602346 970018 566339 561525 679624 435444 460160 523900 927391 939722
416197 313490 390071 360292 920688 49370 729434 4879 832623 915538
802243 583218 36940 539330 466470 893686 567247 768471 185464 284982
953554 406044 353635 410851 54145 613753 156985 627308 853834 95681
344515 459309 912139 145767 529356 397422 965656 887323 588716 3375
302416 459405 101739 962430 930461 411684 426346 462747 546400 957671
65195 96585 37678 960359 517510 984083 162915 534742 781952 852854
780389 234368 994683 658771 262918 630794 201557 677394 873589 428064
455976 463005 431441 754004 207219 268660 743392 439834 715426 123710
92530 121268 122917 893174 556843 678168 671207 300284 401634 569071
574147 680289 15206 697171 131014 958971 4822 59883 779698 932091
546833 181828 497653 571119 381773 223375 630150 2901 181545 684059
386197 299417 198310 194964 609764 975855 424083 917042 986376 888511
558058 159202 292702 620440 774657 31933 217416 719177 571038 79622
740316 823773 204261 697121 965817 301756 679813 125351 861639 11539
163727 301996 430093 608324 958731 888981 335404 282580 270874 86797
313394 137427 656716 354333 768094 634262 367817 702614 247302 499822
403453 488982 287277 740939 172330 609276 738980 287644 229256 378082
762626 331178 346016 67204 849358 918014 527216 987341 843379 546718
690295 858983 76367 378285 594371 987145 673720 854876 528957 706613
257834 106003 684058 487275 812118 475178 148589 368321 699541 375578
484036 759918 580320 284356 823641 618456 579949 800560 902288 563896
561379 720193 786137 44418 375576 197601 273831 789871 88885 883247
551351 49366 648651 790486 845371 113942 497246 277932 795654 694227
472327 71507 958565 753084 147286 789685 702484 806576 652135 533047
107903 547070 506663 153585 376021 917814 947943 855945 597856 329185
739246 731882 914592 478437 94836 72645 497226 830471 16105 406893
969068 768737 969287 445118 23427 396299 553347 919068 558178 226630
348456 783634 575475 511146 792122 871807 656201 198811 812963 617851
420377 636685 414404 823315 375773 470880 514743 185122 79295 989604
780998 370072 351688 488540 953990 933911 461748 912373 246339 295278
940412 738605 521044 719823 202047 714850 200884 622764 459938 958012
115651 7443 774937 283949 665223 458619 639623 542981 239069 638067
477204 819537 703030 929446 106407 32429 894979 785230 544153 761827
666824 97478 826413 225058 661054 210602 629049 543050 781014 961912
311983 238412 301217 430202 819522 595967 373971 440496 82089 466650
54304 879429 430613 495244 395504 930236 28666 932744 823982 51048
103516 89828 838800 160424 283893 590701 212370 600729 983568 133114
707044 287778 384565 258573 788533 524316 339800 825637 250013 233900
892006 764436 135266 659182 995845 631419 337804 157543 930868 324078
683401 389011 117708 851111 538271 146587 858427 143040 660031 464386
341930 949412 293572 152519 340698 169203 355420 265188 408947 452123
776933 100853 48502 124661 269759 433721 913657 664575 69215 327099
458297 855407 600013 850 630829 129920 758566 640355 445349 65542
429934 538792 881132 735857 43040 250002 647766 431374 303075 675909
805438 137966 254339 342758 876613 99046 142101 643083 739558 715245
523704 873256 332661 716505 873125 69243 210841 976807 20693 639147
547051 664106 277463 570667 651755 896798 952638 885437 898196 171943
187899 673292 932489 433399 609121 144498 91399 600438 106285 758086
103350 683061 929028 977144 694594 735557 262738 233584 958167 99411
121707 666707 665068 564352 115622 130769 334073 978458 349835 331931
93893 41533 980394 246108 661049 899735 18944 824984 597109 311869
934416 905869 49599 852099 313936 349245 176794 552411 404185 898740
732501 65451 88583 423358 334414 170501 659063 431040 612836 912743
333642 770841 276683 491642 783598 955848 999659 342963 352407 582075
506738 666284 668397 822658 118279 29936 950796 120434 585351 652499
542711 939150 412666 79104 520489 764726 506077 175559 759184 727582
30566 65861 806135 375901 53493 751853 264859 734364 592521 501641
517223 239039 819809 632574 24568 755561 638323 436422 972863 355949
99273 259973 76618 936379 467896 691095 487211 129785 333195 214410
215049 723912 399588 84819 36038 629995 913802 304834 11040 394529
459032 185497 665807 912711 109064 333501 450036 764875 848856 222780
894212 606964 414091 858484 353332 491103 245030 495209 500287 507672
101540 898588 346290 750908 817261 142735 448568 480270 494302 172308
484469 250928 16389 470214 486413 213975 218402 299521 145997 638868
742370 234729 357368 533065 893166 488099 912048 954259 802026 302998
565889 231335 961527 166908 150426 771364 549089 812823 909972 312801
892139 902501 645268 744982 290653 107397 763076 689913 490367 847561
972025 996474 306612 828343 55151 474229 472081 533008 398011 911346
99776 606703 545246 760020 504645 815104 420989 251975 463739 790926
659204 691738 226994 166553 373892 750847 154348 622226 550364 473372
942925 301916 39399 856952 324228 764323 177763 123130 835058 531782
880538 807745 358111 162423 959909 474970 340566 908431 240212 291140
862704 456519 26073 953099 946428 583363 338041 288926 436478 246674
517690 331857 976328 362725 756038 787161 896842 168875 753158 132013
667150 855923 78159 625440 776467 447750 318563 66550 620130 514945
126656 158013 465492 240808 739356 117229 980088 215742 379748 827941
159406 836999 710485 273759 616411 233041 40493 329395 138821 37497
867666 883648 236694 432988 159606 135136 706349 501198 342311 253342
384723 554400 604592 367877 35824 706376 116285 764668 882525 559033
629657 824830 505838 384274 569327 374795 629699 492254 725669 81909
226296 835540 81023 388853 507261 975294 271493 611862 233726 449390
862939 709321 279520 639468 100349 798239 535183 157554 912243 845960
634949 197466 354184 456642 956256 643859 956100 272558 407691 351983
802144 44310 23288 807150 544444 531749 230072 170164 943 67997
516229 891074 344554 662415 308586 245259 389972 852858 520681 467507
960787 723713 48658 933669 998359 853260 95321 167455 996377 326715
171165 766925 42551 68826 345464 110312 428176 888459 994039 992765
855388 257723 83654 880649 8510 951326 198709 877451 96600 525985
637916 777306 435012 162493 549085 604076 115551 154994 629812 176596
952278 877862 92293 160023 306299 212317 573799 968239 161475 385956
240186 25544 927487 425574 593346 686588 161335 992766 635176 617
420988 277516 315746 763013 42261 364742 935961 262533 119550 587183
823684 474090 818131 974546 288275 605471 746240 681065 846557 183339
216221 405448 759285 932596 970517 271868 667963 259742 236971 830917
472708 980245 324262 467205 10854 64276 296611 775084 311725 334000
549725 890697 534716 418707 3764 814385 229027 248443 245144 833808
214289 392497 111328 361536 688047 369207 302350 353772 104983 118115
393735 479473 724640 240131 764748 40163 77515 111086 149232 808849
881791 295516 96179 248091 641611 91038 240334 922090 756860 287462
943587 911214 423379 986541 993418 674115 60909 642281 614771 882321
905374 79099 218828 410320 571268 969971 597256 635838 382178 597859
88822 903707 807105 157815 944799 197382 602104 925640 575965 948832
497277 612370 366862 991503 317544 72324 381676 898371 1291 271715
766117 563626 866694 554960 643415 897212 1026 906972 122762 860780
597484 848841 593213 925978 672501 381916 943304 809219 586760 986946
998645 33313 71794 458657 800048 137591 715126 420550 474739 881269
49682 228148 122549 974495 100319 24393 106575 457448 992195 189608
391851 583645 334218 159500 485152 686473 321 303934 512589 84532
500773 1423 178251 828428 829109 258001 842694 967284 128713 471376
47427 642422 503413 609586 575161 747600 342145 673699 451509 757353
963515 717584 984969 332132 606524 446644 781011 520586 906905 105152
584421 336394 857911 315946 277378 872461 35213 351135 313333 457823
94259 358100 398232 654043 998197 515623 843648 570218 85423 852477
192068 563835 383956 42400 113301 207018 245371 945222 754016 325935
531756 866191 553576 937379 993869 809355 693721 493083 284639 62392
695545 362871 243232 319423 808701 331492 274670 894725 416161 148092
716072 631239 428024 107167 796449 440208 402925 356264 757381 969648
213851 706743 466854 460859 998010 696509 714857 849670 302503 685361
783696 768417 304311 876898 772272 778817 213118 258874 5092 701081
103170 268260 569818 643588 840948 684805 670771 301702 232785 301035
875890 948219 403178 31984 504039 394461 436092 866791 921469 824177
895529 645923 952263 663296 756385 259799 891908 361202 207542 658591
164448 392579 866487 690716 544341 226614 123575 139166 337800 893983
481727 969377 868977 618820 257313 966927 960161 979735 464322 347812
562451 293009 152240 492839 511066 538026 701164 851374 311965 539278
87804 941697 690650 259684 336350 265990 474647 147226 974297 213249
999140 785066 336139 648359 154664 470621 867324 633922 722323 124336
711754 631617 48910 695844 573244 720831 134016 513641 710782 392296
611395 193880 109389 521637 792498 347935 363322 902203 647547 640395
49753 17069 59376 235972 527128 227047 470497 388101 819862 581217
629535 527405 838670 694849 303719 187039 304041 831539 360766 590480
433940 753385 910083 633481 386952 225555 735097 889091 526949 842388
635517 295637 997064 114073 447645 466098 68144 836966 365651 118911
585919 290982 682165 831347 7608 473764 10024 865997 430627 634587
949113 655459 379962 807077 476522 538399 439222 943219 603361 29511
891497 147030 594447 828376 678764 895306 177266 148095 20689 415846
817340 246672 855040 831227 416894 159012 371948 686959 995094 100550
486429 288279 25002 346753 388036 113014 453584 194831 71781 838497
3639 963677 657317 323971 9764 162080 252674 341906 407922 224967
927744 71222 583447 336579 288877 73430 753774 247909 319125 226651
773553 473773 300423 106689 417284 89613 6340 584869 865517 924815
733625 621417 866836 667995 365684 28501 606680 239988 382918 38610
1552 809202 334093 179039 895594 615191 771271 449427 94246 933475
26449 968265 310684 762646 689778 413792 311019 382095 168003 656867
829322 852029 864900 195211 201621 570240 741192 785136 630374 961893
98928 697420 978279 54400 71561 736369 423594 368471 354753 289580
332396 197170 933308 28945 80913 924227 727854 497552 682329 976965
489570 40760 921990 116147 286704 186302 932793 759613 597404 203320
835316 815663 986869 899874 98758 485064 485470 485430 65634 975699
420884 527042 854577 592770 526131 603780 150042 656485 890801 484766
206418 283873 846743 446786 60674 103654 607317 690842 942248 420876
290299 434082 381124 218415 321913 764162 745195 334257 126131 59555
401980 63476 290450 154052 762263 668734 972036 288593 86063 632540
786687 233678 160018 131601 604617 181334 532396 122314 574106 635696
535248 651992 352732 3129 280029 652608 625898 816224 242116 134848
150802 210325 388194 373232 813622 163825 810652 193783 45266 668582
987629 254836 525671 646591 534251 944772 540884 398055 166000 63878
680032 508414 149744 239566 337121 883143 240017 824992 760721 923058
202726 108824 9999 367007 505653 921280 680175 885156 423133 651960
688414 462018 69982 77557 459420 558848 745541 589794 195087 341293
482729 944662 302798 156016 725079 591477 627897 910812 436280 41441
915557 428579 574741 321723 377585 20465 776672 321213 908849 962277
685711 67906 807524 781491 991525 456030 614209 943755 622171 603876
836173 160432 256241 700043 533142 50668 621709 856629 304335 648220
931458 444403 857221 347873 892736 396011 76827 982032 288490 150169
308226 325225 702237 654105 743281 709535 609486 358367 963077 721995
187612 597850 951319 556504 535792 938417 159849 408600 97801 148105
997919 541608 769909 659038 810802 837411 884070 919124 345501 163492
185149 596716 798160 654647 489952 793260 974874 976749 574913 524074
633104 907218 531514 60582 788585 550493 567587 59689 262948 793011
918132 880578 697378 20450 3765 279132 329235 493030 46927 971401
434388 621569 503034 870612 737868 608033 981860 340763 325030 566958
981192 603265 265210 698968 147379 200880 371441 778768 559200 53864
587133 815242 401029 336858 402125 184381 462620 72826 907657 818081
6652 540638 103306 988175 6264 90051 785093 451398 221429 65292
46839 517795 11915 232542 847409 439443 55083 233867 128563 390575
243271 302541 649537 826554 47962 480916 897630 708563 653509 627998
37897 203641 256788 153190 240585 125562 825405 417267 666001 477969
839697 140900 616205 340869 106277 276021 348439 411807 818062 929146
532215 259988 853766 75315 121148 101300 164360 718863 381528 67592
498742 934238 132342 582213 414489 687712 687098 918383 423819 474429
570316 777345 559856 651391 478686 391096 402929 260963 721611 334746
173208 179937 88882 320374 172268 133997 299085 422213 370092 110501
916578 350676 249156 349445 693831 121701 69261 346375 137411 339163
167852 125018 80663 796141 986282 608249 187148 567137 668347 561686
19469 887170 212498 368152 810222 78719 151557 43326 118758 2440
590531 662006 277634 359371 151636 66748 217669 518887 200766 479536
549996 363557 423717 815830 640654 691212 991344 606565 353250 434830
453563 770586 951351 820223 863461 168607 477948 100196 816701 510341
390904 718958 598437 145820 441310 703635 385450 845339 507393 303827
470444 668050 116394 838296 521649 182604 819450 196683 96460 815667
553214 742318 560136 368362 612016 384349 668210 261804 553556 585520
435525 288158 965806 644967 569621 794305 579867 305578 91496 803191
584356 132055 210785 715133 567933 300722 720923 769290 251925 361349
344762 599883 737316 122114 242968 851588 979527 565326 130993 243530
566419 562144 80720 187225 566631 789809 132914 361984 821601 734643
54003 160548 727918 869709 506513 501423 967829 836751 895421 561818
760304 743031 117722 901307 482335 216181 904864 808470 484356 462270
824609 635142 714646 879089 812471 486084 769028 254520 34806 17001
709242 231961 179137 46077 92687 890255 921367 498716 741307 391815
900515 622634 266859 222391 684384 156495 423099 631420 547744 970134
29677 840179 862676 200328 649360 337201 211683 876725 132033 711927
319418 932630 60472 130871 553394 338717 637130 856117 424629 882220
869728 813457 807971 975416 930941 358798 146245 16912 902143 129879
897900 470739 153358 620098 122387 885222 352576 867874 693594 354716
896968 233381 686930 640965 39795 790452 365466 986961 416613 448742
530989 535256 421798 528108 383898 831750 486257 149824 487240 937577
310228 621396 860849 776219 648161 83053 189117 871431 562962 646720
714820 232171 133463 411995 35420 411013 851478 849825 197850 989416
519746 964076 408369 180654 604665 415968 804985 547982 858870 268456
196857 280507 972310 948841 631088 939530 279296 829172 643175 769843
82422 540246 465882 308427 346146 833240 672622 309069 928243 6220
298800 414034 109229 414908 347740 999673 115111 617760 674470 604785
896239 630188 652732 81528 906861 80223 43579 663387 894406 229008
141232 8264 291239 708125 47630 136450 444710 391768 849065 609340
95809 394436 147744 437240 491268 660139 84085 250199 723865 159164
762229 257891 940954 407844 360590 665679 706918 99370 683859 761857
303073 983240 955518 452540 391660 489361 233766 14740 954565 540631
848596 602618 289296 615349 617942 45980 875597 840836 944209 839672
902859 599486 889532 45172 748347 336846 244806 840155 32353 362149
191503 845838 146008 85838 137037 930127 701901 652411 691735 460623
293782 47161 115786 673973 621523 248316 631784 583809 534826 357669
426862 691344 203291 408882 488165 268153 929599 530591 92610 175543
153601 15040 113909 494882 504804 196890 609533 232704 440178 17780
578174 259438 397054 402920 394279 148708 713155 209564 4534 444749
35996 158720 192469 156107 900177 275175 873713 418310 993835 39932
163111 397842 501016 278467 586814 478178 183320 777371 378787 125993
711966 174184 644260 898329 471368 675572 210988 214982 655658 545514
231129 965015 275326 581439 38122 258466 78437 963890 110003 187766
181138 151800 851259 386308 43792 874281 155931 507731 562734 709354
142022 73530 582575 922770 770893 632523 768338 468281 100941 77090
931063 18733 349986 439394 103309 260561 935940 661901 569826 786996
688859 642185 300303 520766 310792 407565 380490 613394 567432 182771
949695 385246 914813 646771 467006 585024 72101 751127 793416 685608
916164 739423 756203 984449 890043 159043 836597 965174 233705 443845
230884 301282 91952 261086 44045 722578 260330 445285 577072 303445
716374 6483 767216 566934 756675 256860 752454 497806 351692 278450
670079 111353 939443 269713 410330 679511 583901 182079 187933 361529
634003 809596 242888 857006 289929 192953 299812 33605 812662 233019
305777 896605 329724 204586 588597 383523 850491 656870 665941 394625
489226 263420 355469 349826 921091 585562 564896 771906 895553 711819
541681 877155 748688 158242 611570 306699 917276 539645 384854 253700
790644 205155 325439 584816 34588 809200 802952 958471 906153 625680
957924 627814 991683 898359 913301 875244 17100 441131 774321 441839
229445 901304 71476 166491 380832 607783 175843 885481 377343 281242
948109 395693 859144 902285 290997 114673 323995 565076 858962 943795
715939 200314 725048 608441 402987 565333 276500 432426 223405 448485
500409 381221 368383 432197 943826 638628 8914 741894 762918 516950
810676 574030 439257 431823 774641 321149 285055 191586 864769 599411
845490 407306 804560 686131 286572 172701 901008 694764 321075 251562
9435 753858 518360 724121 361625 361665 477103 428380 355942 742118
15542 471166 663063 521445 246388 675617 823597 157824 78457 90397
778803 619301 277406 524012 661090 256720 260079 432199 644393 826234
663713 823305 759964 880831 405286 582397 115157 217552 596252 343654
132684 584724 63226 648211 888863 108788 851519 132890 343035 988586
130197 819425 544075 825999 599537 866526 455531 212652 826725 472268
806145 328885 351063 269890 533616 304877 336267 775054 520985 566486
566625 124125 838621 394731 487821 482278 383794 570729 221333 600559
801222 153455 88103 443064 12950 272820 811971 834288 211561 897015
631046 344250 853591 850537 527660 89039 950011 981919 714341 472778
439867 931628 832728 638355 420474 218001 737633 548511 619910 477342
602223 503321 411188 529762 526015 209228 112658 318680 492464 821113
729094 19529 489122 741552 143351 606552 369052 597315 450233 715492
865968 832700 299959 896981 239051 773745 688264 314549 826555 508631
934736 895458 561368 333415 550498 6043 530731 816836 39361 835299
168123 610438 680279 222781 191062 631335 452567 382790 712661 978217
723930 376447 179913 714625 314726 616217 233971 930992 268542 824389
120861 677485 515668 932921 467611 660202 851842 572748 101314 999740
362731 958056 161872 211510 712954 750385 68298 612259 501925 428861
547081 166142 723745 371566 242816 880554 435419 417106 284947 528367
685816 454238 627595 520181 809471 761759 99960 333971 343372 194806
304500 327270 310302 57153 869923 933585 107682 451818 236651 289409
871721 211309 313398 181091 838637 1522 193249 83317 165885 19042
449063 579120 587331 62260 976286 368636 495147 130153 988756 88197
949402 967319 468754 857142 934538 83464 969833 794149 794465 762665
6306 207038 233760 943805 835585 450151 819964 930108 431967 538902
784017 871302 823144 79778 358283 561314 130081 547249 13715 495782
680262 332525 688364 544295 211948 980940 448253 888104 271162 311860
250844 438433 616381 499158 645502 314642 231462 41479 864564 745466
518985 550859 185089 133947 828991 460576 342348 146687 580727 862854
797010 406515 972234 531352 894373 612783 37052 522135 618405 991399
141541 22566 826904 799015 108627 903914 669344 746774 563404 960489
129304 636346 799259 812840 541811 998620 696807 459478 962588 654361
334017 996860 968967 293157 584410 470701 573598 431065 134024 391489
600982 144052 503937 330500 466878 856723 531415 233719 617361 520188
658114 437531 191447 23228 806577 694453 802381 940381 132147 894923
351872 142721 584089 900919 601558 913157 471207 424054 398714 504531
82763 890234 119725 712032 176027 790866 367704 449474 529031 821891
15393 189749 251413 127456 449570 625986 356609 233095 254186 204156
422717 121532 603454 413685 893139 388503 15306 665242 211225 240752
999783 918506 779981 119677 34033 86839 312782 573818 762068 415271
913804 527145 360532 840455 449491 407464 571554 419885 302367 535338
526363 780598 733329 44569 99832 922808 635515 229264 111138 513628
433941 29827 575458 751221 384547 125722 926926 674348 145466 950583
694932 17653 817867 123395 370565 851603 191128 438735 504935 342097
503201 466814 230812 512856 746900 973271 857081 99951 302773 732767
222430 423293 299006 202079 926438 17477 109678 457560 428946 694423
504763 682217 849191 17404 46981 104166 967254 749269 247303 885389
610602 372410 17441 669621 226479 73969 293691 430659 268727 902258
158321 769975 484236 128823 898428 776165 326723 984330 281964 807691
102306 542534 440515 846453 452838 777427 977700 642294 615483 733750
27697 247776 764197 377556 721173 563012 673060 133687 469527 122980
9934 622317 195278 843437 422865 719406 962271 707437 157584 5673
977558 165845 607451 841035 460981 25059 868233 941499 957304 961659
247026 901777 944745 16417 410899 332129 822092 276090 352634 952826
455053 288776 122002 830045 935967 170677 109485 617875 687114 938178
862713 54148 731800 63697 649644 764827 567633 287758 575045 650195
836881 916701 322812 444692 373741 130399 388880 539557 813236 786149
536015 965263 95068 708446 508606 914194 348709 4778 327209 3249
122619 330483 817176 105626 204640 463051 231768 641716 446048 283223
614676 358015 436607 702058 671363 106128 113997 261556 872551 321334
388996 796634 599646 539442 105794 189433 77755 537516 386872 991992
226520 728317 951958 984041 29215 583139 17222 971602 935817 578614
30705 910008 226791 263816 907408 300299 345912 717888 207908 649
451161 523621 441374 508308 135174 242856 142532 843249 539201 696105
237508 451757 659081 180101 883416 475300 270919 253388 871076 912945
74881 682615 260395 752314 864397 847719 372943 448228 968392 688484
487855 8116 659572 137255 478941 91549 187582 259731 122499 329890
697409 145877 217235 184017 76048 590057 700071 647066 78624 683851
368393 68007 326150 140933 651396 850047 909636 479775 768680 311095
448304 610224 439885 838188 640864 994413 884466 901273 477402 340652
329051 181385 151559 967450 420235 152160 820973 302016 826268 205628
860610 258651 529110 735731 958375 340366 771797 597594 940547 107781
402019 630469 261490 93490 520238 228514 500688 491001 520989 262048
646070 650274 712035 547189 944806 822326 708606 844752 572539 7748
472949 253890 36803 824856 143093 455355 550925 360927 756580 303542
601534 834663 18781 513042 409388 759095 321022 913201 417379 183470
145422 954578 83445 64481 165735 883392 367153 566050 33767 793464
782236 411650 665264 410526 231051 393397 451471 515606 139685 709812
480278 702661 905572 56957 135401 543518 805576 917770 111183 326249
430080 962374 194707 461260 342387 998906 91718 340164 778577 683926
624743 510293 163083 578789 42439 948745 952207 150807 457008 361387
331020 809591 58835 40135 231721 754603 941586 112137 566266 630439
390868 202073 765949 498640 952304 866230 221499 946030 632594 825620
102656 202930 325473 544983 102474 811318 366385 70878 704183 848393
282618 505837 78469 221985 57021 123345 343760 419044 256211 45463
442734 937529 294388 70330 592381 271135 672117 612920 710832 75079
571410 312704 282071 773853 645006 133848 988478 246847 694288 767837
518094 497203 988185 618130 808445 538233 386515 67129 93918 30829
613829 546844 509422 661646 768515 756133 8573 304846 843689 502887
140746 700697 391203 386292 854927 745706 256320 570355 48494 325479
373460 954197 895464 824506 369164 373063 230455 481036 46519 831242
958029 139206 983547 1027 576562 858570 900015 202383 524335 692731
779215 115811 274920 438124 572325 607215 337738 341690 9438 564978
794587 331438 454553 512208 176138 64828 967224 68753 182106 956858
917734 847983 707698 547811 6840 222817 538686 631098 700273 752622
799098 805535 777841 52270 460744 246407 850543 402745 524845 457644
584651 924195 607899 324859 161111 603786 805196 633209 312105 755827
559635 633684 959044 699459 665672 493471 239995 437597 262094 513204
619982 419826 342724 286786 486048 985384 90234 748114 608030 918592
634073 163303 307860 126845 224599 402571 339936 584852 96870 342655
86195 329843 358608 578104 501258 299723 819254 295952 626756 304734
202951 115946 927468 152510 78574 987674 278884 451567 833494 209606
923516 382110 393791 521680 412072 15113 575651 901425 242821 909540
689216 516146 835714 418629 647923 472819 975258 214606 290346 383807
823589 867897 598926 884219 331913 426434 519000 933327 902770 405635
706005 696129 118650 735735 725343 495311 840891 862457 609030 134892
232271 778092 446563 595064 965032 573972 791889 935859 511305 617369
21428 324389 480761 780554 620383 704423 654028 231557 748559 232313
427041 838210 432073 718572 826978 390787 932150 836892 489306 960589
317289 231180 518795 159220 193571 454820 232294 973496 663888 217389
493234 630964 719440 733428 949111 623856 817199 125206 209510 817457
325345 350763 675607 798566 925874 176085 338407 799365 806561 897175
371313 648821 727973 865588 948593 78336 734757 219593 135012 779571
581274 450494 127446 152597 427043 445077 698440 589424 974345 773888
622881 117810 115609 165817 308655 506292 892121 437508 294008 440404
39371 730637 180655 668741 551700 441733 531660 312578 302884 769910
533104 791038 979239 16418 809204 845764 808681 319851 559024 215417
861857 851859 234616 373358 361151 825899 263045 145637 204760 802911
553645 307725 284730 300392 496963 875978 425410 289598 313360 456184
153687 656144 95885 944852 523740 926986 998569 869236 864569 489681
569410 358862 294211 882581 303373 470749 648114 355506 289556 86258
598858 607600 824838 315500 238845 161161 881646 211415 287129 660436
315412 492574 851024 811070 621947 547970 444163 618876 932046 991502
130223 812354 15395 686363 238120 398020 7588 26064 110496 916354
323969 3030 803057 236838 522657 745760 417666 626314 991287 913344
470012 220031 796293 920186 773952 532809 898642 305213 259813 447693
994483 775656 863979 51500 506620 49241 88121 594690 575631 899111
104647 485410 253745 707660 889774 987314 719476 894998 213976 633970
351962 608221 159233 689497 211109 649041 79539 445229 611186 414508
202825 913740 992937 466608 152269 957389 660674 646752 264074 5425
520006 892012 618358 939343 20781 66037 793038 341864 862793 223317
345776 820436 844639 611084 363515 585983 411993 829539 805963 173801
246515 148193 47547 776226 662879 200249 487991 203894 954889 314779
850598 574242 616773 935450 449973 772993 184367 88863 588114 1348
692162 920259 848785 926749 401006 199329 604170 440292 486148 442715
684377 329006 813304 175833 6720 60307 212918 926390 208279 613631
393425 993050 657565 653214 189756 870469 159404 406789 483364 227742
662212 584278 514856 408237 358977 838649 437414 26969 347277 650502
16337 798461 981281 582525 487452 586314 975657 292184 169688 956139
425536 685715 177870 799418 794731 669123 879419 975994 954509 960229
211076 457553 344617 359686 612637 538995 280673 263497 397547 609769
29749 660385 84412 185509 949850 938280 779982 830265 223279 764524
296908 783224 169252 257803 460814 513114 70867 378038 629219 970744
956424 316196 909198 34339 108232 678735 961435 698888 84891 483202
431912 326320 804640 697285 249359 330733 998880 683868 613775 581219
423780 951313 719813 240378 157080 820813 1156 571128 844378 786348
868134 763166 895239 430869 720190 41532 487028 695374 32818 846181
542484 885053 667460 334528 656111 867243 817087 398003 401515 238016
871952 678209 88378 159683 152890 880479 694370 386837 849560 405630
240046 481571 199442 780494 457097 831998 717395 487439 837256 758706
665139 977520 700103 221712 638494 647932 1112 191577 862521 627835
487263 576484 966318 411139 902539 634853 223751 854472 453396 784694
827693 401781 647800 112402 456945 176622 639144 378153 11101 410260
981123 372456 157304 26363 491357 588246 928258 371343 872768 942008
334711 537067 206186 103485 149505 766253 957871 723715 274377 127343
624224 786351 555623 953611 187243 959304 109637 861921 102576 86452
149726 638697 306928 66125 297785 428787 26241 381237 744796 21851
793937 724476 237896 892078 471109 735596 767499 225644 544696 749989
474659 431599 555363 871261 213768 188160 98499 916145 324659 177844
163574 311696 107573 816165 822713 999691 177585 716764 519177 484998
964603 333668 501704 754828 512608 323723 377143 713062 899815 760771
760162 623286 213674 583414 700181 887302 464820 562691 251625 673936
616521 838854 584798 514474 438825 764369 706360 436374 300090 199259
688512 967813 905737 269199 741232 700462 945240 413714 669715 396280
313552 493918 633386 83840 806543 9972 55788 404695 601235 444767
685238 916265 208074 841679 818326 773564 754655 437819 850968 591090
925065 461192 23048 12190 450365 63224 913465 543494 439880 311589
334598 962010 190106 244998 9269 15761 787915 662545 391053 824794
114837 289035 588434 894760 360670 643875 125127 647919 453670 420376
338798 948725 781349 172509 690170 85803 742978 404140 978691 19890
294826 228862 821913 135566 605204 412609 913731 127604 789926 299776
137395 572310 702669 121273 871056 691299 667545 953255 663356 375236
474766 979282 217253 577670 68096 834257 701020 228153 277158 480101
842427 427757 951553 414690 307676 774448 509449 350930 687777 417075
458473 886701 697964 343509 767208 782309 219048 952055 721729 251592
571745 397325 324900 196836 623611 552989 796442 875569 2694 545076
298228 167535 551774 458316 165876 548688 935159 373214 596066 261181
685082 454612 247724 707115 480940 243313 17927 97821 640782 920396
886026 388260 182135 355424 259112 776576 126561 920 422065 178554
892881 79186 267704 959618 498813 362781 252088 289852 555430 275729
143213 389761 457503 867562 526507 959010 541080 789636 725570 119768
494876 73062 441618 612380 467367 273442 471511 642331 217791 381329
679563 483796 812438 609084 357890 119603 252664 91336 185688 852860
667285 810977 966647 296071 94561 443489 500040 435691 995590 830858
722793 517775 405970 453539 110602 150443 81298 900321 80886 352071
597277 273132 84888 823618 128728 805029 814418 894174 221545 70191
47939 330787 443927 212159 315186 103405 140133 795625 841218 537307
666818 95334 210087 661196 70574 333636 228657 533445 182071 310097
791555 448342 434382 705998 712781 319408 989053 84526 975229 774235
923328 971950 431643 744770 917057 14830 234753 474187 62413 276270
131440 433928 913408 753346 808616 591446 910202 88354 928141 443495
516076 585607 735961 264202 662136 641265 529730 316895 661008 295765
371354 182238 97813 851619 574896 119440 730694 271253 254806 776457
64798 92052 99727 148852 749479 871054 453996 81991 628618 410877
906897 126847 251414 882615 636478 951429 297769 235564 115027 524435
237916 890522 839099 751865 882289 381275 833901 407729 638231 321267
532866 664665 475014 543562 752997 237263 538661 908984 444500 687225
191963 486535 938428 714517 246820 606008 335023 487222 245931 999232
6414 540811 870985 519514 712061 958498 27146 88432 490559 408004
836193 916157 795642 358137 51704 257341 417704 890918 750558 217159
318048 941599 845437 208377 485500 851697 413107 796704 21762 704982
718400 419464 934645 120863 397349 875822 832986 202744 219230 974306
142636 870627 544590 914987 417916 688947 893748 227029 832305 537220
294709 239742 633749 939803 497886 469412 577803 246846 941059 916690
204165 441507 12049 457600 468834 16898 205713 59412 168754 751269
395989 842061 894039 513317 850813 128103 474578 928108 589347 887404
90545 213737 263398 786919 757523 562944 813344 944159 679110 380222
499368 217441 265987 414821 222870 690090 134190 244214 731473 324998
258579 120876 401195 358242 239686 227279 840432 267953 353993 780850
528383 604220 558410 836491 45565 99967 811229 172349 966472 207101
322664 918222 616559 660107 684004 719261 171090 283903 390198 550573
518889 566115 778974 693950 69491 956985 598757 812566 899288 309881
504934 515369 929310 836912 427720 402715 632697 996866 734893 741309
861822 655042 790421 694973 140064 627025 897030 783109 328245 32117
389808 626190 884627 869965 172994 751652 102043 700480 696275 814842
508495 647511 980657 387635 662528 995318 320735 857767 315474 180068
149933 998920 94325 329708 981787 502610 145717 789225 576022 390656
732612 957899 123972 473029 91116 224292 553355 271166 479844 222802
859042 625312 354534 115006 696231 511641 989327 56822 629045 587663
805855 40198 134216 789738 345580 8772 4416 964339 725386 145596
578107 517358 330862 252959 58832 470489 771339 949807 209270 135298
294418 185678 586526 485137 490427 668315 785075 957726 113548 398825
578543 356248 705350 132180 321964 376535 631646 761583 274768 419077
178205 186981 243133 777534 629431 898054 390284 649319 258229 678171
136138 756766 236249 15831 150711 824155 592889 83770 506269 982075
769390 759572 663136 342609 345560 943912 879757 252279 739117 963821
556714 766942 516595 62617 531992 646382 160775 703333 941252 598800
281581 888717 636877 39229 384003 605893 346441 385883 997226 138743
734102 633613 57547 962541 295306 856115 946571 796354 492239 631456
583123 147261 81350 725260 433873 271731 941984 494729 915028 860431
918516 479667 120378 801653 620788 341931 452925 879396 579969 372660
969369 114357 270599 514519 19029 840969 271113 609834 915636 323207
383211 107439 271842 497597 960619 796885 741534 983582 127570 857380
179755 348376 274818 931863 722647 12332 649364 939203 642989 176058
570638 881556 834109 719408 906114 576846 80656 831986 167659 405307
759946 339277 769828 397879 918534 331924 361209 441381 22261 196348
792428 629488 842737 279150 5038 72691 383879 844963 858591 472844
626971 23938 209694 438214 810174 649829 715748 225478 850712 844098
817871 113205 922832 585037 666591 674783 482499 509812 272584 685324
517286 32889 581633 342855 532230 756524 526221 66642 492678 747919
498563 827266 537823 526794 715376 868243 921047 135070 947000 530090
870075 138880 81111 459242 631083 476525 345773 258560 700102 119350
586616 306735 629077 46752 209589 196926 733998 20254 861592 962602
508663 67751 181207 594841 841796 163981 738601 224547 831827 425310
909239 283888 540245 499512 906391 719700 911331 427707 546152 907037
606802 993610 65161 151024 99931 913609 497307 11110 562995 667295
338833 930003 711506 341558 339592 637708 397779 325423 296990 144384
863803 422217 601948 754924 823921 905563 559547 21486 254177 521429
554611 103698 365890 970977 184732 46869 921267 962159 865118 164232
36144 509041 607793 450415 97889 269048 400184 971790 558104 716159
63644 20416 381472 533063 708484 96214 24534 753840 599852 476885
622417 141908 544269 625732 856125 63770 911227 883942 305274 102191
615890 373519 582609 161327 366143 775818 774195 385585 660569 676125
450800 246759 393831 215571 263356 143466 790506 596444 682084 150197
735958 345548 260389 839451 875334 102274 734005 328625 886979 185627
781125 190451 614652 240261 458328 218036 251836 117908 525643 397844
524169 615819 113065 348412 46673 556854 667045 69253 998884 807502
956106 763682 276519 664131 755438 148872 248420 68578 898709 583490
508816 887849 301989 600404 315373 908307 670194 289143 910042 562315
520178 603624 459876 492598 989642 888403 629051 182043 803919 200615
138929 602552 558211 548201 246047 947222 499088 638624 467242 303647
122805 486713 239781 513499 284336 977540 445648 2124 272296 62712
810572 82138 147361 325075 714383 749389 274699 32253 675942 650048
576576 559362 205215 712395 674290 655711 940808 298184 957721 724703
654323 548715 182785 352091 556039 436826 261438 518395 271841 214204
247473 181157 992532 830979 139132 271071 923163 781646 544476 195487
823242 863194 906504 63273 4497 581461 624873 350608 386027 148684
10428 144925 39183 653545 292011 219874 710712 351076 890999 5056
490355 71456 608705 323319 919168 43438 240397 397124 167055 150357
665776 923941 43200 399827 250462 817878 863928 771953 687624 622974
447324 546927 366883 492937 966406 656945 413851 882962 700461 133480
424590 845597 993669 958569 830670 818629 260140 1885 921999 263905
204025 733052 603411 366112 675323 99186 578082 467889 304452 504077
401452 547862 494945 301651 69592 219598 813120 781618 719381 747705
8665 430975 25027 995248 260096 580531 199420 90258 250445 649706
925456 818507 214561 133224 340077 104518 878179 551754 755471 147829
344994 913551 740778 427203 72103 862219 90886 403801 815519 134775
534761 741480 109901 128065 647630 777854 701560 640914 134933 61667
815757 415839 754468 411262 24992 981333 776375 568735 637385 215643
695193 428031 44286 481521 288654 619509 546734 659417 966363 569919
850364 27522 888914 327066 251132 773667 998774 958863 690067 782458
639644 920610 522484 904210 638926 350243 75519 337327 572845 324649
353075 961749 770282 297029 137763 461902 308869 959332 87860 970014
609404 127327 545484 873695 719197 801843 239170 257755 48391 817059
395020 824420 741708 342520 564330 902905 612972 18620 138039 932246
487497 785107 241181 307863 919311 567104 924661 872621 432015 703887
415501 166844 980537 50845 460522 556425 809874 440436 477574 742587
961536 602090 513663 801966 200004 53298 131894 355475 996900 861998
785801 986789 541961 357618 12684 453407 818172 561614 161839 78104
982573 547779 454711 351836 859184 467966 34731 291840 669295 797418
562855 835632 917498 350093 617888 491827 48705 295726 680499 159635
249888 891427 698823 458256 644044 872340 428269 693930 291349 532183
135157 429047 328244 957189 941814 906395 211267 356422 233494 814431
517296 760412 503997 601710 716540 190440 527611 354325 809628 197519
393780 450096 788624 687971 859842 325708 382215 262640 785520 781614
813289 824411 53770 389630 195140 181861 166788 196640 843223 242970
555445 647907 46399 671926 62033 878471 465183 112960 196262 308094
945160 750555 180063 46327 27644 545648 497048 401022 344441 570423
704377 510852 341405 918101 587866 450269 679088 593826 454748 863641
263868 285226 245759 124287 744703 782515 623822 822742 781660 53828
549749 837859 182550 935399 668739 44729 948428 465993 696261 84405
369028 741675 964685 962488 498757 556775 922240 70423 999230 191750
604989 933577 654696 387960 515277 238985 465513 771210 130475 958386
36963 971647 132514 686603 463815 387712 768932 658834 760898 791672
670423 130511 86450 596964 949640 628668 815766 121772 727503 730269
664737 835915 799495 503304 953432 228869 494670 954977 160703 220919
187098 470188 523205 176110 122015 689121 198863 306366 161972 130860
118462 958084 841718 66560 596571 958612 370520 735776 728424 21661
233433 584336 463858 971477 507993 333433 896247 437581 426384 162817
856406 104609 706029 597499 755368 821605 937772 631100 208644 190242
828657 524163 257657 729651 583215 653682 453046 746988 37816 479793
838129 200385 646705 260893 486241 228947 646879 135262 482259 462733
605211 370500 613038 914002 92893 487283 382605 768390 213610 486167
910321 336559 369576 705433 869470 877203 380127 998612 7046 490689
721438 31461 845578 167128 899882 544645 188327 309441 822736 637123
910553 57022 638780 584054 832821 224413 196833 390208 261772 190462
809407 215717 395239 465826 158462 49115 198157 59607 895857 300119
61009 682966 871551 133589 158127 455535 953820 841131 234709 759304
195947 388142 894590 656860 585945 202042 504472 665118 958835 617142
393022 632622 47895 266222 104206 771457 51793 731560 477658 942539
209791 175510 697681 990135 165435 57846 673971 388211 621903 415149
766336 108257 721441 963929 828512 43784 64098 477795 271673 695594
540892 969423 186503 522175 33165 704752 133904 215816 278196 766953
660016 963143 888284 200135 288790 732595 484884 658107 413691 606055
114139 918192 530493 910320 241499 646581 680562 238377 718069 255027
362300 240692 980606 149456 983304 149155 621781 618048 693484 413168
134847 833306 530904 74576 132713 604477 1779 593510 715015 897487
28012 409590 93407 525517 216861 889556 742110 681516 49170 133856
983465 551910 143684 920856 284164 673622 778963 257747 655005 508660
627270 747976 35763 656312 910996 611872 670964 153047 725547 361756
596090 724097 949384 483187 630425 953552 827373 621309 214414 594116
968595 607436 371192 84410 166228 640838 724794 42660 702537 277851
951647 152266 231798 643006 616579 162608 398038 941228 940975 470333
25215 450933 341866 304894 415265 413840 977844 306425 955620 988391
448979 316971 536554 262564 856438 144454 207127 726367 500421 31595
152916 509428 227278 917652 341260 507364 971809 319284 928352 140106
611524 623816 832819 129232 301216 883147 575492 323046 411009 269118
674037 101684 970173 502695 373702 988421 548680 313760 702534 373427
804755 580035 947443 131079 986123 462086 406020 801504 277522 13248
903782 356024 762753 59621 773697 988450 695887 892784 575408 625471
663498 280337 564116 598673 614375 633787 460119 713954 141684 539202
791866 306408 94850 851528 391762 643997 20293 772219 4875 61954
818184 235673 86931 288696 3527 530288 698850 530069 502122 631805
631442 138401 613922 27355 472029 337045 129119 487412 246187 207671
164435 731050 596575 331727 28950 716579 601032 320075 406910 165145
708708 237620 854211 678908 274538 40506 371634 237497 366600 340307
937225 153201 500575 39214 402646 647228 515572 424089 270354 420273
716214 350754 59977 15965 505219 60555 135118 168222 973422 293107
465274 285038 188905 35737 882190 406400 442289 471530 154927 354450
637245 277943 816333 635031 450275 721828 734202 509806 828831 467044
324047 497880 702742 667248 672303 338464 996988 248192 596701 198130
546226 904638 552576 869663 478524 933225 782834 330558 843314 820255
734617 403610 145106 33494 890100 584630 35229 187367 652364 290810
767457 834716 961118 892613 141016 342519 168136 173442 273470 553235
832500 656511 177356 956654 161557 464056 105372 228532 95552 589416
639451 667753 855051 674157 564600 295025 519019 384789 794159 709126
539567 977267 881715 842162 607449 294974 842786 547011 950076 902826
593095 685031 24202 195315 162366 660169 948370 2382 526689 50402
395116 727203 604969 744111 217303 626400 510347 137724 796570 665788
569958 547050 464837 154919 952005 955890 607355 19636 330740 100934
259906 293712 725527 445032 528634 342447 210944 661667 79458 273036
979928 723514 418081 532011 355984 393594 925702 51121 652946 541396
87781 751880 648249 459438 899150 6321 713866 327202 413467 644506
4232 767610 555729 681453 640574 254141 512142 47947 675132 300616
202312 45540 422595 482506 307027 806901 212840 317076 198750 537012
963008 906649 542731 588413 5749 76871 135620 628553 443120 265818
351290 115242 891398 614602 324459 923709 503927 2540 938984 457569
591257 989408 533786 461805 748151 133271 285941 899653 932225 381159
369011 614052 374685 401126 594083 946189 349001 652624 49672 115580
522525 242875 907147 689418 112983 396803 903147 29967 245595 387906
942422 681773 738040 296682 992543 802530 119138 143906 247925 942535
658787 30158 510951 741403 592772 622529 713029 868367 424374 124876
959514 963196 377401 386947 513507 887104 889181 298896 411597 67943
36860 400860 805478 730028 333562 705846 860890 196907 843425 299073
382723 253917 521226 268665 483359 898059 219469 663129 389962 610901
897156 924404 876967 828214 64882 677077 883365 70273 800550 529151
865186 402204 827019 182514 415220 289442 348175 435658 305095 467903
211128 351702 623308 714872 696546 484815 946238 671040 461861 87033
948150 660129 296481 920854 644395 184191 491793 662561 222690 229441
518088 363143 908674 315881 636650 455010 608716 476387 420416 588932
637098 511977 307624 470298 288609 613663 894854 613381 2867 122335
53134 349110 211593 913919 598267 354054 816407 454620 838787 838426
669201 322040 817247 145879 615238 920796 560885 43155 788383 435499
656418 686076 926714 54493 954064 462528 102816 912640 438285 562419
452823 154644 134864 758070 332666 861737 426324 456946 787145 565145
762334 981540 569064 400352 668612 657103 256589 688764 440412 132615
313683 393718 388716 207578 313748 366724 948979 127079 681509 337374
617788 437496 780779 133945 882057 409743 367752 554630 879548 524640
341891 192306 274025 524448 834198 87562 765158 673502 874688 678425
857889 48112 159819 95892 603161 364674 320503 141485 923913 648061
431444 670542 656456 842716 947247 761650 777540 627005 201529 949570
851900 554153 723727 515523 557250 202721 777847 636160 214565 154859
591688 596016 304670 515390 803733 625497 92898 268438 474148 238215
528953 676436 664465 860808 325213 481004 108630 545842 547614 657547
795511 575673 956847 663993 318204 191746 434557 476229 300207 240583
160133 830920 765618 97956 342432 625 590953 24404 498026 182188
716465 645606 199801 361681 960713 628212 734016 486514 932231 923094
554072 529904 531169 715473 417929 333766 171629 756863 752469 391379
891136 720992 915950 814259 143900 649617 821308 525050 523053 411564
787749 576759 548402 56546 89280 304256 997484 650112 396310 912621
948309 140565 312131 580802 836154 556773 99076 914360 469622 244814
445361 830827 3268 963097 126687 46076 904908 832311 403589 681539
429193 273807 432607 351037 138060 152947 394170 166561 69604 859023
342751 550654 946818 30938 280655 707846 792828 53974 479702 155321
781758 580461 751989 619380 374915 72867 230506 130701 527601 519993
141439 658125 336915 11693 877593 238069 791205 227736 86304 412109
868420 928323 264367 989070 468382 322363 804405 993402 498983 301821
362266 617258 270006 581303 606271 76212 831171 14074 465538 833670
770632 389573 904629 121049 525045 983440 58821 996513 210295 264543
202090 187111 643519 983176 445640 237776 181568 410006 198034 14929
984898 580987 466046 9002 907235 354425 955736 244668 283848 627586
293169 94201 453683 376608 749443 323910 516006 616661 134822 386213
883152 324367 638373 997656 234321 661771 455142 455481 756686 865801
958525 894140 483077 490151 626727 533403 825306 956879 141592 325219
44843 893721 930419 671937 764518 449156 677967 711352 279199 130763
950320 188520 808494 290693 517264 951102 662017 870694 806959 699948
140147 987923 319513 467019 531537 524760 235708 792664 374212 853749
630014 128168 869677 270329 215869 308451 588764 790401 958765 394449
377782 788957 750239 828302 288336 808072 281064 687405 352023 699084
202856 183574 746658 78889 481179 893815 202857 665642 485300 960704
93285 954710 206746 44164 679385 495179 206539 361614 459575 387303
747819 910569 190835 653913 942077 317235 131504 111469 416745 117773
95615 510372 833547 531287 137540 730668 48303 476419 330853 613352
590288 790143 455165 733974 790315 332305 488308 176753 268563 995308
84376 232653 778113 872619 944985 222707 964543 180574 634160 605342
327808 220700 745068 662294 184787 530851 253604 488590 715043 9492
952865 618367 784906 647194 340011 423736 956821 287896 950429 937513
696265 450959 194598 820107 990697 66186 947110 828624 717517 435647
276778 894728 780756 480319 699759 796080 561689 891308 422978 686194
654637 767168 718080 528147 807778 559661 490885 829710 894154 929149
475418 847278 591075 802292 840964 598444 703677 643429 51084 681061
941065 517447 923835 98200 217094 270461 356601 930179 543576 684878
655451 276534 9843 367786 26622 86320 533640 513624 426824 720095
82311 954824 613918 994453 940136 998401 741435 290504 339052 475517
721826 57819 392999 744765 28486 356721 550395 537923 661513 729093
745650 383082 951111 645660 80968 212713 178529 309091 708473 369263
636833 354390 483169 526474 430683 770868 169587 728752 14089 412059
587039 712577 270897 622428 646826 799299 419971 242172 534382 428733
983114 889700 647749 47889 448797 617105 505819 153829 277844 118816
48087 188640 500989 993338 865596 494869 778715 576348 399193 3171
537720 46254 106718 555462 687751 721672 482920 611652 649653 567624
824205 16673 507796 613150 222898 48830 541038 91938 914180 223354
258923 101198 132482 218068 671946 575595 856235 311430 252838 381200
1332 53521 891474 744151 378416 156551 508822 531253 821526 846635
39646 567079 87244 676166 193528 994622 728157 890764 483818 190825
996867 683590 254350 902753 346292 209558 153510 266539 643746 604496
697672 54944 338081 771374 638300 960332 134356 561713 791650 921161
643343 675217 280951 742873 500892 213894 196236 908467 493776 784597
188466 834870 16039 241435 449129 904574 142967 189760 363507 862083
810970 722468 463955 73769 97606 339035 586486 488753 261319 939157
355952 840872 737350 351408 727181 324162 639914 60156 214294 709747
63185 227371 994971 284819 362098 155730 439373 549490 167966 161696
967010 360864 249765 17403 310758 232665 985697 8195 756882 79990
872312 272673 962742 349012 802888 160528 478804 154065 102751 133145
61484 554980 664584 557008 937706 958021 934051 867433 80561 111772
912158 638438 182698 764416 589057 399419 187929 864695 559995 621102
455229 778225 719302 553206 144662 324164 609077 700592 153210 878581
584188 665194 411427 209847 638639 214138 620445 557264 270864 802272
941557 778521 751259 618813 747300 497426 440634 935734 222589 473113
608891 303601 398782 346896 987821 996108 211719 813184 129416 25216
593307 420623 361147 295383 160486 388758 972433 35821 211916 3611
54475 154803 231105 417549 280967 667382 427554 816697 432414 686097
339150 894741 840242 302414 571098 615735 36968 213210 280865 353869
973988 73927 536466 859203 729103 857890 472072 938615 861348 682402
953574 672889 786921 261329 477866 246677 375532 889538 192217 494862
884410 169412 25634 40410 128409 789447 42180 376493 549597 76975
923153 551386 27223 186330 649472 886475 188641 267257 5862 28821
191248 492869 779284 823640 137115 596322 865710 23063 110438 555386
665246 297394 631662 442306 75962 437539 969853 50213 190646 946775
928841 434344 422913 203448 566615 488246 846762 397312 433318 449120
5019 541009 114647 65340 146137 278078 450762 32907 454083 173895
722850 9051 653690 814750 491426 429396 551905 213773 800683 339229
624884 241010 495168 595919 537753 636055 443144 201609 77246 234610
273867 200579 635555 147795 263533 624227 225048 406178 510847 794967
519566 532345 533760 528153 86106 556251 228576 428244 252411 353658
530184 459328 938137 298799 464231 533988 605379 305303 949790 314990
539970 572874 385928 212318 614468 960491 884540 87242 559530 382644
757284 453281 204965 595193 331328 726450 534401 408679 168335 140445
28451 410447 853858 894125 505351 675181 316584 302971 641482 425060
554516 440651 279538 659697 240528 629808 886480 424541 915598 138641
335473 158986 425212 295862 655146 122490 926147 591021 286904 329030
8385 947649 603861 910662 524521 796635 123662 661837 158682 677804
913497 450477 571801 387895 73410 529128 282300 558815 183991 445243
745671 770093 879456 290860 982053 377693 926142 907650 872018 618121
293587 897862 828500 26932 76813 414029 175223 654970 1862 265566
929840 218117 199302 118712 583406 313695 341599 786253 516592 678074
493045 77186 956840 372870 5068 475025 643226 378256 470543 454130
937164 907526 989229 539259 271631 57122 192510 515582 505380 933351
922944 716797 810216 399622 465652 987214 168339 287572 536927 948635
383268 850184 742150 208946 637339 793483 452376 18210 232707 756938
405384 29063 543788 254851 396300 865845 609995 958665 405539 893885
606229 494380 310458 636033 820189 328537 475216 475053 471528 209745
620525 115200 283763 299372 364211 443983 611536 137633 176266 149745
468794 635853 697322 389446 661703 666376 146262 588756 332274 856965
579392 151529 461026 283928 65793 274779 504165 238401 536499 623107
654904 221928 100632 471271 810262 628239 91348 145395 813567 150765
807325 126175 621767 2713 442637 761655 711983 747144 95761 1240
121691 778279 555042 101704 495459 185057 631067 830452 538787 898096
658528 703478 210759 376658 683082 865595 510822 481841 744682 881377
66189 581393 516044 325405 330851 650209 80312 809050 209506 728380
351961 999542 160370 651770 806346 275443 380826 112118 947212 967240
563122 358805 116356 680932 43233 43909 278958 826705 2756 722895
624382 995310 867844 916945 807359 740478 97157 782519 643815 667461
352386 654124 311315 89096 927525 345265 337471 756807 845317 205932
772737 40261 816843 879368 791496 597659 365002 515431 300313 792422
679661 749649 429315 31399 50658 719046 508126 115541 497521 396246
673176 597776 185566 978928 488651 749278 348658 643775 695170 852444
679720 691740 48584 168819 702367 861072 87047 34798 708776 171835
883856 120312 251897 636267 155420 656454 67187 336918 322342 989353
532839 958019 560594 570644 73820 203021 173551 197835 270463 823067
669208 351661 211483 26627 606028 495116 447839 964456 164818 749834
62743 516563 971791 287992 974131 681487 657335 649543 630314 473344
116514 519879 426041 44123 911 126509 230326 715489 121647 57343
647611 253430 146722 515114 26341 52741 534196 105268 808775 188753
522292 840460 337125 45305 733793 644617 530786 704792 185190 489264
380420 880086 939281 525267 61566 912540 984699 142654 427397 554831
440568 322686 473232 240134 550403 569924 168480 290317 452910 699191
787402 573197 21455 539644 565922 238232 237585 89463 533387 298370
156721 962123 29712 753085 971282 215147 223871 297661 378369 769395
566630 236374 295163 797159 593190 929735 484613 217100 303243 958436
720640 998771 365440 695448 940616 693293 474759 921027 935871 807384
285185 592247 693489 964921 595430 367780 840949 460849 393474 738212
459655 546223 908280 529895 194347 235329 735012 864377 204914 26698
401638 670273 916641 248763 105192 30953 831314 714777 101340 428155
888343 297312 235025 69573 724272 73109 377616 221530 808443 812182
444031 320643 220064 642580 71793 409359 618055 288212 741512 773821
738155 75054 651269 536512 671523 349498 321550 396553 105312 545781
692948 374282 48295 423251 399874 240274 925887 560716 99718 591253
282541 821299 593605 313007 266982 678096 825998 581075 420725 839720
522419 82124 635961 869894 675210 820280 914941 998820 164228 94667
946729 588669 973126 849004 268230 238968 838804 951845 343813 41246
340947 312967 115182 611561 548546 151484 243949 435816 414046 892072
43564 302173 790094 955228 498791 610259 216655 166675 920908 805424
625220 582601 622170 688762 417931 289959 770713 374434 853216 799933
723005 783739 294698 316012 762988 599187 914674 853714 109439 947577
846481 248667 281337 531689 970778 79250 630192 548683 428128 585620
466551 155576 827817 802835 891827 639626 704077 143719 255811 733470
407253 272164 454256 653189 825135 401609 221221 328371 226864 990468
86901 216580 445678 641763 145731 546519 986363 642130 899904 223674
719287 108172 744345 987839 643122 765317 555948 202454 285074 158978
577515 653451 861552 739370 297955 465697 526608 784612 250729 959986
8488 453715 171747 593883 169619 797921 833698 762717 445882 809923
402849 336472 227812 500667 198730 922527 979773 93739 339031 563433
681655 920554 824112 957591 425073 40575 101763 623323 769420 407622
41620 5607 993821 652726 568454 978848 776269 746892 612526 598501
66266 83548 829566 704523 163000 260178 755526 479169 121842 327357
769386 969610 452270 170010 690277 32768 558530 782741 491506 812655
821036 823750 6509 696429 491090 829944 468197 545422 260363 434805
356116 951356 780836 917015 224728 323336 875489 525000 816824 839129
381900 246140 864109 411445 994082 709611 724358 501747 233225 235438
494550 124482 890695 547352 893945 55090 188150 665359 66008 680782
885813 80401 729413 249528 931593 898068 893176 80190 251861 631202
121074 663025 41077 457281 222102 998529 549601 537195 161993 916361
536124 709284 91879 105067 534644 971696 475745 321494 886907 723697
468736 596812 119741 582218 582856 32235 789669 808982 875461 544813
190186 343917 380007 965642 676620 464691 433764 748796 832941 567844
12280 112226 516032 710013 368536 46384 191523 599370 111057 331867
953433 543443 875983 161376 80048 962066 695453 562544 356200 397816
351393 583904 184463 895131 190251 408489 81548 733462 386023 981234
235594 616876 680392 138814 330679 312283 277099 445161 755651 334536
308926 144649 717212 520393 653122 963625 438439 684629 194199 559827
318514 519869 640566 950815 995305 809761 167945 276875 179325 626797
487413 681029 453554 47995 235776 487512 504781 378282 429632 245640
929880 229500 589164 44571 994768 758023 430967 923825 801896 249033
206902 181922 488161 916271 247650 580005 972260 918945 4643 204688
330921 11400 30844 608405 549039 344773 562275 726776 936258 956684
330925 792304 786023 908285 506485 166025 598166 109923 381361 350607
525890 65156 132164 979306 970412 137593 510890 146633 443559 644851
645751 105065 739808 557875 945411 980146 763688 666632 58701 853226
759884 426051 37424 737668 978744 720319 276596 193591 441783 547774
837897 893403 556400 831345 825603 453412 151748 155071 292305 572263
129955 351365 386901 620575 943335 842200 569509 356395 467284 180309
257177 221215 909122 383152 414441 839696 471196 305456 88854 450314
900797 291448 31753 715049 250529 489062 657612 590473 492673 496861
800923 906135 867298 930233 49365 890632 967449 174932 643987 210438
62272 188977 450306 905467 345482 939355 350755 467733 210618 121191
273393 679988 685626 435180 740876 699679 811488 376050 555762 510837
950923 29372 797123 419436 404590 278106 959724 273818 860683 206385
470105 600740 137515 544933 393278 843144 87654 143671 616698 319200
641695 461551 316222 928327 563252 47755 443074 659958 919563 899226
297376 706751 989250 1750 522980 621780 932917 275722 882475 706211
54556 667510 608618 293693 381950 817667 847480 270847 243081 416727
822639 456162 523263 625724 622568 248427 328674 742996 697248 684231
662894 223516 141487 935516 616090 25061 475110 794659 637565 504675
900226 353787 256655 856654 313784 420663 383734 430069 913389 177800
335000 604844 495036 263776 269875 706378 656346 178493 79900 157396
286609 134771 321050 654889 571020 368189 505269 565818 268313 224167
132738 830958 687238 238944 698631 387113 871329 997012 468388 264679
16997 951807 759099 277226 635836 634153 582378 934870 812188 709040
701707 802745 730625 81580 915668 260446 728296 511205 556066 392534
549780 632427 556953 11369 314730 774712 421942 642182 733941 559408
880786 36302 769296 535038 928568 616757 745522 238477 684205 972041
76983 618479 448113 261666 406404 602738 323657 378717 445459 300080
539345 356682 904580 236567 325821 111738 40841 847893 237689 259272
79607 567800 707335 101009 329993 834990 246916 439524 541890 222481
338656 115869 276012 114835 42831 564005 216740 497074 353624 456449
2190 426094 8187 865694 368718 397418 259253 563337 517325 592892
199593 517345 604651 183948 586827 750489 676342 729862 367689 202412
261210 223126 639637 125062 796378 99073 778995 576321 449943 840200
867150 94425 825762 608453 324433 87340 621015 747794 99529 413460
436515 468206 282512 348754 360683 828506 7394 259232 313001 921151
200208 401451 222294 261677 957030 546988 838401 528157 534248 1982
989257 448139 890644 567030 396443 443351 380059 337568 303163 689412
370125 744621 963550 115028 477361 51577 666302 962103 231075 916804
467929 35315 245420 44517 696056 153159 791714 958123 384130 435786
698280 449670 912859 871487 980330 420073 923901 590482 517427 493606
210596 8189 144976 222176 490472 161768 360522 884657 383307 242225
362403 728343 65418 864124 564628 70532 279461 553914 330361 279479
204098 768674 187797 386217 740972 860828 832313 988445 48249 102334
91089 19217 824866 831477 688867 290259 567823 421673 478505 805391
160741 916538 553500 820803 789428 277474 224678 358347 783467 187280
97429 131550 650446 380349 126646 29423 797561 446274 240031 1836
520508 546275 12736 845199 759225 386155 950161 706082 328087 969472
551511 235672 325108 988341 653905 513418 362581 4439 631675 421439
109437 510385 802250 455621 509121 699723 7655 393155 666129 748636
293749 703716 688777 18563 761757 227542 92655 273780 977402 116310
218993 919935 583084 208159 112185 48654 338836 36027 104929 127484
79530 861280 35253 430863 465498 809611 540436 208515 268744 962532
475776 355054 293061 995045 149444 711679 132580 771352 101909 811120
628775 620371 244044 63584 710984 246353 270923 824484 275640 455301
453134 328938 688907 726359 903072 352816 469385 747803 172765 22502
181470 738076 427285 614545 126779 276826 873925 16583 162061 803339
13033 433213 183526 155110 51568 672947 100870 787549 677043 227402
154836 639793 295606 872617 145451 529063 167699 68819 508452 346997
843746 335406 765514 583270 126178 449123 796657 733432 822758 204775
600755 626367 285573 266323 411946 508094 306348 758025 194298 755343
402676 710361 218820 571522 439721 453706 547209 59178 76223 503589
694491 418917 463186 574109 205802 604676 443526 172690 122446 870744
693152 897751 241257 616198 757448 762924 200087 963149 847467 725114
758013 138970 439088 502186 351204 484540 107161 339699 211580 702440
167556 644063 454829 730300 803032 462372 727273 274826 210818 560360
357528 772465 736418 803534 207012 645425 186943 9293 180522 711597
790814 914162 578241 125673 514633 461824 223979 421897 495366 214360
796961 823666 38981 720290 793305 103906 127833 527556 90423 545628
819754 595914 180898 20226 765313 702005 380323 784378 98618 904482
726392 154358 267928 747527 547434 933371 844781 676898 279947 587226
495922 528182 341106 997823 693174 468324 942304 958990 461831 770391
804626 678495 805638 339829 294136 28827 518112 938481 191582 149490
775263 853634 473746 437092 48139 691566 842672 950494 69016 841986
726686 153500 830760 197352 49781 611396 709253 229390 496396 805571
575240 452790 942389 984450 173315 30457 506759 525072 688954 61670
19183 568333 885796 131613 48490 658379 163501 23453 924473 540291
675484 118642 927705 658880 74250 287916 812550 586771 122721 895697
281370 806924 360781 129367 659608 654058 805165 702718 805540 943648
124221 544509 611804 81894 266428 949841 287328 487430 344072 432153
407390 559399 551383 511774 904340 873480 574159 673426 326948 952299
836842 610164 959020 105005 450310 77056 563340 381935 434717 882023
536548 802337 462030 983921 763942 479340 771617 526317 409335 110181
339654 257144 467080 843255 518244 939283 127094 783781 448977 843158
526935 201166 746607 583697 350602 905634 701867 360199 129565 274712
256797 782791 94057 607984 384859 360385 742799 603853 463448 780714
675317 22114 177223 855192 677279 55149 522018 67175 246318 214008
765930 670230 238962 957926 217738 103015 210531 729777 557987 616358
232774 607618 60587 239264 368119 346326 556211 247800 334564 751925
812718 857578 190149 936929 203809 820076 504091 128133 37304 617813
757907 760239 896958 775128 497925 540559 422467 358007 917877 64788
648969 719430 218403 578056 415740 958588 511345 267787 183295 496911
229820 116340 9357 743638 944109 250460 614521 17428 495207 838610
15101 900676 40420 315709 560450 27663 950221 140624 439253 654788
660299 726795 418180 125428 344665 719169 48162 313134 908348 659784
598533 561337 986915 812326 660925 386649 833740 570643 794083 89795
154900 196793 238009 594774 263907 624758 323246 183629 129952 716895
991040 353939 463241 897130 5507 226803 750668 801312 460784 771110
255197 991194 84439 265128 110363 62116 564357 508849 759394 318253
585483 152038 967864 369785 673438 674288 274052 23697 276374 718274
382084 58205 340386 977020 517874 103336 272411 523343 372096 337921
987215 220215 836255 887580 468336 807005 80730 773725 524110 507902
52278 660229 199971 50273 900844 118215 775545 338437 762076 753072
818242 482577 407251 150053 577066 659691 623166 421740 59909 920455
363234 550715 62735 922311 852699 437332 402123 153958 955986 678308
381177 261740 731603 735105 681584 841441 132922 140378 309014 865487
283472 707535 500963 42477 276689 732458 262187 975555 304250 732350
208511 662226 996783 4377 372675 303235 678978 505630 340120 834892
546371 272915 867899 516312 160239 471160 872531 622716 392166 892403
762481 822015 877296 518595 905527 309884 234174 157424 398091 776641
460661 503491 26209 739695 926480 357741 749596 532065 723800 990555
600846 449953 722680 101048 678004 981115 806185 992072 903469 552039
585984 644289 555164 895151 514861 739173 966096 509193 761374 507132
691799 749844 429094 636806 261129 152571 638238 472988 390961 590350
746987 159408 675575 105359 916179 107239 940718 635392 754274 210017
33064 848757 925613 991523 526664 3256 320120 869835 411668 437543
912882 611969 504325 256758 732125 980017 688476 529087 575344 809748
514695 273694 460892 948717 443778 754150 988790 400835 726212 148648
518146 589731 195341 350233 411972 718463 897002 302863 281959 193154
685354 256230 733826 318511 58868 523965 966149 392369 959241 375542
500284 936689 762346 477089 791028 889302 731828 384986 502428 76405
442920 936231 466443 296947 272297 822762 12624 247549 907149 725442
647236 895791 50699 618550 470357 135835 825617 202595 451048 736521
515506 398101 871101 351582 348936 534491 514220 197981 878956 547270
440253 57734 598215 593387 701994 471216 112377 292773 219091 990720
15346 787790 252274 819826 789970 636016 959394 407683 794293 792980
59661 169197 62582 885865 342928 740589 914832 630661 16414 815371
671656 290746 714914 33450 460582 674727 52850 585815 779511 423679
536041 284106 203711 959198 791206 891789 321575 814657 970529 268488
383074 216805 868469 35266 343774 721310 972683 703168 891411 391427
153090 92057 450034 725901 430777 846321 176144 269303 282044 248530
790394 870492 923108 187997 335979 203724 394180 411607 14770 937673
53715 700867 979580 113732 827953 488421 613779 60867 887900 35559
209008 305663 809134 72956 807316 579128 938880 988106 687648 441572
741648 652356 150219 301080 819965 903551 888321 538612 115483 43124
693320 775161 406661 59343 936074 89596 408916 155413 448188 891920
374379 847668 453069 249162 813941 102310 817120 713125 88849 773747
326342 757040 189358 370567 747545 979774 846704 830814 964925 833487
668468 72568 566970 603648 894486 280546 2751 799480 274497 8131
433206 912157 494777 403225 482784 86184 764330 450218 507433 366474
241423 229835 558926 186596 935690 924349 862999 574863 433579 52982
954903 389754 546311 908982 451734 135281 28880 800778 139265 688766
975919 612095 948136 759126 118496 776611 874870 825776 724495 289036
591898 713887 156385 319630 626641 57200 285545 632524 255369 819741
464364 161095 843268 31549 968833 456080 770227 135020 101007 916228
586255 351621 114431 456554 246652 228710 530416 890348 664117 524171
258974 73570 230190 472496 235653 250787 122355 423357 792528 607105
575553 591455 209684 121187 888741 676504 421185 256736 809343 524870
268717 637000 298775 872124 503988 446772 83230 712976 412520 542344
343580 601796 424467 103515 853243 820873 184116 714805 678609 252395
580042 329549 682734 813326 856331 329801 643991 782183 821127 771709
294083 593599 739519 234668 446583 771751 324207 259938 66645 427094
423148 468173 22957 521469 998013 608401 879651 851414 540737 165945
686230 641780 885440 702051 932645 119626 875798 369304 511627 346091
188913 539369 55757 802829 123411 283252 932388 460699 667586 260471
212098 90569 161859 588624 169014 345830 165979 137185 875615 983732
831184 972743 724395 644166 846963 166987 447604 552504 452650 834219
490140 631093 858709 876192 11688 37649 409281 676135 281498 941609
933331 253421 886752 818405 378689 901963 860401 805548 862629 363504
951765 157500 55414 217920 508243 975655 795176 382843 788252 641586
847346 581061 353654 807689 295122 234455 108439 844518 283602 680802
136719 868465 931661 962016 757153 130129 227703 225117 618761 521870
852171 323400 400967 460605 298803 527349 174035 734124 638283 964593
721731 374304 520531 479002 541522 526672 978071 40120 615441 250957
502813 345035 291242 846158 753145 636458 895652 962771 736515 223053
687001 81375 765363 851048 332864 410446 884189 319902 133681 937267
650456 118875 691086 168888 292079 339004 258378 618027 554265 978702
620593 790975 794980 544918 949109 290282 144769 786722 766696 622914
51384 836404 709429 65715 648506 685856 863709 274798 202335 254048
401908 649262 480514 73094 681959 853830 287242 91911 402426 177802
994716 886501 581920 427953 67459 953539 791876 867689 860036 702563
384320 166303 166513 529948 955579 239506 353582 948206 246490 821513
675735 660193 711773 552189 864760 973225 982068 267395 777771 764034
650625 40229 213205 519179 852743 365349 108462 237203 40248 755596
54711 970212 18328 505879 965784 785846 141847 480131 97389 564465
6955 845462 249916 403613 966682 647375 995132 241599 194461 452935
180695 379075 767389 204961 193150 71958 708970 746057 841091 62975
702222 886555 700929 495280 711651 104808 712472 371678 503234 565323
81363 822400 83169 528831 185927 380697 999328 343788 533371 121648
688988 542595 39774 995830 130870 504174 971071 850240 451278 773115
967101 429243 802254 285059 332717 551207 730840 9397 230094 999773
646915 906713 645386 394975 723995 470044 449407 251934 903281 399206
641496 596946 83397 222186 908053 419656 567034 98899 691135 524185
737695 449290 210401 484957 51298 236028 593700 643930 755831 482464
676041 994419 543074 964074 999028 917563 935125 664221 755784 544256
73926 748558 719599 445740 401885 53079 84326 939312 132197 577470
302232 709652 323595 881921 570730 637481 430791 572894 220537 924820
103335 293041 469850 206852 916169 301263 721582 325984 818571 693101
979262 296173 636373 792990 818767 463052 790457 348839 1957 436469
443276 480217 776730 541069 219302 239844 913605 653200 323615 674979
168240 70948 828860 965281 469601 40918 650843 592202 13623 82401
82599 868712 98784 1558 903002 686575 794635 776713 952144 329041
679969 772699 230698 412025 503249 828915 876654 794670 509554 230891
162018 439790 897696 344849 160572 541124 621445 520160 515017 437868
765754 303258 300976 132170 498432 331221 663338 332194 993968 41709
512885 478123 597447 355852 81560 261525 988198 929701 393591 355597
840451 907459 238349 165268 291020 131247 468715 959763 234527 829600
623365 536442 665005 229825 965731 672170 668765 715276 241729 113841
797375 872199 486472 705610 532066 632117 122949 912265 627622 330705
719361 342795 571589 602842 653930 228661 638793 854778 639968 240450
974468 875042 791445 178420 897875 247664 538327 994539 994538 341306
763207 275069 411537 529515 86633 303204 250388 144387 857443 619607
481423 155298 586830 744666 776289 446797 220986 796414 604606 837487
226667 305051 505404 719595 543818 871996 684213 244795 753628 21339
113670 837349 598896 719386 5761 895601 97779 945601 220915 441096
252106 980257 591222 181819 643314 661610 56995 589766 9380 567357
755261 186276 133103 33473 847683 921453 158932 67640 687024 483420
752684 93923 508628 987909 73629 763573 956376 557909 488264 117347
710970 722381 62680 290812 178428 1453 300547 818463 143969 198906
49783 327904 439567 565624 343411 42532 875129 500972 193287 733587
398036 388726 26227 211087 306655 525104 486486 525558 491782 62187
531067 266958 667954 996993 359679 627590 907405 973942 628895 248905
399666 69567 574568 196631 793810 88577 803955 124868 935507 954482
243516 480990 431138 317792 916319 701218 586640 286607 938665 474683
680009 21128 214252 871870 831028 862434 265518 760186 432701 48209
909724 588123 248857 293810 941345 439417 922044 822832 197219 895094
29609 918985 291303 417884 336897 533644 913049 417205 153577 32311
338863 610622 529585 756031 999016 563798 803458 153078 780792 944046
24724 227817 146139 122229 20926 176550 171561 760259 509769 368626
571714 205993 351979 487788 976576 921499 783958 507540 394496 511138
622001 747899 129008 84939 238168 695295 985837 544456 463045 569946
302247 87168 264170 577698 531658 725374 170221 232869 906201 974923
771616 689273 104847 776861 669266 281066 379517 373165 789321 200825
419311 711353 381091 41979 543160 526167 966669 867380 443172 817685
560638 241058 570579 665845 27415 891423 67575 30027 816247 26199
981944 877732 69049 493242 375427 650510 429029 381396 491516 103953
786437 405881 583286 348040 542745 929341 36947 1888 785472 383821
812979 117456 701534 32928 183600 431553 345113 20490 684596 410597
367827 351761 562813 702967 441402 505297 31967 803095 109661 350119
187756 37894 768786 165828 752933 957582 120537 984118 512145 403491
336606 282246 476182 272040 579732 143049 777245 487668 556888 973678
935368 951758 674282 536667 191985 926679 100792 731532 238226 21381
303909 389203 951893 476777 688810 219287 246507 230254 591721 756151
777590 358826 785921 80003 619282 388526 831957 279133 371833 295140
534866 439937 881527 73307 208822 228968 466767 342913 529054 110110
801280 33418 321816 791281 801086 683927 355398 366502 104410 819564
918343 570517 951060 223841 818544 12107 87913 72774 690349 68062
105956 952717 357196 967375 243893 828666 998713 874039 202546 656907
333492 17247 27342 452503 172594 948999 315241 500256 264616 8089
570756 70268 673794 289748 202128 901230 108729 223348 238472 67898
182909 274742 244588 488092 65830 119998 684048 782544 778892 852775
128732 742069 712103 839497 135961 827862 355268 625280 929677 904734
932611 151333 864182 353251 754278 753171 502300 223086 610264 893129
511436 228663 812452 865956 260930 784205 162672 516412 734245 548837
801557 458157 576064 141241 494275 993429 194180 829110 227998 517335
975119 228044 885119 696309 811765 201673 190660 290731 349789 860423
721508 797432 248908 998039 933868 403936 771688 193836 116876 775055
263488 472462 145236 217925 945219 987156 335998 756752 397370 706959
978255 241751 69560 33712 594755 181051 273288 212738 228504 944160
26482 120450 794764 438497 320746 828100 961795 566881 272691 747291
248074 923879 72421 238323 817896 27608 750904 996763 130590 992962
585089 728391 720963 59027 867484 832137 311372 953286 405264 410599
530319 993642 499319 179597 44922 690977 641169 842454 213296 840579
14112 302270 512667 202788 454071 772068 303507 951683 959619 464243
615136 293634 477554 512524 794154 850400 183061 103443 139858 589743
558639 872589 87681 539413 353342 406369 90284 21397 896183 666460
155906 141564 15753 407948 957494 746630 419547 818783 338179 867712
822187 862615 238742 452757 633176 754801 358165 572574 282675 451906
94269 122195 77395 803720 463253 711491 241217 318930 97874 227249
605759 627381 359061 740723 870882 357726 697270 906107 329528 681098
777396 713811 318768 376957 747282 549289 870673 568768 790227 308509
990147 224813 843568 569836 56226 405617 972136 666734 121508 653894
825287 333263 703988 617706 713934 971285 549485 435921 736690 801089
652991 188273 303017 881204 884331 13556 400107 883603 119075 755377
793567 272278 30076 477416 81196 791468 800909 86766 56867 152248
676571 38503 424323 975069 225735 984927 794228 128631 528324 483190
582407 708833 281056 425869 864980 709657 160315 287397 702690 4937
434061 947889 199677 585937 7406 621555 513157 618189 796240 485842
613533 495189 834040 978868 310912 175083 301965 280310 845452 530383
885275 704417 602413 924033 780295 765580 581801 280092 714737 118374
372726 879635 634041 772064 611773 589300 607810 658803 776564 210893
278759 695220 219825 299377 184037 823554 699097 856944 98977 84482
40882 721811 20895 827102 298495 74303 282996 331460 325677 260467
88712 901784 43208 474835 772338 346098 723446 873028 817039 99311
235514 408415 848294 617617 949565 307672 703797 404474 704558 229700
327525 773483 553812 296580 718010 403370 2489 833903 117591 652479
586605 852122 681998 608232 699095 707401 548971 897485 647975 682384
28261 856833 414390 78215 838539 630824 940754 402203 588218 458497
199288 81779 250776 170152 270078 945479 606424 635815 227191 348650
786190 399414 607530 810073 844422 529122 861096 814055 214742 598921
449353 994064 179498 93283 876638 565950 356744 330059 3777 658608
440219 397947 162188 940104 443094 24790 779029 437066 810108 260343
257102 543335 851494 551188 296923 419517 96518 504746 461787 519516
839820 816648 86916 652415 758118 331640 485498 759881 210725 141911
865682 578103 765847 165345 181348 773985 76127 992565 26992 190984
996004 314302 200511 29042 715545 999268 189326 376635 551385 367250
788071 198111 312453 249622 600840 420914 381819 928584 351124 35827
204712 889432 103095 436202 333227 61398 327657 613783 936392 639284
468645 90473 609916 919842 724939 733038 351790 52489 238279 98678
475445 758211 651667 56145 30758 305121 534812 838705 112673 499262
572913 883901 120584 508024 400939 398890 426345 878821 739851 879338
681138 879845 955612 563708 534487 752742 588315 92282 660938 800327
247167 882441 372041 27776 43513 650117 564057 696914 162686 884663
645895 151046 352952 608642 436833 534384 256120 838631 58666 135380
375907 936793 932656 353046 887322 565638 261789 326243 44039 803181
863242 810358 176525 671704 552276 921958 972495 577300 291328 380212
561374 452708 598934 381814 329806 505923 643123 710872 975470 296576
786544 335259 126108 754935 801729 283617 947788 368687 351028 18365
572130 971507 381629 934530 680526 241353 185316 291351 468786 218138
135996 441636 286672 114196 687984 969988 330419 417429 429454 472810
865074 283731 344630 446473 655811 860729 467187 835332 475997 888545
106682 615418 935540 71280 159407 5974 150710 682828 441126 495501
785487 657965 649807 43493 271327 737283 992365 756448 861671 529132
686455 721383 513898 510811 84861 111764 329272 572630 375665 245694
317165 296863 634539 417897 170545 503489 740482 795715 218697 646199
932213 568423 977513 681694 659308 694768 159410 478894 359561 300808
721792 216664 658855 298300 316346 609865 356199 899641 151214 677045
454345 273737 455416 989141 218634 354762 456632 319808 215489 734174
671685 532496 399667 418876 700002 720267 663559 430676 317392 578074
877921 693194 95906 966999 532777 262740 271355 705081 647250 782071
516203 226706 299301 547786 822029 982612 68034 855938 243867 403824
513968 700949 859706 892813 691725 964054 61487 439876 432419 675060
285156 316598 909146 104623 705177 549413 530503 512613 691975 936317
646617 482866 995718 399372 696761 481402 176913 137374 539296 124471
99047 533826 891543 944654 229977 9512 379355 115018 2244 863237
401037 765035 601153 761035 957978 664601 967955 974857 400045 125650
472683 779463 669050 136466 941337 612061 528376 640846 299785 339806
342880 563517 638960 286429 99987 777173 913296 321650 374675 525505
241216 881053 439814 147967 660036 599505 33707 854734 714748 67834
217887 582700 640503 317762 700881 908076 231802 631467 324829 243931
767663 774995 387411 781318 385361 193945 472366 993110 295725 884163
317539 245603 954590 814168 225438 230590 318369 383726 380438 890271
348731 230114 688808 817425 948968 358520 343646 516925 540634 859557
383964 383722 568303 824006 825059 20851 487938 215305 738333 123854
815529 842391 565774 106626 547607 574415 382694 567545 113635 340223
105380 573692 16457 977416 962918 952237 923791 410012 519457 307187
373535 721412 562247 289111 107085 573646 244629 216132 594787 4067
405406 817288 117366 462876 609258 784860 679665 355848 588187 395656
171941 795781 26583 469970 199988 234349 591108 126266 334617 392141
756209 61084 267453 917285 382444 645320 869642 507455 436691 787541
478809 899977 261976 278157 637005 610465 476728 283100 443377 754001
424328 102720 295388 373977 941704 655184 299757 330522 300247 306472
460705 380596 464252 371200 213849 740856 543470 986030 806287 82538
80384 968020 745107 428150 758404 280551 880164 168048 909445 714266
36513 334052 72069 642834 507872 474391 131833 137709 134498 319263
479267 282841 584323 491730 148025 46460 956307 908337 916486 142896
906262 994547 268773 244502 171844 118688 579595 625601 23342 240342
211117 975030 547044 181542 125241 523363 426730 729238 115214 345852
770451 504295 76151 227582 163026 102544 652402 521831 930662 250164
724771 2771 243868 755256 861330 182747 634898 549303 818645 522887
67167 308933 195792 29140 283992 962763 527501 821924 186408 9849
692176 12902 112955 236429 455287 754793 540691 39969 129588 589069
318990 668205 707177 691228 95863 946550 919316 470513 100308 612754
502675 871442 603247 346687 993580 513543 289016 472419 464770 970933
38538 680786 23815 29067 545086 131380 293397 988350 861745 776749
994079 320963 534270 43350 94641 332203 403492 855171 81924 549863
113611 286490 745219 825381 707804 625468 258524 651848 361519 443076
111126 600761 968332 988700 275706 386123 952118 186375 172771 348483
136336 900917 44780 689293 760629 264727 290461 182565 588180 813107
533789 613895 179601 190667 956624 649284 892907 725044 813288 113420
193377 299644 537936 855952 160139 3878 538916 865348 961938 660260
490296 490679 785968 949360 184380 776164 822695 650272 355050 38537
222503 763434 709237 999026 639338 677400 541852 660066 681785 34070
428482 909867 325162 55766 575971 549702 802677 944394 217507 8805
132329 770446 216110 785139 703512 681259 354268 120406 648327 662964
829053 850402 296018 724020 867351 410253 291077 983942 955782 467173
439356 259483 773570 591443 857223 831606 598917 432852 246337 41824
145549 116935 462817 327766 434859 320546 299984 266750 471700 569387
259602 838288 236591 193203 775306 508953 351610 819280 360405 620530
275699 237533 424564 377676 853148 108295 504248 77106 474505 653773
507830 607801 827724 594078 611662 499700 7509 855181 870319 622518
118850 587101 830465 82490 821335 249075 276747 24711 649422 393938
293240 768746 700214 394896 27959 384127 948857 956728 721110 269093
158650 467606 374393 539400 688208 582216 295678 787550 940415 700517
837682 53351 575507 309507 422805 94282 505578 441583 833539 240485
400579 332772 447983 671544 963546 69073 224617 556974 818166 868961
393196 103682 786324 90508 71779 499297 906699 412539 894969 883835
372081 422646 137314 360478 411125 581443 200260 449690 755473 502822
134922 177007 410332 541165 448370 325552 909354 946227 643913 272525
611093 609984 476352 300411 662262 340161 317377 303805 231354 211777
914985 981515 373889 843909 990477 200305 770466 315018 758894 26355
942201 979720 201915 917750 733880 492407 247683 400172 758007 192267
970434 879418 473802 672390 867639 577948 430293 640437 265447 691902
813402 648047 472345 882054 223085 453259 907977 688660 555832 971941
707468 777796 450401 153255 319717 128526 569100 531978 880448 994249
576417 394217 64723 437711 970797 67390 894539 750163 526613 513599
191172 575894 215428 126008 371690 810035 500321 335274 685172 202147
688986 796805 265060 926477 707455 549222 174327 433653 924031 62954
65063 164417 932056 903671 914435 33715 293970 213112 747005 986830
854346 157226 6152 347594 96775 102707 817807 754772 750376 9568
393429 136413 234762 967237 865846 129336 338826 711595 283122 600410
492960 857030 57780 14433 778130 519159 278261 884337 335611 761393
238669 196439 822250 493825 385007 795233 109649 491536 221754 138249
255777 587707 966736 601067 853671 868241 66374 212758 611121 832261
898051 456796 121687 938326 919245 346188 555496 328002 443640 465525
379315 102483 354532 241089 298200 529511 614868 160599 470452 15015
2302 14282 25217 561249 596209 941537 389289 566531 444524 889213
975521 9761 529627 347650 591653 593797 403651 826074 762319 331418
630209 504393 657610 858165 37073 158815 317258 982720 597356 167952
787669 675183 238087 10254 407467 101515 582882 353414 442325 371013
701538 924186 580980 756370 488624 455714 36544 519120 466086 297646
501079 397331 575456 646351 513465 575385 119143 952770 889482 820232
711735 283813 559260 640470 545123 385202 500225 3017 824075 652792
974815 50836 982406 915849 36108 489161 997312 230917 522259 380083
344109 775284 928767 777938 289307 567563 686364 379849 438553 903569
492756 462621 131762 748028 656242 313734 301869 963602 585866 462636
233641 184329 283805 363927 592259 338134 752290 349637 946438 100679
307363 969496 257591 931046 297000 293972 300817 344909 826005 712685
484291 406640 546214 338754 900766 376861 148156 76851 493442 856
126122 224548 207830 717680 377259 926962 7629 141730 185557 573432
168 769649 666040 146944 441863 757506 423690 942180 378464 506562
535010 831251 712993 58071 574943 689074 448066 575150 712280 760636
994934 35876 946149 311428 443569 248072 469022 85400 535822 766322
312371 536776 995996 601715 37029 724712 582821 516151 556230 956433
789018 704162 274360 186597 251304 980011 535642 728996 683916 315728
806116 565985 250265 632637 116479 481145 48843 874452 335533 960797
898384 79324 800154 868637 380867 681622 493688 728516 260203 577997
987051 797241 648456 703056 835009 569939 781704 784425 10310 106829
866757 553439 94263 704185 525276 610896 862727 524232 328860 417882
657526 552048 872595 190564 76939 606281 277879 844284 513692 461510
430584 648560 507067 596487 457269 271588 241998 919204 288176 342018
300309 844182 889149 750519 202096 323264 519563 278295 410628 998482
405288 47169 862456 572244 514351 515128 811241 38409 943930 217901
860287 43003 346857 373156 186215 276990 966099 780881 95779 938955
158686 212105 557535 787941 138075 527668 124192 494731 355352 847042
524246 786174 762866 406747 357002 953967 561385 150776 147803 573696
564829 98089 990856 319648 748776 283037 569598 955217 513259 434216
887762 812885 766744 979945 547682 876436 815435 891464 689049 177679
662240 323357 741328 16172 446705 502168 867002 191292 48625 209550
180411 947614 73227 659405 76874 802423 848438 947491 922664 121529
687401 918325 335372 84149 313458 718298 642994 550245 748419 70572
85268 108147 480790 130158 134623 310344 776443 889428 454444 641495
421146 801962 238162 702582 507253 167108 216317 152323 601206 760638
595909 646613 589062 693075 951569 571022 672598 683420 574042 356702
730692 635009 784922 389619 374009 587235 963912 366887 6709 850274
919853 61909 388619 962787 470806 905890 223953 80088 530675 818940
177681 438477 716616 456328 222101 660039 656740 300604 376749 639781
74472 275359 342072 839175 907848 848760 68570 754635 800666 363622
839807 859892 83159 951884 768997 52419 770525 705947 663298 740396
113694 390103 51179 616414 543028 199055 34509 141970 299954 962528
427782 175323 594113 884772 733 502873 699075 536555 924861 422115
195614 620863 392902 34128 311881 903910 361073 11397 574031 35752
234600 287996 169622 583773 797494 225625 777744 598203 197622 877871
539618 935407 118269 894469 61736 579305 361524 852829 524398 321046
661747 595645 182399 503999 785607 139896 462895 479318 225553 292020
922127 796288 900502 457556 528314 359083 708926 412379 207623 950916
722899 146176 25211 152167 727829 795668 790994 301667 417084 791198
299404 134283 913181 510518 89537 62380 269945 938622 697204 832710
772224 957462 745276 792735 542037 111548 936757 971270 218472 713592
656026 185691 761958 578817 667212 204221 86242 344314 314536 924433
650966 29189 994542 943957 324654 237961 954488 179028 925750 663220
6585 198125 982619 666762 424722 751761 614168 766684 245611 244331
820610 27594 559485 832857 733258 152935 989268 556300 596710 381821
258498 878582 969415 562501 370076 177240 751134 550 275094 278977
360312 909278 315703 404750 107982 286950 914223 485319 174713 435979
647221 732120 407918 502431 97215 368603 341634 994328 480689 791925
254250 875911 894703 828981 328448 205132 538087 827034 260845 50209
85252 485392 33895 18305 13088 747678 328741 527202 416610 205383
323620 762971 127132 813484 745217 243947 943345 471900 505293 733351
767815 724690 948893 658135 599600 88874 529555 121020 594870 196335
496138 149351 756064 516317 917265 635623 713822 415756 989389 72138
110460 337022 162311 504660 390699 487763 6680 481132 837877 42816
890018 399811 277778 956663 520574 382893 15136 457959 947046 985231
442980 408623 446151 521644 522784 135209 42978 955264 735117 438691
695386 337508 103174 142621 146194 351503 260436 710147 188710 969498
80533 498507 552644 261520 755803 389915 888142 654566 85128 512309
378214 124073 945754 985726 453481 264446 644813 711576 716467 218445
746121 311135 701141 511829 950273 391932 131794 220553 870240 228245
48219 813084 484820 374770 74005 835785 224060 835934 306230 708438
322084 453662 525239 600254 389154 706230 375048 441317 525156 613828
72894 811649 531545 983743 660121 700358 5351 613241 59601 600896
402788 398894 548111 449293 825271 995398 513656 602025 730271 345128
146993 648921 695470 69083 741602 182487 447661 163482 781911 443585
165426 478240 158679 515314 496744 198095 532080 979755 969927 872148
212123 105945 685598 726870 169290 490242 618842 642703 921369 945646
839768 330431 365111 42048 859038 576169 819774 485496 168955 454951
570207 313811 20826 557146 948318 500493 341977 862710 219042 685961
126715 189603 158723 406319 169489 495745 993235 495662 748679 434277
164925 539264 408748 464880 526440 22287 564039 515145 95575 573752
554570 305202 812952 28542 234414 164256 740153 171583 294977 876919
435937 163952 192756 355070 78465 278424 596352 432992 410016 15868
858516 886373 963161 613499 161314 21551 634893 236811 898069 274065
240420 960280 292046 403743 501792 912057 845352 804790 58781 830109
521825 934302 150926 105804 818692 612622 99914 980593 90577 838201
227955 536576 973049 953022 196311 903783 941260 346486 153837 709870
967610 739642 540464 901915 847331 324095 760089 475031 166101 439544
598337 493854 60066 231549 283674 153475 349990 392029 625658 268118
400472 255887 580917 444935 672698 673701 900117 942531 542065 736168
128105 328799 740676 333931 682164 928250 101835 123948 149703 752142
571961 553115 781574 620041 100691 1833 710820 785992 392976 954234
986681 358827 293337 128100 170579 131251 766717 513262 143614 445736
118151 111034 421441 219311 681620 38105 516873 265268 832135 409311
157313 665113 996326 888892 745553 999357 822403 335071 355906 851661
188107 198603 774464 504342 775908 426261 598503 135185 188610 768158
620208 912679 403911 433616 524270 940620 700205 422342 874214 47549
254979 150421 393139 122050 64150 343605 645384 881989 551820 626026
347296 245425 366835 942809 473161 416363 856594 500748 834669 918767
616343 426834 349947 893478 443230 201068 440259 778235 678205 631078
302620 61355 884159 803780 975558 956936 582129 812630 641959 788307
898455 632085 971391 494993 522120 286353 600271 95853 445075 186514
944321 989553 199199 522301 183188 787055 670714 773936 662134 658581
178077 687921 626750 291150 795172 381030 519402 975854 159960 51349
806972 262933 356484 74769 394110 904347 415804 17099 97609 671885
145951 27372 625084 15047 888659 525495 994953 858892 24198 581778
786119 583587 715250 321731 205344 513811 201642 747243 490224 833534
692803 697770 92346 165097 123911 737148 121895 845467 296123 252203
624662 674374 899616 72723 465600 945471 643853 352121 609294 867709
382286 939719 651586 240616 695795 198075 249788 862161 157128 204960
151881 180374 659429 237908 137160 359565 649206 540970 845311 808867
500201 638436 491668 103208 199589 175327 644247 453220 52467 930315
80485 896437 982380 52322 547732 231824 641742 504962 510102 740551
164578 996140 961370 401169 926691 740583 92146 7946 949315 558977
234297 477743 74535 311340 262214 781162 214076 262603 926351 682774
130368 764109 769729 770443 514746 913197 259530 94088 353073 920091
671331 431027 443973 922983 753070 151860 836813 684094 320387 204038
932821 605530 487559 340950 957198 549692 472373 451364 666098 400358
750995 106204 668430 595581 903098 970794 320982 301475 611709 399787
28533 168645 187906 320353 314162 726261 414318 378302 36601 520415
965169 356109 412061 746549 934604 133612 826251 491689 134083 579913
73369 681239 77179 10642 575397 128207 979691 96574 67089 155932
529825 37261 495974 876904 566387 670343 969207 949794 59841 390717
87905 156092 285349 331847 806118 869322 196143 425143 294459 630507
278375 549173 952665 687478 162641 272412 874002 791786 595505 87800
609391 270236 264285 945355 271549 283154 666977 22576 466437 533255
294461 667490 957321 777169 988650 471664 724225 802807 192479 713144
406360 624789 394056 177534 568506 445841 260276 988679 816543 866710
624260 775338 761058 298465 758876 413125 536857 765280 496468 123935
275261 569791 244899 456808 730353 862742 705967 445146 610433 798558
254767 386294 424020 831059 527685 421235 405745 167691 962888 846012
219673 280009 406794 655448 83465 374677 670799 942111 853740 289977
22097 851284 791286 615290 120443 519747 923782 57949 311443 178127
670758 931485 691651 115146 553385 910644 747904 462981 972311 34938
669779 566184 157273 602974 985858 854217 146857 963619 343879 704008
308917 230414 419313 423997 970253 472867 634274 277582 836711 929864
246449 473198 590273 333500 963298 908158 275190 470663 34849 300353
705171 190324 633270 747887 730044 609144 241250 10635 781360 255456
876897 282728 961789 403974 146026 257580 995601 640024 505638 946631
627319 391290 851972 27627 982722 779062 742632 154928 616913 112547
690837 870858 591749 594141 982988 47575 790260 870250 560983 162052
251407 104818 21273 689032 414397 406386 717102 598751 875365 64066
837081 919328 152893 963203 884890 644415 225251 58583 396335 592768
663488 214086 732 194259 517901 997121 45871 845655 598750 665894
397646 96738 8303 553667 864600 485309 252394 682111 131302 191423
659047 227339 869868 395223 741593 524109 636694 986598 12786 623646
65294 454420 319620 359512 928396 702584 257949 537543 377625 389202
453215 86056 863122 210147 740263 840441 849736 271498 82827 456416
472193 308228 666931 672711 574534 312002 520425 662147 552447 905229
791102 496172 355947 378537 139218 507048 439384 716340 743384 499696
614578 299998 293333 290715 870032 840588 292053 973579 852481 53555
706653 935134 533825 680314 965752 200850 272243 540387 880854 389651
619858 950573 194149 339054 561328 69058 775371 814589 83780 833738
377075 168475 679571 67087 815868 499387 735385 302782 792674 205415
279769 531599 40453 440275 195644 752648 165575 601687 366786 288864
492657 476279 282344 586358 597743 153505 109463 559100 844150 184297
424605 890895 729118 250130 141648 38890 562115 495262 768241 995208
445194 228580 541491 796883 172007 471466 317655 584746 494241 810752
131889 967693 119511 690757 336573 375234 7966 257203 499826 410103
441687 389721 945300 58238 656268 363907 289178 545658 974045 387864
259043 259277 363292 749421 518342 927444 340208 769070 751317 640601
729650 945765 676334 679329 551783 130062 381551 27351 723375 140946
468408 874769 942601 203037 931028 599991 530419 605267 510874 165847
855032 682973 335720 629554 901648 717709 119355 934930 594720 158453
390619 694111 791081 974195 850124 948164 55450 907297 364697 233947
230900 597958 592640 192232 884644 255979 880954 786849 848312 338841
745267 597020 781407 69459 911119 470827 888937 118558 467307 177711
811645 656657 438603 963887 826058 755279 594590 594567 610730 332891
187590 825788 517942 765132 904082 668184 255505 347507 74349 562697
968447 988375 864637 895962 595903 190663 116540 701849 48039 460147
865556 449586 880293 936065 654420 911856 490226 13710 769832 22414
305580 17044 142473 94332 474571 407579 620325 977915 284742 509493
386546 117089 190197 50230 382515 244845 132798 49668 337487 88097
983271 511084 201138 21113 40503 748137 42456 962054 30008 842216
134497 238552 105796 419700 759574 975112 218309 765428 386388 190288
372221 636356 704546 701299 193492 943031 626350 773184 154841 222845
67138 375979 106860 789860 21885 979450 976682 798977 552984 766286
341063 121081 841694 591001 110184 505934 131651 457648 348275 188077
490377 616771 816166 769190 348309 564146 812456 116640 487553 84055
14306 594766 792206 149882 557822 400357 658981 924048 546206 53474
58958 127619 75580 788317 234481 167071 955296 77843 243111 982752
686454 202713 383090 141563 987116 146322 870787 803310 617379 320717
909051 240587 916171 167331 937190 716031 958469 595008 176241 142270
840684 111524 447696 374858 659678 542975 521010 34752 830902 238897
594352 591663 339540 478051 586634 119968 656414 76225 897910 601463
369775 285356 448838 158803 262127 32767 310229 285937 312057 562535
333423 963031 112015 723412 309541 142486 26056 512940 774883 407759
942579 678113 332700 977553 300435 728416 50678 705215 942798 948111
36716 553775 244672 951654 325870 212416 526148 512470 726038 308927
817350 673879 539991 715195 438812 553940 285751 37809 458828 400146
719236 624330 97065 86524 451500 778399 364926 458817 708036 7254
551538 633927 719591 467900 698296 717358 203208 574668 269940 674061
582451 948644 559966 98551 254896 335445 539921 864945 41668 602315
914140 881883 94996 505508 606753 388582 315343 720058 68992 129727
10191 953961 759536 568197 452908 529626 488752 110612 528225 826990
975757 619292 405405 59971 382070 945984 959096 21232 152331 172019
88340 73567 363046 663414 430309 550435 740996 153738 186528 452397
705251 274982 661366 256999 943515 684994 939804 52047 271245 541560
361804 494473 156880 727736 550062 737697 627322 33651 685663 100305
214704 875360 971550 741568 656572 754252 544993 41176 922748 286405
128152 715923 638584 859485 756127 764048 710727 579214 728519 452855
560729 135200 302003 666481 318894 734260 318548 39012 220509 619472
449410 908010 793899 22227 752321 887058 972687 311029 709600 739116
551924 960166 728989 178602 108288 220806 86486 526715 121352 377826
557542 608659 612624 146513 947223 72196 494459 848406 138295 608570
228833 109066 250251 294589 627460 128956 352786 546489 254988 303666
298056 572274 394426 837606 944010 939241 538007 589308 103219 20868
116927 718371 288430 217863 948991 992707 153296 891268 765488 935557
654262 942395 231812 335939 459343 308727 290620 364607 66969 542270
853027 228240 237370 941863 583110 323816 283457 407297 493001 170700
368286 555992 294336 986153 564822 76176 258257 250289 114724 775491
106656 808379 570007 848560 240525 973703 414924 70930 848208 616888
321577 187319 665491 582842 17503 857532 137015 672706 29018 50376
903326 151369 360135 443207 67729 462144 790892 439308 579140 642469
43407 737383 402672 745194 150218 813680 103130 544224 640992 84152
825794 606826 573090 647699 913160 106740 762434 688156 953455 688694
452233 451320 975515 57998 949729 180032 360915 284005 311179 826473
368724 963039 868407 895162 301913 484610 944423 500387 348947 513907
118323 922772 829965 944725 949875 687326 84131 145060 663343 848387
262687 65832 968085 595627 321193 672298 546129 719308 273392 754916
6763 821096 349489 87162 886129 366858 166494 984548 65199 119950
423765 416102 974245 442293 7478 397178 736128 486028 410565 220092
119927 508734 86607 337469 433411 452872 616593 120050 899873 241974
327668 404279 578889 793990 582802 826821 197098 62481 236877 235522
724891 887153 827263 503707 124915 924634 289362 196338 187430 594653
133846 475199 688756 539166 131472 964941 480225 116661 262314 728662
961385 784719 549256 828313 427721 794151 895903 710605 764132 61604
596840 838566 757491 795148 565903 783694 516450 217999 637293 264630
83591 656592 152209 275406 914690 180853 175461 431851 542317 779298
212197 544937 46945 443086 584823 81744 174493 797678 264132 761931
336440 279565 648383 134204 801920 290224 66763 612671 35472 258819
560123 84232 917215 786088 606491 367701 624760 859315 91975 768386
708321 8002 883174 18128 682950 298734 666701 330160 166376 68925
607683 551607 690697 937075 692502 656930 351027 854067 821270 87163
297597 286123 477994 805915 206826 393128 828650 175871 958381 638060
914419 895503 166350 387503 40971 430259 401416 828045 207307 285598
317941 90294 435395 31141 204582 501140 775295 828543 720093 58945
948694 402669 935707 229454 823775 284232 448343 620839 357190 823573
194980 850681 768026 801895 678833 972509 527811 145658 366069 725334
322223 589063 739706 435297 184449 750863 190935 865511 581617 177832
241734 581995 322799 532173 869607 962708 85933 182988 193289 172364
902781 637969 35498 113098 892603 983785 870457 693149 734722 60745
8498 751049 144641 733245 970044 59584 114887 228684 240824 665437
442903 549208 501026 595444 194886 158782 577945 326065 303568 9040
922881 822266 785175 551609 110938 406939 997889 30130 383733 461108
397616 148342 414817 282212 798700 283332 66367 182372 493130 318423
129486 279289 607762 146928 445344 323936 463423 665938 831455 107918
273718 543589 126229 977909 600408 605261 51956 374983 31148 318152
715063 167722 278606 30746 961073 874181 574128 388022 603094 759746
870294 325908 894498 592354 907868 493704 562988 570847 580403 323982
591670 892195 891783 394115 803178 661074 92757 917346 697422 440147
230849 66597 575323 589502 585727 941716 481567 743451 371023 454223
834376 65057 220411 725995 43286 288706 833063 516269 730170 24386
798270 721616 155134 652685 336183 29692 732430 610942 520883 474530
122057 55409 825033 413748 291333 20881 105383 765773 306660 91355
331792 891157 470195 552728 406393 207265 60927 556834 267782 76121
600728 357672 563289 783927 62979 58480 773618 341471 220979 161809
636215 950159 465182 23575 290316 900537 963064 656868 192704 652698
23896 917372 664431 876316 685438 522995 315423 841220 431354 282884
207658 383773 76135 704021 458742 668919 659410 753697 593573 647174
410799 116241 164430 347074 666606 677934 218121 429382 82224 864352
6253 797076 595242 125726 141803 473854 587606 666813 146067 541211
457796 503528 859492 194727 916771 980147 639294 401731 866691 404324
202557 761720 173731 487356 791979 410908 345426 82608 703392 911880
791952 752056 589781 661098 339872 440050 692548 470912 524055 365401
546837 351986 51888 395562 953365 482715 753353 251573 950193 885145
898566 457896 53230 258460 531610 985228 523737 962556 349135 735200
541694 280188 981148 950216 915939 53314 191759 383084 455670 422280
105534 817591 423587 901133 59958 512449 9160 508792 778968 417604
990615 464049 945524 808046 622481 814896 415925 95045 580309 755771
498512 281627 72898 165048 361671 240500 82949 421743 581930 760221
784926 177805 49434 385334 910693 529857 849615 164516 33502 893458
995131 48835 449019 158413 212088 964515 729731 918244 37196 555685
727887 887659 788633 50200 370111 917982 518909 764186 527967 112430
793852 250905 512741 984258 70367 218159 734590 575605 846832 218544
399026 550555 403693 804260 846050 984916 278871 289437 237702 880354
969366 57671 786148 822196 979777 332975 152407 466337 608037 463657
952897 149473 237025 9390 655503 453373 49108 617987 526405 28600
68137 812716 948448 613013 611141 432961 130874 29099 142648 559653
449773 868593 917022 878136 656167 437666 823443 288690 100928 961880
472178 222655 895581 826556 517482 954506 28469 383502 224027 661073
856365 278681 588787 516971 106692 248629 424276 944589 396779 588148
187285 147362 465762 317214 93859 59856 886864 735818 214940 240935
970627 841717 659077 716738 767036 217119 818076 561171 170541 537890
644093 577882 896493 830057 997241 951192 916097 636034 837190 783038
254481 12133 537082 617370 420498 796250 383179 508779 69168 520434
486563 573740 963732 42166 418624 253970 150871 938516 538990 183768
119162 135948 434930 880012 764225 100653 639840 979707 672827 311457
735864 82201 383551 201976 561117 280853 398461 370141 981764 830799
916422 743669 204969 976611 776358 133132 732591 166141 317225 611914
127537 933060 919439 764514 2815 745066 659709 969862 21927 658766
553620 77620 511074 28725 885501 655653 605836 8175 252905 341123
727467 137869 589503 914566 837573 686818 81773 644613 639922 114032
353605 934588 217435 371062 791775 823474 496900 534379 351266 50440
337486 600487 207462 700288 919919 149627 896543 35803 324575 474960
431401 423300 842074 874568 495017 968445 264111 590544 334111 429078
201989 90358 200162 626686 60432 205822 752919 666032 434415 206789
240734 630332 851587 166630 169117 512201 467285 727009 630441 556715
340396 907503 635546 125159 557734 410032 51491 945071 128261 101476
492966 148449 939038 322711 972514 148265 566783 131697 707725 58676
264780 592613 197955 256080 314273 378115 77494 326173 492431 917097
979582 373106 26383 767462 804165 605985 48814 265041 490738 525502
684299 798600 943010 399726 563403 133866 440840 950186 44989 192504
498740 739588 50645 32759 545903 974162 600310 808128 714595 901858
281380 192969 695800 843736 793035 651455 357375 472890 798341 72183
691304 677585 640329 765965 395 195764 598091 902078 147027 125618
638546 188798 845509 395324 854106 390381 725804 869235 872034 89464
737204 49314 519088 507580 724185 101275 781549 385815 198993 680412
38491 446706 367191 952851 8528 164276 743918 901613 382579 144311
585551 241917 946071 195823 438400 477816 841591 155774 915595 399249
790818 857629 469589 390585 714051 212976 780138 93617 315532 307977
286530 618740 154601 869155 666488 521360 710928 144304 142123 787780
398128 556765 206254 142977 684177 810874 328393 389161 323760 359490
151411 822270 204609 502255 749754 422804 162259 7749 452714 48293
809122 779605 715478 807389 305561 880096 443205 176427 792574 236886
632192 645511 180328 332823 448785 219308 191692 937507 308763 402955
12021 836470 649505 536321 301828 39589 370712 204686 702296 111479
495781 859247 229057 120152 574299 890739 368677 332540 594389 340757
164295 267500 810665 308334 823171 92254 570389 326310 111207 360769
812727 239631 228472 2169 222103 888209 705445 879365 463859 121926
182350 156588 663369 240409 365807 648811 931627 570445 928871 174598
797349 848678 21110 130083 106898 728943 166006 303635 265272 278991
141935 312596 627099 756581 434296 353819 473067 3938 659790 614761
206909 471940 964975 293552 333110 977699 736696 566556 84781 356450
313730 787751 542739 71178 735885 286427 648783 224806 138050 530086
301752 35834 42410 345404 833209 748046 505396 683088 570870 950348
491267 717160 514629 36346 41499 175595 376396 668117 777756 447289
759465 17328 736271 945512 968930 542598 318958 246152 348243 387199
544142 293615 523036 324156 199773 533706 794795 967899 692275 108102
160763 93040 318260 707076 758685 934056 138756 354961 909911 486365
803940 572180 782433 239386 859395 99664 212788 103603 255098 715177
892289 184320 102709 16311 285526 596367 485649 527894 557924 582631
647570 965599 965053 343905 579275 342961 155447 469359 531174 477224
179055 102938 891280 81207 894710 819304 716767 333579 480277 681740
157749 61607 823741 768077 299604 357220 310765 856563 752969 249833
458351 644862 110443 441468 488083 606507 636837 503976 443041 33829
95389 824314 238149 167804 662350 81757 737923 98011 54599 992140
140292 992375 993652 96758 648562 827955 582139 895987 404900 819356
838624 651147 352749 985931 538892 988073 584954 180106 644038 396400
998024 331811 945169 509416 372557 108934 472192 278076 39238 253771
276253 335057 494815 521818 320654 201878 461930 586485 665199 801836
862876 854412 987966 933100 248784 192175 344648 18922 950798 476094
794454 121488 713422 998631 606904 943578 678427 862104 949543 346648
188834 183500 397449 461185 2920 774735 771478 224863 747691 239142
371959 355544 253628 287756 977579 706080 167093 400359 667690 412780
51912 983002 442776 237016 256768 42980 529639 175319 782737 89538
98697 826787 748044 310355 452415 910061 704755 632258 572062 464920
518987 491050 809054 745126 489925 252416 385292 681944 380958 628319
74951 725615 307665 241544 531400 124449 847394 532034 299650 17337
106580 47213 951876 280113 260812 649841 366613 510566 996301 582691
24411 531524 533338 434140 947099 86358 978194 288413 384176 2604
944981 259404 589293 543608 438851 201616 74777 663199 838352 752660
511034 94605 782248 604357 113108 315774 15033 198904 304090 240673
6318 297251 709283 537209 123186 818453 911240 970809 712385 958031
455145 259769 556035 708568 792377 935001 725935 813212 339313 201758
941397 263583 384270 371546 160693 184677 477494 219997 128185 977895
712545 186930 320836 651676 746944 672755 154102 894306 378680 744330
603845 97838 820151 142206 398437 761776 322774 401734 904100 148452
63510 303362 896193 287976 657533 713533 472800 628378 155456 883383
395846 532385 126157 222370 696252 81407 962767 443283 415324 847923
139128 604826 916208 308374 210376 810758 982780 660301 392237 153614
787475 969797 925952 736111 862889 100807 911383 566929 474718 943657
547156 522294 492062 297563 713793 831098 469565 15509 580549 576810
949407 21812 322532 380229 894341 644287 517414 309883 659156 270416
585015 354343 2631 727111 309988 828522 665417 558377 266063 569250
753560 219941 776035 556857 239076 671710 129791 173647 724960 833395
172791 480037 684634 980201 373140 133062 235608 929584 489920 763668
534679 96432 800161 603872 112289 85026 172731 328461 671689 548858
238372 534449 67802 865164 285263 916131 310676 923710 862256 468679
810760 205910 658138 44129 233915 630344 489934 608913 811132 374647
740409 666670 275675 82364 733225 54253 532279 357102 496481 302316
340026 421706 906329 40999 181773 486596 926175 901594 495329 582729
633754 485389 53259 871949 961315 985866 409880 338706 10392 310257
964674 991664 478336 234761 672529 145660 556845 437834 222332 534688
806698 949100 673079 780125 977687 588026 288342 678922 876625 916273
967350 804220 515455 571291 276547 962205 624519 551234 350749 870813
629907 306639 736253 14889 230689 804793 654984 36329 210797 371792
872784 199819 978717 925908 570809 26659 687371 866221 550808 164880
194738 384420 809672 349061 325427 165344 41148 568326 260802 868353
511507 737519 779436 507115 797250 552075 328539 109513 386699 334861
747448 455940 907275 852511 281588 129931 769487 999250 30099 496184
511660 624659 979422 490828 184153 907666 190096 648457 147058 939471
822251 219903 874980 779888 383311 542856 51091 79995 767678 864972
230828 37639 120237 809702 647580 503310 702170 873014 308184 878599
459515 796497 603467 539478 123679 96192 699409 503829 326487 603852
622072 967535 628113 513859 421583 367209 969037 242014 214724 549294
801330 916922 591094 108901 464372 537735 385744 101277 298353 488541
628802 805994 257195 540004 598848 629203 767263 166340 467501 345178
860129 707904 709325 234844 969216 776279 907028 686385 30375 736163
138625 640857 429656 970234 634662 307423 438920 939610 804264 92302
128741 274952 185235 613987 907560 929826 446908 885548 206491 321729
227919 402014 742368 188452 775586 74717 563933 986798 531872 659051
382255 722208 760938 784071 280562 981291 412521 125587 81274 532659
692144 73812 916688 233952 203564 629367 523000 745027 646526 699289
484263 312787 611307 557819 303851 217819 443300 128434 605854 877130
298891 425118 541788 35912 579761 856382 586782 243561 105078 90951
884356 128638 171654 508043 757325 828547 81980 643352 817879 560121
198991 136417 585530 557494 333311 283485 379404 873814 229862 363901
721038 865683 824536 523282 771568 791343 758802 681291 653203 781606
121022 81945 723710 488865 700036 107329 186051 440873 601222 240554
817573 596214 752332 46237 119108 431073 543824 131261 237069 61221
431705 848446 746345 474075 14413 227995 632252 592780 1016 656466
767528 921685 969620 208454 249776 404941 695568 240505 574200 883831
687377 131139 78439 926779 728035 804331 842831 329427 902926 223716
328183 242540 500598 783457 583355 869990 670887 980197 76013 430555
942004 391000 78005 312450 182573 854262 347353 183050 372254 907003
653285 782479 652706 332135 409435 528912 696144 932595 93720 918514
318536 469815 423495 889199 961521 529549 259165 583792 746387 466084
83137 50571 167178 738549 747634 626643 955194 57231 924472 192837
545636 658362 538032 968566 92187 790365 765408 518425 475107 589770
136125 474225 185112 523056 880584 35328 47838 918784 860742 349710
103693 720574 320630 880555 784937 85639 673182 716844 137509 828514
681997 141537 467802 452461 666464 622329 177953 520943 348720 736446
127698 843334 446153 157223 405903 43106 698514 334829 576178 966674
458711 380446 935319 673577 929399 193956 391869 843341 174844 688049
995195 254524 288266 280919 669653 353258 972588 114269 514484 377354
764368 456490 502144 691760 610892 723919 132175 251049 498143 45607
836552 24077 622024 687392 873746 636742 794880 857003 239983 892070
719978 273073 52695 256034 890189 278599 281387 979362 576403 629734
726542 756793 239610 171049 437509 512891 335107 746876 808755 813117
143106 939890 234325 903981 356506 832039 234692 692354 390812 718961
752728 86519 802909 715797 224631 36550 406937 354601 101823 44249
882677 40231 2830 40858 718906 408561 883944 750457 277660 644948
326871 924665 988290 216649 469257 452801 515488 754689 556257 385721
646367 281047 830848 617208 819778 43550 919429 716456 851942 601831
409086 337946 440876 393221 69843 672951 255690 565946 465493 158193
840006 545095 754194 763806 24056 177437 345275 58935 991709 275779
232473 940639 495696 257363 556550 382622 325216 884692 25263 947920
418447 455766 699377 40803 61505 218035 587576 786757 109462 960908
373284 679719 437375 998997 285617 372821 324725 194975 692586 913075
805587 482732 129472 700512 742057 509159 851702 294586 719652 683210
96383 435471 364763 107576 773651 988356 338053 436213 431688 654776
81651 867919 50321 311665 167326 918839 116403 816301 685556 733920
969205 804496 887966 671728 848170 286475 754577 831913 18956 840332
109593 687305 868585 491765 896082 914051 112944 982036 360331 645704
795868 584771 947262 905883 443031 227724 722989 578183 923303 725744
814439 398189 791564 324483 706999 197951 637672 472827 447848 9596
829923 241906 932332 696534 219493 302514 910805 215900 612166 675083
45913 601404 757553 451346 942695 225030 282796 295915 710135 405263
51280 682793 960818 772878 155137 549682 820987 347855 355786 664358
149670 800902 138453 352910 416060 908992 880355 494963 439631 456390
870741 491184 183632 734856 873926 264076 427868 12064 353944 8999
183137 908142 560609 818262 306983 991837 76141 797706 434515 83990
617375 390622 865778 663644 246519 272342 606481 492074 382629 573767
160664 295950 552243 762949 521368 940102 480759 994135 522591 3222
932153 910301 804033 300315 419926 759987 202621 827644 945522 535437
785246 334956 597556 92483 266598 43923 988084 557613 275043 657905
372944 231264 217833 953796 158126 705500 144741 733200 672463 892039
676419 814954 329147 421836 370943 190174 683055 479603 690663 859272
967836 404347 310426 902822 751828 290005 819874 771185 680624 832589
954574 765672 912764 45784 610985 605670 713241 540417 701134 727637
54574 297758 318171 304683 567651 563110 178893 696728 28035 921746
85869 240411 315628 638132 499463 117513 176089 107702 523428 231173
869102 662380 229410 116920 813907 226580 784439 365385 209288 724587
63290 789108 643907 436642 895918 562230 708430 110061 812389 305963
797389 768591 599854 941710 368192 897795 160859 338386 237001 408081
418847 836627 880376 853053 404715 123382 59341 728534 495529 494145
659537 680214 872425 547248 548497 405215 556446 240863 729896 680594
560574 379866 352558 43179 269050 965798 158505 635722 653812 463968
545698 54259 572625 913681 998071 321233 772621 330029 321896 850633
483623 325509 964960 63353 994801 358101 115134 197407 482846 197445
238240 240842 242804 498651 177349 690684 982085 636330 494916 334417
157488 819451 573812 475618 368090 524093 991801 546296 18769 62740
96136 530297 452488 771046 190165 401806 760220 223388 51816 153706
491735 604666 327527 282341 558509 123622 170707 496486 618822 803947
400559 293878 298462 566230 136908 575581 959668 313159 326175 876204
327155 90441 250541 729210 464187 201363 655735 240930 257725 404487
784772 330592 256778 688567 238428 701532 568666 349380 791302 370852
17010 475876 473855 498075 18340 336170 841226 753891 768828 504997
279773 778156 342864 187052 104891 939653 372621 559541 173600 707592
812152 483677 126523 491968 983070 552667 337172 539647 916929 596931
88053 746063 996049 138629 41911 140800 257378 187642 980382 303167
101305 879035 158605 403112 357610 794176 765496 100779 650315 744811
507910 635103 734824 18472 306807 165256 991213 897784 136795 357719
679343 851090 775487 742875 743447 995238 22864 433817 353905 449475
362973 868292 56237 18840 857784 763400 913138 137241 778562 273325
216162 350567 904247 841053 89699 161248 340551 936994 314462 744699
785820 170499 935144 615106 922952 238531 262356 79879 533846 155265
323606 948207 965395 920652 531843 460358 737503 806699 995972 751442
228019 530578 170861 828996 795618 784284 641030 363669 998207 934351
388660 476206 119383 938585 349176 712838 925332 169077 937923 910537
916432 374327 841990 636456 627804 20652 481329 602120 494973 201342
837243 753695 173213 807657 402670 641069 303460 516320 924084 693321
830228 324305 894067 334269 169150 60137 552647 165072 907343 669226
411251 16230 757194 689840 461791 337973 801348 98008 42001 486861
333463 905299 638729 206119 504064 252606 925311 476287 231420 175934
23155 607792 853026 850824 898818 929273 338442 584320 932414 755912
762379 821839 101568 824969 223938 493659 624843 174036 392812 698684
277977 125540 963454 113225 829850 914000 463827 52344 946063 424010
74484 541615 710255 283341 623836 66093 9196 748961 272191 913178
961444 508648 531916 167693 864134 958759 131686 609777 551054 795469
548514 808735 222601 537611 460171 785643 495569 762122 678141 558082
599877 981628 288710 711498 68938 314367 313465 801786 887912 646881
424404 696948 388165 736362 323174 881876 71358 366148 27783 509429
856247 8887 721695 288282 646545 130613 303480 984811 375719 689029
379834 310373 221106 582352 919819 664638 60885 666117 595028 997695
611172 531626 404801 304460 577666 120743 829484 285737 557789 812596
904412 613954 484768 858976 738025 168967 353097 304331 629006 654943
481237 808050 623168 354022 823238 799084 164834 168297 406559 977107
477772 871239 726647 13462 931132 546532 429886 319946 464978 318903
96438 921698 213534 892189 9044 508159 663893 475867 769900 878988
963909 27435 424294 895897 938878 987577 4257 364406 659440 933847
770526 719400 209198 306680 76888 429228 863030 908980 726117 345846
384296 307794 727857 194049 965717 490931 496147 311557 940027 93368
46213 10882 693701 65968 271878 779856 198279 783003 478496 246364
174982 194829 671471 330081 231045 95730 224575 546606 575433 228053
161822 65986 363492 375797 230797 745940 660474 725953 116858 663914
589111 135034 344429 271059 156416 530363 322543 981140 310072 984340
871452 888917 520614 514 474169 225805 116316 663391 130377 147012
310560 961918 699204 317734 262030 514593 884056 849750 678357 125219
536229 461714 257046 988170 552653 940299 595938 843119 698525 927999
373456 710092 249734 199723 276285 69470 734666 374197 678073 283801
85307 949810 794457 52261 355850 816811 38757 586239 776160 785711
150131 53927 311486 911092 409908 942365 323576 844325 970022 863371
638295 371327 517176 155464 231413 486951 765730 150257 13961 455372
642065 666806 704375 229761 74907 918052 53919 85503 110138 239939
19706 384877 223037 929785 704335 179596 759484 982845 884286 100760
110406 136351 801095 196272 405320 863674 693443 868748 581660 54688
207972 375697 506337 771365 726517 218285 447824 503364 501484 302872
406735 782208 113069 666663 940613 267041 269155 422651 285030 756207
922058 430725 3192 399823 506159 552726 442277 939503 492238 124199
289263 286568 998835 742275 794134 523097 930776 102176 384029 62148
605268 586560 785779 323373 924827 436633 348948 680510 305090 717099
249731 251544 28333 657145 199352 474954 840065 36545 200646 442899
946504 184590 234922 165492 564097 481236 237851 739317 330915 305125
254015 455084 740709 294749 579077 624238 166516 288288 892955 192774
168661 785677 328851 888438 230523 727136 413361 705256 709496 532552
899900 550840 882193 685205 315727 37996 448900 551801 450544 495307
669612 554543 60132 684310 74690 207091 775077 903989 929413 173296
534001 413681 541196 691115 264541 111480 634607 760582 803482 264148
353017 56541 833207 899680 609317 736616 107237 36343 121905 220407
159201 828342 728901 932995 223339 557526 792647 918689 650882 907144
149067 993776 167625 187497 392063 476926 208301 543454 826684 696813
236442 974583 207408 295477 44542 93074 215340 566373 658809 381546
177610 702121 526312 570853 513987 881520 14281 617418 712179 388559
979104 398428 873680 415733 386533 62974 66672 30479 681902 4551
392964 340749 987185 588433 425646 966723 332329 533538 452085 94787
600643 954819 342645 352471 62000 605839 260280 124155 209749 647373
258915 213170 789945 324670 346582 66932 417787 92556 177809 990191
180982 328497 645629 456658 378469 588875 583219 615302 159761 448573
899875 322392 374296 519186 374962 271383 446692 830161 999145 142618
39177 569669 123153 428600 542162 813582 943173 781567 479462 806717
483667 709179 449287 831930 966528 334523 721371 718848 671906 225126
555649 672541 166570 157112 816078 605364 513327 754733 830966 444139
175521 530079 62339 123831 391556 433266 374309 175087 49050 61625
408803 149356 233216 801826 596939 938951 936069 647141 275412 557700
800075 88707 549813 860801 733860 529727 644267 540547 581243 144737
681702 943850 354681 739657 748698 36017 704503 59920 617982 396222
696290 842081 612689 677596 529570 481695 619479 425616 773552 365004
424289 541778 820336 297145 783773 838070 932972 793871 440516 660352
607358 65849 497474 401989 837921 143818 469099 181382 796667 578972
322949 259324 347922 56432 172838 511268 663721 945595 738569 443820
829342 9640 739374 315770 414540 94637 746034 227007 332678 897770
692804 966673 368160 515985 829205 203292 202542 990457 833359 852105
752260 566383 27653 411236 469383 33614 593853 647423 907216 910923
587962 6538 622578 637870 173172 788586 18491 98150 472564 922276
557423 185045 59592 92194 390577 258866 805369 759673 67438 478903
111607 610342 189126 267975 669730 835052 166254 362544 133695 41522
731332 250705 715660 849470 478997 998596 520869 664228 183676 897520
638987 567481 926584 189441 508811 125313 31363 231494 455656 353030
19062 850044 449075 768388 817336 599933 670575 629402 372657 530779
234806 419227 725132 720999 836144 901473 447617 96984 527523 888508
318157 44347 813766 526915 319730 31277 584840 899357 47485 472117
741085 758818 379151 370491 847821 163261 650960 902892 560932 6441
537330 679453 976143 845411 439643 159720 404200 129071 354130 585665
381478 131597 550184 857505 496943 567120 830931 461302 41800 683160
333673 575599 577628 67002 77968 99245 658057 169907 143698 381093
452106 405931 79898 596406 138031 723164 475040 919898 586269 171825
832362 117630 347227 476629 585236 87859 402812 143004 937254 855705
562926 587099 884827 634743 981423 650164 203812 202779 654037 804049
867672 251127 625180 294835 447574 243985 188032 870219 273204 728781
600198 765605 530506 886147 862298 63683 3367 467894 730741 190472
810978 622462 406291 233364 371279 439116 350522 234017 759581 69053
685208 48081 271282 847855 555313 626450 871303 256222 695304 75339
255235 194493 916211 814328 886814 921633 400863 835230 954443 724855
86456 725269 10031 468728 212489 676706 671290 254441 144655 492274
804925 706151 263153 901698 764262 681449 618148 531346 778697 175760
903467 674552 936912 557557 258054 70607 610897 718449 697741 564384
685033 136727 107662 587143 212106 221893 653494 96924 402856 69533
702188 405266 619816 538935 639084 871917 681947 287836 280109 543872
653297 558966 175422 918505 783805 350921 123677 871550 17727 253139
633786 524787 633411 149282 116892 801572 732818 168903 408753 769940
615519 275180 109100 991601 5639 459533 987653 740641 478684 877049
895566 883500 622627 136446 939879 642203 742037 872334 979090 343528
700212 944536 378110 78961 503184 786325 777118 15903 734284 580685
197961 756282 687235 920230 388476 626340 254661 868795 85582 404940
42496 459786 526597 253302 134512 19547 915049 258375 217654 144264
626086 944446 266363 483556 169913 470002 296423 117201 124620 236876
501341 51817 351777 177747 79621 751934 256268 54510 335093 209872
954132 100597 958016 718854 347842 133807 8988 174432 947706 625036
685158 781295 291551 900804 457898 449971 4803 586804 151070 62385
871149 891013 168462 971122 178348 491521 743854 350022 173232 292049
124578 732483 610244 323008 178944 808601 100498 504693 512351 946067
126012 680814 245571 115035 672257 387668 195968 978871 517027 491329
45625 927522 793617 387230 705612 995241 290010 644557 773521 204913
605913 610635 103342 575314 155956 506363 897097 338241 877122 260903
199653 818824 33636 61870 132436 4322 167376 494972 578821 124468
724558 207720 514022 597134 379566 495889 267938 533453 576702 773515
729905 213904 364735 360484 653458 660201 59021 575684 792302 348542
309395 683725 177496 193665 939724 228659 183345 296811 964519 998206
198326 701869 440225 366764 59229 57684 178279 765387 933777 916689
531718 694455 151502 781389 938241 403304 872190 645528 590368 530013
747971 686016 835893 368805 4202 209868 262844 666087 985751 979458
523937 881635 61235 188739 8282 906505 393891 701260 443761 810006
783330 465805 908486 238981 584788 873328 748268 417397 75900 358788
234595 594199 179452 789921 60202 525681 824541 671536 277606 132820
580695 911217 291139 361243 239091 678268 150063 941202 214254 252011
594370 664483 348264 502687 388123 33613 990650 970407 533599 465137
410441 708832 957932 479400 307546 558772 301810 8802 972793 674871
239276 64598 239299 244641 719541 407372 314229 654363 183787 891296
183972 667851 29281 947322 321912 99552 842076 241188 49406 821508
395417 2248 460445 267758 784259 668191 814370 773809 595517 222283
514020 676929 442946 489669 964973 182294 512124 507305 144449 641340
271415 934423 573791 324306 987890 983451 363988 55243 608814 792118
869284 371405 298923 458593 515570 561594 811604 329181 886117 172395
626821 244769 82666 788517 256811 742460 437126 403644 491113 517895
969616 599369 256100 152754 582998 474338 253575 10972 106604 135870
791756 170971 14885 301054 853401 488877 939958 956875 824039 312621
775985 950126 853535 662213 270085 290420 623507 475630 904317 547918
593656 290433 659723 607161 133572 570846 276628 55630 903837 855479
956154 888477 830470 881181 737092 147649 748562 530440 741082 885556
3531 442200 319588 30403 708607 372518 963594 7899 270397 37111
641348 773361 351425 887263 462916 161373 875139 98589 970540 247035
418849 603857 531754 931652 518767 79005 759414 8254 698298 930837
17869 433661 939066 970126 271829 55568 669903 288006 535965 760042
535629 824239 991253 21702 779201 797357 149876 453824 310762 936190
577663 348380 924055 271953 646133 38886 845696 407341 774056 738928
520617 892349 216336 527578 418647 578495 310862 346654 591480 851298
892032 382906 48764 691745 74763 530281 761891 517556 739946 622278
388335 961107 289079 301622 775008 912691 746378 269664 968060 17077
787132 183490 804127 831983 601972 314737 845514 118357 799838 75108
551090 628140 80044 526604 527408 178187 984957 832492 395785 453274
894187 485953 173199 572071 445651 510268 905567 811451 447118 182766
489514 594713 159892 720224 910914 206032 849564 120946 242914 731668
908095 669925 463041 182517 808028 935743 319431 410671 115153 873278
602546 688768 452662 600533 566292 296905 395474 422642 249836 541842
133381 433137 744926 185746 782664 424695 78898 185056 725832 576298
988125 650828 53639 69850 181601 449277 773205 648498 945707 492835
546349 44210 183893 894043 884987 31460 142444 764529 484428 695938
703107 889929 832783 251715 332656 660867 911038 483162 307051 883191
547332 429025 600768 540431 905819 839932 895248 968642 608657 83522
216834 783925 771674 400931 123488 320479 145389 536090 365213 569792
715258 22993 317702 684669 773405 977752 953297 410668 895938 372257
109979 94373 974769 21452 180039 98207 213005 413148 82316 240280
123886 498182 76517 511669 641731 345193 743892 393411 64181 25416
580974 907691 37528 118289 645691 339450 815417 109161 900708 385559
216868 477059 284722 346750 741705 273577 46374 754021 544671 382446
393092 178785 145386 550072 277219 648715 222372 233169 635419 110681
460759 844286 748676 591891 131938 979722 216388 303638 430927 816885
661531 279635 466044 149779 864572 351308 552378 241675 708610 640997
556580 640339 707709 296124 821006 263317 12445 710022 321689 254118
500770 282347 108618 493067 976600 169237 256977 218201 292859 459578
773252 566480 237901 992383 412454 362985 856066 867143 43756 91398
300395 559993 234251 225545 479232 852227 913472 994478 860356 59112
904432 998556 564342 837288 656604 809220 158801 751432 494387 226160
534453 775768 923120 487291 402304 287241 755683 280453 225817 815450
38034 642998 519893 310513 634078 224347 61357 715814 631415 485714
873199 847510 848315 222578 663981 106627 817344 981539 761708 536481
727620 481235 870707 183222 585683 344463 930387 970154 823356 844151
17632 611758 143342 910947 289830 474666 387389 923129 908788 72654
876736 529113 467908 444885 296214 885892 61807 221997 576464 234315
670631 473251 810581 661444 512938 343666 370031 396401 43864 703040
291074 34942 101339 71829 905691 174584 565192 788042 646370 584270
872244 417272 522333 862901 600428 72488 387857 241932 594136 555305
31835 37773 296787 641556 99240 251214 678421 809091 710679 356178
301531 946787 247381 856158 702273 954119 138066 950401 478537 239912
342425 616954 988313 802399 89678 746277 583461 7054 124546 731713
957512 774540 546899 193352 871085 896229 304336 921641 400586 217439
236363 826537 990156 263408 810550 446516 264868 612997 827299 377539
888238 249364 6546 607534 626883 24904 241076 142279 11675 197179
671695 136711 683824 429910 491210 7912 932820 6384 241309 347993
289190 118809 710856 389849 387539 472823 756119 988389 264004 8538
227276 141240 454374 700453 927693 667621 787058 573517 321320 217723
441691 976890 742290 319051 984979 769275 322198 129599 676671 636979
242016 890415 33006 461391 184016 621744 812071 439140 142745 160931
474875 723287 146210 134604 357825 466154 420014 263920 970462 172035
61174 254715 285044 528826 615126 218026 891169 154074 158805 124857
810377 56512 117353 5787 299470 986513 345122 70665 418381 607636
17329 576667 838480 161610 75105 830137 626104 175058 508720 620385
562654 748913 951684 142258 493775 273890 800380 829085 71467 924708
83706 842552 277281 505534 378160 317201 989702 912180 925137 852952
314009 730827 857133 676720 248131 393271 146151 341884 547539 793243
218002 903679 788973 703768 903703 12718 340670 301 341988 714713
999547 863234 61738 834981 147894 978796 756155 443288 409787 264632
377533 910546 36067 363103 870977 742861 665369 84692 492041 821715
684061 653552 495622 16332 573589 824340 332530 584203 469253 647654
818819 365141 332587 72523 887037 645486 840856 107435 27274 932801
797499 170155 559622 938920 200125 603261 767865 621904 814173 963524
80086 722933 20031 355629 298542 185388 795925 600514 863599 566919
401033 786448 703985 6392 617607 121061 578621 956591 35825 469353
523277 582656 392984 419584 295973 85278 544734 168655 345995 180547
843859 381891 513846 246639 144365 874021 995783 577497 416018 399723
537670 723372 655312 185471 345958 72744 348600 392309 679464 473525
263620 475457 796850 786400 409518 953988 843090 703345 833001 957764
840649 876373 324205 106238 693340 841458 675823 870394 19530 92323
428942 177333 25949 105073 533005 653630 60048 767444 193049 658794
650485 590382 11948 60248 388038 536963 537528 111914 163959 416075
217870 792953 934703 656198 143681 358690 514254 969260 627593 722471
833685 162767 736179 74913 825362 543982 453144 737666 155874 924640
402169 190759 842379 497945 38504 47955 859924 812813 144924 524961
436992 340460 624175 990114 628910 395840 724230 148663 186750 107654
313995 535004 394716 94227 647000 831704 571713 443949 556247 523032
748647 395928 394395 372920 473109 838002 500642 624748 660837 209246
702090 506930 205269 115118 240892 99779 725118 919663 2365 271351
418398 905227 220240 269001 917369 433527 698146 187605 802609 272710
830164 990619 389097 956223 151239 664277 582340 842143 770232 119772
332734 741046 177709 603065 494036 127897 287809 896296 969362 573977
408628 349768 631734 137136 36504 175309 272513 64688 333552 80277
456083 945149 140218 567037 665579 933854 687344 448171 981590 147783
559322 325737 608223 478924 845854 277304 565883 80767 709481 476309
779110 426827 961834 433368 853045 658741 832920 600785 486380 220395
348174 658509 665396 678481 533369 73020 296166 633792 30471 955650
332327 978530 658750 205338 838752 530374 47688 192982 86365 735465
557871 392816 928514 922034 362086 488025 27793 937995 112982 686214
548490 953519 644140 297479 602046 131184 490120 609001 521803 403055
67717 994358 491082 220730 760744 490307 606041 567814 539418 672542
438720 808372 990071 641740 479095 738973 550742 418154 769580 227108
17459 586272 237393 127145 2026 267702 851583 66708 255492 630551
355430 297543 393068 856113 537917 17866 594517 138246 733213 191512
519679 703314 684689 658277 965461 899544 522893 771132 4766 687498
153130 283467 514065 349621 827663 313783 556617 534020 364468 461122
709661 229413 230144 985586 567836 655690 503143 347866 940619 702247
137365 576771 719649 159268 69272 910555 634052 10707 480469 120872
547463 987034 387762 294526 292592 35362 718602 971805 952680 754316
386610 148855 744625 335470 560995 976040 376909 713586 793480 867938
700598 602210 234356 779259 781917 675939 125244 17128 751102 811670
204938 542986 744550 778854 207336 867671 735240 316687 918865 339246
224741 116237 858489 973279 881529 692992 422086 508753 827910 647031
808096 861635 407818 471935 133701 815502 87223 962522 27859 697370
168329 839906 3139 408159 867418 398804 503791 82093 986244 147933
117629 34489 270455 418156 157559 211205 605195 798590 745271 285902
835050 286316 321514 581170 519020 549063 765783 13023 404967 875126
406405 672941 361974 796890 774733 914999 577933 512925 144906 560383
38196 655367 44392 863567 43609 730495 12706 755724 299348 639839
618224 738270 360917 587981 125462 402219 899326 227044 126701 909739
139085 662104 716907 342377 605376 471906 886451 985349 855158 909744
285225 273642 313650 245519 160761 75093 526610 750473 888928 220094
235634 372923 728687 484566 773226 579911 143829 451784 183584 152229
738644 899344 90574 444714 3443 953008 342729 814855 407118 216130
856454 807302 514705 98625 780994 157216 658069 512029 262864 265159
757487 931693 214629 120834 241383 859010 520432 296427 478365 723276
180909 580597 432042 995696 863247 106727 915464 576718 422972 936219
259378 160132 518251 918888 977709 342352 623696 833991 968418 488066
760983 181721 433649 381481 241360 328719 673977 487064 279613 606498
47103 922898 651386 380220 256643 399918 765504 313129 267212 366395
274341 292645 469639 759431 229498 183683 159211 371775 20466 517160
842685 271877 878553 458603 30117 895971 677754 958394 54777 705009
362683 81120 198389 434915 873790 944870 233059 541167 152743 883190
813128 159872 828700 576366 215161 268391 981376 63977 161066 650961
660075 729537 865783 141366 679034 354471 62300 559732 519413 955140
439137 481166 573058 628510 218444 252195 985392 596827 159033 329639
192237 136291 625912 138236 381243 252942 637786 250775 173504 283785
100496 59054 549219 925116 606099 60617 336901 442514 217897 720858
761025 292277 951848 472394 209117 187426 853394 490302 476019 80737
839867 401171 925922 831410 973175 442570 835933 978941 684453 557456
672197 62995 709149 700529 692009 41340 923454 286027 408751 565794
495033 690960 724601 888504 506687 489449 426769 914823 957523 941433
243927 487768 158243 195343 202436 65424 209341 533780 74568 203478
705264 357369 502527 663346 596338 937236 267355 718335 808018 541873
164986 631616 140764 30558 441470 637169 946283 737896 917380 885692
182600 402307 668405 726559 304298 988209 148826 193674 774629 13249
805505 130286 27790 874809 114964 439944 155626 168552 447682 857783
116389 340030 850672 429960 732835 907726 194533 778213 411259 372360
992852 809179 695201 745609 868148 168068 662353 128540 872594 558917
664035 752638 420964 563482 193989 489539 986799 539428 232022 925226
601429 332321 674725 104860 949218 597784 74249 412217 188018 513986
450474 873681 939222 360250 840714 347427 779545 119701 790361 295007
123014 192144 661728 408284 685319 647438 596757 480290 398474 932688
402227 310487 253218 201333 645306 440604 108992 256135 174501 254907
729982 268653 423406 438694 984265 235918 566965 594754 991141 873590
972117 754339 722453 432956 25767 590254 265945 956724 243902 596235
796530 116399 437758 593030 815565 857701 997070 179037 323847 864239
433132 671277 739836 168738 393194 173214 986048 214726 888126 797329
290405 107362 481602 547095 220749 763802 837619 891781 885075 316839
357526 284771 124515 711771 444513 176235 518069 4489 39853 718661
39442 555627 82781 582053 250475 199631 448484 776344 588339 318388
475 84021 154029 818254 149281 992926 421115 980290 440457 333359
622047 208766 589414 938498 354724 986947 278035 361232 313724 745395
966196 911832 748229 249597 4857 148250 831591 561308 78754 523946
795443 863339 931334 891578 450396 540087 248835 786461 401511 227800
314816 64078 155801 48110 590194 562890 62717 859494 385515 26762
755870 102932 160785 387658 701715 353888 99754 557070 54744 592915
882676 338848 336105 913227 459311 168994 281429 315760 667703 950058
576304 375781 18285 896192 198455 645882 991241 19133 834523 787560
426289 94902 678519 38247 939380 771414 886209 587901 9655 275632
4366 19114 960955 888747 365324 707325 896736 701354 102157 662909
365515 582372 146266 763808 889425 677068 17242 490639 364761 995903
218602 526340 159213 233467 604463 316889 866833 306521 429579 987484
516923 443197 601341 913305 213056 243922 900788 749716 113740 679920
202185 652203 432976 295505 756050 238513 874463 331251 89664 385128
133153 900583 364192 821731 711176 608354 315914 85161 972431 949403
271590 189506 813297 619720 935584 331821 823900 176825 235427 870337
412073 682817 636239 973680 997488 943883 81175 154867 571877 76585
806047 611938 913766 850721 825332 635259 444852 440388 705632 922520
854658 87331 208553 98615 287793 269017 238606 945594 860866 954566
27407 795743 24595 529651 844274 664874 808112 947409 769095 895525
555835 481155 473316 836940 567966 738491 8607 80648 86812 582052
195651 773228 609923 279207 512324 221724 972129 835133 792661 42568
621770 621222 461740 788260 742899 639548 755346 378207 92474 446188
680374 444384 755543 620434 738321 921876 849660 506223 694797 102603
273125 19403 723587 118402 772884 376461 802124 856979 546501 379073
682233 132096 528355 565637 590963 51305 65675 362422 500473 961812
492806 827578 271994 543112 781995 950581 68573 60464 18324 311820
159542 819488 877457 920862 931780 481635 906689 474789 162695 521537
155735 745988 547642 751660 314416 440258 930235 644398 800157 102084
560111 805133 292854 701349 276266 974808 11783 771446 396654 804859
372208 687981 144035 161959 191906 676146 734857 814467 599232 907133
480774 156537 317926 54368 168854 783567 727090 825274 53456 937162
366684 188405 647894 672165 967999 255781 876917 272262 26984 837574
486924 842778 478325 453354 944220 216768 28014 196599 652711 159707
589101 201759 822789 964556 932356 184966 179922 351513 137809 833800
584186 688791 148252 113768 216375 90349 647300 681225 371063 905200
916235 820662 526461 42621 94318 521540 405401 547521 531703 998049
946387 409466 575962 708146 486763 430534 608560 363375 159984 902127
900548 143644 200395 826546 591036 981577 164825 542915 706892 810259
198559 443989 912644 838937 738822 442894 358823 341331 14704 652607
94585 167344 457699 8721 938781 146401 431719 898268 595056 616333
621860 256351 147420 802120 700428 442410 596402 569712 674975 285612
538139 210702 348831 591481 411542 628098 86363 970057 343269 757417
240568 72080 7539 684590 76891 572779 485255 487809 16237 617700
859437 462173 625937 583749 710804 622780 649522 553651 43721 215799
699461 904802 501161 880984 698670 396934 863197 501726 567133 491341
722825 615026 787313 129818 355101 846270 566418 945937 578956 134400
439971 140725 689574 565108 140121 330632 632632 714945 58108 12735
425609 108624 960857 253889 162130 301274 945991 600150 656593 323566
372560 79553 684722 420064 716414 77638 819436 793503 86371 748717
945155 543437 971624 228952 872652 544318 379309 156392 865233 816902
581199 353621 73893 237323 467029 255815 259637 324419 52382 931880
477191 919249 308849 895834 736420 74043 595996 996934 90895 846335
71258 438533 522361 288098 799543 523961 245266 147101 741744 874117
254572 47843 614208 867039 178829 770785 610457 723184 977177 438704
850736 597127 446589 789816 459873 4211 413188 320581 336450 810132
478541 761555 262994 519551 723091 361813 889950 41195 154889 216876
350056 475224 394343 51190 613325 478140 431411 637518 348882 90164
655997 183548 48375 211890 366741 343872 133983 599596 735856 119216
690107 556771 662540 816048 942018 504717 384554 861263 130691 605052
41948 528874 939553 49034 581282 679647 12647 853853 364957 616851
177445 221298 309757 139886 568109 650448 303495 720065 85769 747515
647182 529784 440772 574186 955312 95642 33411 600445 526109 561338
393744 763062 790616 730663 314796 763932 557323 741471 769116 46175
207039 21120 760875 153051 706308 466601 259097 892281 777208 710974
988865 976620 602087 608238 460005 210044 873727 228989 621427 364284
885277 827354 299061 693591 706196 549054 698327 152580 540169 945644
327976 897377 69524 113821 591424 939577 79908 903757 176415 801977
188949 871032 211414 634839 738365 812889 361092 496415 287013 212854
963699 188400 215513 199054 324772 531608 860918 142426 149973 771387
845147 482328 12721 834834 310753 776628 481686 411098 747021 937813
680721 918579 846613 55870 387841 145331 841203 666283 55763 937147
452042 860384 377404 308789 631671 963618 125034 71521 594430 743782
343190 519322 930069 86942 7735 399325 118062 598651 456333 443583
632474 255697 396294 127322 468747 860063 733877 283732 94616 798103
267215 933440 791651 288079 661858 320411 900938 148310 844942 167293
976819 882999 25396 934519 617819 213305 784869 41408 481867 852407
563001 284428 686820 279554 705434 191998 53657 46070 292547 802658
229573 329258 166588 382219 542678 645957 135102 227587 222864 903351
593168 588345 46518 940635 958811 170676 859528 689977 505421 555759
283609 777162 320346 734998 316238 455427 700682 312492 352930 128774
322202 912315 740864 513044 389142 450909 585373 634852 474888 676375
598908 959799 839232 809196 715700 588299 90904 828162 26140 180533
63786 983394 891311 577040 992461 54389 928889 691508 488559 731898
916384 62173 560182 50959 855215 396161 465258 184002 40660 892478
118087 40754 590715 455628 120473 245720 991389 251555 502894 241377
134588 866356 705683 779729 709998 103673 643796 762058 729196 380236
772326 786359 181594 843395 422696 579081 914036 945276 448136 498236
698118 164802 819005 825437 720906 203587 273778 20877 495174 191246
217730 984998 462913 41421 755739 651468 250521 744283 263509 626082
715351 656501 375646 957010 849679 45232 500231 87210 660394 225556
240904 892947 189592 931887 655860 900313 945684 323859 992154 730796
116238 412237 410890 315062 764268 896477 596328 288934 414447 599964
310295 933958 679189 25336 163312 995089 583914 17369 380941 663647
644519 125358 285250 968429 231714 232099 226734 280037 433447 636440
579784 122053 50855 216100 591259 590911 981488 758773 824078 507322
12222 317770 928817 888595 756257 787444 855343 857339 306269 195704
435150 475982 401265 643254 843244 372008 380996 75003 246778 11725
995001 104341 471608 695047 950442 318678 528578 377542 929744 363593
884492 700951 430305 921148 399157 823823 948574 116242 356532 230822
433892 163939 868408 690406 219497 51056 953603 846516 852667 573701
142062 877547 720371 403355 503193 969495 578645 652557 379461 953550
793091 829346 149293 932169 387939 617521 976804 220842 520942 115952
145974 393775 449828 266845 900862 435207 385252 56950 680285 821985
859584 139442 194664 973794 223342 483166 501313 777770 402972 910462
573033 387767 665394 209259 324482 826576 944526 878871 211158 232149
772286 29056 500703 872503 161271 613601 610217 505267 784135 622408
460976 440148 348616 12501 531960 885762 740035 543609 949202 59885
772459 492394 651382 411918 257312 639208 7193 196656 463029 820022
837642 27244 261833 300517 102314 95393 729450 410850 188422 489611
949112 703331 918846 684526 19541 219216 274050 487837 951651 670823
558425 951420 681739 941435 259278 921277 396621 992058 972893 47787
873341 348982 309564 745493 747795 159931 247545 475959 85653 991311
69678 354478 618345 618722 563827 194373 769970 180276 328154 318080
776397 527440 116947 607620 49301 312739 576147 13950 97072 522841
885731 385633 620778 940084 400159 14763 663659 75245 22559 93219
869030 202798 327108 812290 317226 925927 291738 594944 252740 323159
978449 961535 480074 66399 16840 305435 978210 381957 176373 117466
405484 195757 559953 958272 647775 902157 107954 709834 392049 487561
248306 464405 971381 246753 367487 408720 559290 728113 566558 487701
60389 161191 50048 215021 330901 221841 140225 79330 743581 463795
276345 285485 556815 227428 790596 881472 940254 804301 997294 880290
645767 206373 197855 917784 925068 845643 801528 133773 357940 775330
649405 475459 486795 446016 915213 500400 228700 122471 879518 314652
93705 468758 82352 873886 371925 600718 414410 875502 427232 433899
824654 728934 714281 353202 366665 335182 343404 783498 180179 657558
947216 804972 317535 214287 643335 844040 589989 947167 815916 794066
273723 283742 17851 101315 637925 916042 419945 849419 551366 488560
602802 240643 44737 899620 921173 196101 305049 894932 345800 565722
515844 662239 145293 350796 176611 435486 901696 550519 674182 828847
238964 395441 526164 614825 15308 629870 333285 976369 927427 118690
928097 191573 477245 119720 121196 19090 944687 638577 314187 238464
43722 90517 814795 595357 178026 442398 45999 866008 753275 203300
260080 829794 598164 739362 446654 931590 443142 518350 998067 682046
627723 408722 900067 809437 327214 669294 321433 115722 46010 729534
630449 820200 644530 103364 942604 723588 469349 830434 727220 91473
8479 308151 955495 616544 783610 556329 907572 238675 192250 294275
739527 122974 848001 336592 876325 45483 445695 183203 521072 213340
903274 349157 25528 972777 793984 106136 165706 254916 187821 470498
191048 208841 292921 701474 327797 479220 732122 100346 744107 916202
841033 6923 903687 871175 573372 560292 232327 863777 463394 445083
206357 185465 964690 881201 255041 988536 435428 333042 452574 623996
526214 53244 629465 707196 761842 610201 713876 444378 583109 342489
350237 272720 20513 225175 136168 629032 968866 703581 378926 414322
104597 434553 394970 916601 141270 291712 633201 473864 951007 349889
173394 296984 374157 120733 691338 61400 213365 42113 911037 735647
300848 506235 264043 853920 211860 964116 764810 928906 613973 857665
761354 962799 972891 719916 304724 591294 298281 359277 302561 445667
990573 392487 232739 818720 184558 331184 923358 609729 770269 215176
738358 103869 982038 836477 375113 437217 375837 619812 69786 528636
432312 702281 230502 715305 533665 457383 367561 871481 702554 481657
418739 648590 760213 403127 282575 865677 29108 16863 729260 565466
73006 103232 922787 137811 346323 777712 924267 153649 472905 6592
501159 112268 424548 720418 426283 896076 844447 535057 913407 276117
262562 376233 526714 660785 455411 242150 485235 93310 266431 266799
425094 317393 585978 183134 569503 483294 116109 25270 938274 239141
928582 977955 768474 284564 584687 565448 909281 273118 339851 118821
855272 115735 616536 928807 520496 3658 515883 232075 671628 593235
78182 682548 201421 404028 103901 985932 622378 809412 753170 638761
863615 554506 647207 712434 560140 641287 17820 139008 655383 656968
55211 593241 644032 356392 179238 293635 285981 837882 387179 708870
418904 89297 991221 942137 353275 417587 248848 445828 822782 105061
937833 912844 434995 897010 83475 201266 760795 555761 441370 541979
692377 937609 994124 665415 820 611903 220462 350032 256188 468916
434045 182584 941585 75837 576493 901190 52976 670019 63216 805389
181590 201295 25756 406766 193724 272028 128731 25897 730136 906315
167842 886002 691173 87354 502070 237682 791980 894912 934550 37177
832643 802203 802914 528554 901530 725903 452761 438053 652465 181496
871494 969467 32988 64196 12603 663775 764838 420452 519870 762402
878035 653797 553257 594797 796198 839750 753727 100803 802010 712139
125956 946661 748189 433430 785309 293575 573043 802760 627696 77654
959670 245342 73490 727005 527586 135013 238777 507721 456087 1260
555906 923570 806137 969116 504850 876681 788568 499270 188277 497842
637622 583727 274593 230815 291839 525273 502631 790682 316408 604600
223702 314358 564054 859919 985565 324496 364614 915042 113610 40428
517276 668781 451627 206033 151372 610371 79111 888642 390395 485378
368964 48493 859771 329972 950228 75520 268618 312315 871317 492620
475704 84695 166684 348404 858155 526497 26841 520805 512736 27273
70834 619451 598496 502708 617006 350761 333211 171288 72557 976331
113042 900233 353909 825679 16649 51666 288645 512700 187876 468988
513454 242356 957676 375469 380640 654961 800699 291943 97413 424495
608528 894393 698172 106558 542537 730907 552616 259371 157816 446476
439405 239596 683256 458540 876743 107214 707746 555899 507226 8117
404582 131428 221857 323355 267567 702751 673306 74073 151471 973537
223868 598535 124943 711936 323141 267012 400715 250761 197783 750578
537407 526933 627986 569255 455464 272854 248250 577556 602538 4975
675785 541602 798186 567574 585581 515524 217649 919990 694076 874066
77731 397790 709381 233621 709165 582972 897685 808206 719053 471783
338657 794320 795916 368344 326741 747656 945819 86522 196393 720271
756885 488605 278906 153371 952403 309788 330475 107838 427756 442049
410918 684001 376432 537831 667008 118089 261321 632832 426878 844624
194790 737393 124394 109590 735403 453357 56401 28886 845494 70911
845635 893283 340855 237653 674332 318030 51466 485120 272509 178827
110219 531887 557676 171139 196234 217683 873282 750009 274197 929991
155388 467147 780668 339547 980826 545233 986150 456854 539758 218768
999475 983823 443511 772321 322586 243201 969579 63249 380402 932262
809157 311069 644764 646396 726365 273399 97578 782287 191358 685760
256952 254380 59645 108093 529646 362815 957350 85156 689109 953623
797908 983327 389068 374433 126293 180001 3827 944532 503107 163599
952570 981717 516962 827360 828148 596105 525407 103375 794087 187453
94316 960438 38507 157200 46114 120711 300958 170600 5226 823881
340218 844792 394659 967220 837177 883211 848377 285746 909836 997583
769638 374563 411035 894843 909216 722601 844476 755609 872630 33246
440703 277367 683011 641125 913678 350069 797405 159506 927139 92961
648713 267086 584401 520252 41194 282171 528854 587675 506877 456421
73380 584038 797568 210956 398067 806974 955692 766692 346208 701385
345412 906616 966169 73365 631618 593249 754489 228376 113100 884784
221309 820385 688853 444452 425370 266209 139766 458993 298333 56964
78141 542069 867229 487613 537110 390524 190796 161405 848642 629525
166811 275138 627891 618543 49825 578904 799909 488064 883782 595098
298536 783373 617101 223507 58412 276448 810231 616664 964961 925917
752598 386097 127510 118962 239332 579681 699279 277881 721381 421494
890821 225325 158620 442960 383178 269243 175276 605883 125071 45897
658652 516434 413097 679042 692786 670381 855511 39991 761910 753961
574064 881151 475578 896134 90300 197127 659389 126827 852023 848628
467192 981792 64752 956998 608805 974102 589804 131908 153099 965787
276495 671790 618998 828778 823764 643934 389993 811736 989558 925616
896049 846639 218725 648951 916803 613189 526663 537414 671415 106650
377999 587857 18403 824695 802519 989434 947573 145146 416986 751406
616309 802245 191098 987210 393085 298128 386307 737206 690256 692904
914516 617764 841408 281889 834159 322041 5195 724389 597868 51430
702299 354072 510950 177571 192613 870988 640139 312716 313315 586626
722242 924216 226551 559952 583050 896246 551877 734634 323851 722865
411580 450178 258000 387342 368007 318263 59249 121871 519299 478258
332080 182493 406095 893212 174469 568184 680935 647249 266723 266249
230696 939306 887009 244159 451845 292884 191540 795728 862682 869376
450402 555657 229293 155117 360178 644472 90071 136901 477160 826718
213655 441609 348782 188337 333295 262235 267997 511411 771327 399455
786309 474580 673487 30015 766539 528638 978551 509546 847418 651122
61805 155453 583808 580265 333541 20849 676076 870649 563222 276312
215413 333934 873189 470167 951689 995395 595830 634766 663840 501603
821657 125136 136639 797203 307416 44779 173569 584802 551629 629498
371416 13181 167639 583798 525137 536775 146453 25251 363148 659728
80900 91534 299011 726346 183641 375897 263125 949321 833695 339593
429316 302631 986393 240047 254351 728257 238169 242415 591150 285398
945292 470248 15929 409552 627351 915721 631164 77358 458737 961059
50451 709572 109873 58711 375166 360190 63450 914319 358643 329458
866263 867933 5022 167194 780247 792958 386646 165266 887719 759925
979994 841737 554846 490705 431389 451859 25461 488479 876893 866429
884496 828937 162169 239816 267900 986073 66194 911055 48001 211296
85885 491640 399020 447619 437457 22654 959199 966886 578374 554504
585697 886376 280205 442399 558403 886867 141303 933787 759187 715805
184757 162884 349047 725984 952211 145313 864943 754438 843107 285316
194549 227894 173190 122020 280921 281246 596287 66749 348742 277259
660465 196065 641068 417229 949706 686468 111820 341589 492081 971303
91275 490268 469906 43594 388187 41823 100094 490312 275187 578659
956683 592477 903387 826271 19548 412048 509721 526457 893910 408093
982227 618819 707536 176274 585795 125457 194635 489496 550682 702201
414174 307781 661300 845109 562867 940303 228493 302026 135886 465122
419479 964931 792424 439049 162461 320808 61139 292076 492237 13037
772062 911565 893725 751857 587400 938394 532483 990735 217779 555239
622539 641417 5337 280054 182881 592345 674625 535191 536769 795572
232606 210059 931577 481505 239989 204886 133973 691235 224479 769241
819595 960953 801181 492090 820656 324339 941041 375711 569821 555147
42419 4630 975546 197158 212814 364473 701738 82469 25938 393367
339555 502231 440528 521409 204638 53050 764647 983879 487957 934768
465817 178050 115261 929247 72685 492217 870943 949163 598907 926789
851788 832949 62094 814316 961605 822519 299528 718624 710275 625518
304280 657135 436071 99302 108921 592432 10153 45252 170143 882574
83441 810627 471501 461829 826654 405971 686152 644712 566003 424641
593918 722071 497867 551814 978164 630809 548133 282100 428477 290149
37584 367312 772463 591458 104986 145657 418215 775633 369379 602421
833894 246757 618556 872174 827886 825740 309003 47533 560837 241654
678796 123777 907670 52967 909428 629896 338658 527176 186650 318332
197939 340240 799200 804011 262197 367901 719237 875371 735666 727383
419120 942167 725408 593980 718402 445352 800433 310490 334238 53572
766354 292134 630815 975966 834103 594466 136879 805210 55196 675751
798428 703644 608050 974288 514457 350360 460352 923420 301457 205884
839088 27999 123748 150872 952392 287883 462714 29491 852672 559777
527072 96261 518385 722444 215465 971893 194431 31620 405944 607220
135949 19501 165946 375791 13620 9360 804637 508616 457 365531
654953 34619 184311 71959 283374 530172 197924 286126 783385 816307
808025 237079 805148 953423 652023 881514 272618 892537 333702 731010
254217 562470 120938 855038 856003 219693 555099 462688 825668 893093
876964 187066 25779 841829 841421 963707 868059 624099 444964 603233
657028 57418 190467 919780 486623 684673 236284 167646 572543 972664
750789 198207 58076 15067 735891 23451 511548 973637 245891 922602
11313 343128 969921 485672 280062 69750 237813 309795 152872 422166
233698 553017 573723 396889 647926 105575 486425 989317 937423 439027
896544 904121 943380 314912 699539 963232 211853 597749 7591 365840
732123 209074 648039 480272 713946 296164 741008 952404 786779 585999
511676 510363 141517 934574 161835 607898 456659 915455 724366 294407
898602 703323 372188 919140 789454 233672 616488 470524 125017 561090
870276 503285 182271 349778 156106 394876 287335 571195 787817 97709
788411 695507 335026 474842 296029 809826 982620 74590 826931 25972
989468 473927 939978 54326 21579 663157 763501 203401 157465 583780
330328 260928 514689 487619 879258 957226 440113 496691 766920 579156
619615 692168 494164 145209 113115 318440 335185 788463 679097 531254
274688 10863 680636 287804 175048 649096 634280 69551 108068 229112
532649 554220 832863 927717 707911 912618 849549 965596 487474 725568
210244 50242 738176 114683 21212 552097 129956 313662 650075 218912
257344 67945 335412 989621 856424 350662 305192 705459 187657 153342
556479 255416 694057 553906 897413 334500 280712 285165 973411 471030
832025 105250 491530 653787 42811 762900 521244 680365 498999 754581
885204 81378 507827 297172 674053 52990 340990 309624 16416 180981
392627 199810 748493 215380 865544 312542 832434 559022 88036 909863
983302 938577 275584 813273 947146 149468 755974 78720 192619 146780
955145 638001 230635 11484 50670 531801 221729 410053 592085 800061
89123 109417 280427 357482 329253 686165 513178 851699 829021 997718
533919 361661 396504 939545 823765 260198 894967 242966 548970 207653
704635 735042 487850 347874 639297 122257 957862 388427 449154 911718
619832 829206 514505 693790 842322 895316 721202 78789 845183 540955
819915 918545 329451 68259 320579 448087 102778 657022 997551 743290
721802 204528 375725 152027 739958 659001 145341 164196 398374 106114
863949 747823 692734 476564 85666 332719 308389 420098 918611 668233
266359 739028 818217 923958 530279 307054 46242 385673 820227 35418
647823 578437 924625 946726 389425 251891 796838 675523 127721 489437
653339 901572 893345 663963 368545 152820 658475 94959 122953 807410
626523 607726 823819 514182 427719 83164 231833 439609 973300 868611
814115 338557 522866 718749 356844 968508 394592 489484 258427 152302
545051 988812 826323 756462 761900 889718 116270 976638 752248 404752
243533 877879 932808 219438 284797 14615 453045 425853 590719 47525
578055 743027 722210 421231 920086 358184 680845 668941 405104 370317
336204 210638 23694 306592 379446 593935 164983 866906 211810 517526
476900 773403 892293 284070 362576 710365 118822 131848 669743 640869
843050 734140 21884 367883 442224 232661 597995 960245 600903 850658
320244 518836 397824 452054 976517 821396 626536 341617 925878 173326
395842 866577 451461 283282 860021 593404 503587 911155 604960 715578
725499 805951 685988 203895 718601 216569 94013 519937 443855 316565
285914 107840 795429 505666 845249 527115 250123 129643 234269 958718
132524 825534 741253 98305 992782 597625 920792 29839 850874 67345
699236 401255 908323 166887 49778 99877 701853 790982 261249 944601
664888 178584 330235 748360 762773 149394 310379 776850 564051 918751
696213 829433 723662 866304 748791 976765 170620 777823 969671 984647
533906 502189 983559 520407 897522 322134 704219 466261 10991 465247
932088 797958 134287 336336 604879 908794 127255 366843 421912 8004
131566 869195 763353 651781 474251 36284 437106 519528 233355 218187
405623 628530 175527 557306 432688 923099 295356 266774 249210 649281
576689 310725 112053 423633 151219 717857 282651 320308 419198 158204
125796 951247 639578 379300 843667 69814 996340 774335 566436 875172
341534 304015 757617 765153 303136 630411 449455 190178 649462 466505
195819 989643 529531 567607 174925 17321 609652 550152 633758 218127
222338 235203 484177 126492 434441 59252 661840 559107 10616 419083
653366 885872 130603 741761 722163 677663 402112 230019 251362 683192
766876 135607 242588 287195 67368 471927 135018 72694 380128 23742
102425 602403 125414 555725 391065 393865 880338 634547 845753 678673
744236 251792 4906 861013 368670 442621 220481 69145 531239 345378
693847 816378 414307 129409 75798 177074 685995 546992 709318 420000
596913 377004 311023 457180 957951 829937 265477 408845 84040 972019
354588 965896 412119 585475 241705 821897 901227 93701 248719 433924
918917 742660 647732 939923 454283 38074 758345 915493 482357 906051
645973 233799 255994 433586 231863 355358 647496 704770 25496 882392
496145 19714 59818 662661 238709 85180 35959 341918 277053 552556
885906 864432 172304 669858 897777 843519 400526 573039 108832 195236
339581 191373 457697 213252 711790 429531 745679 498163 788724 910254
552637 770707 11473 430362 613891 936287 606609 128550 167716 971459
139480 759292 579514 817829 957109 977584 59749 42116 244454 872598
90713 175659 831092 478788 682956 63720 897878 583092 699745 730217
523089 642244 993900 660916 50244 221128 205411 858108 363695 313820
188649 639987 520605 728326 452156 112187 417477 340150 746218 938857
14372 551666 739870 851263 678815 119744 605118 772574 85449 171593
120585 778215 913147 510584 741399 328754 877773 755855 384335 268981
779550 439859 577522 728004 747576 741259 473548 3953 418877 785961
782700 80470 809795 353309 912593 787116 326404 903667 678715 825589
519427 952431 656153 529537 562294 969764 304146 506302 59304 7061
76624 808829 876080 387701 356383 889849 572818 242799 775501 645247
150087 66695 88606 104939 449040 843201 92991 36412 665086 767193
325867 783419 452585 194932 153350 844109 597384 350979 646725 269576
671831 370285 85203 195926 296731 299821 861435 63438 528018 301783
725728 398010 626151 395618 412626 834083 274275 314874 519347 442743
300050 802557 311592 643228 684881 697593 869275 663443 157615 18424
539760 281864 500726 49164 856464 740704 259057 6103 638422 477594
447635 363945 148409 900654 634922 517995 840344 783341 645879 669753
456597 721344 235699 101756 428726 328570 839040 375334 836601 675830
555723 713668 734539 982673 221604 324350 617576 375155 227024 757659
32968 459161 628207 341425 787562 382044 729624 706895 38480 496420
101788 593265 1566 416814 349786 64887 206058 766006 138150 138083
898193 84276 461971 454828 217194 64162 903275 286538 585623 539588
594681 595150 214832 602550 405634 279141 411634 914886 597768 479968
427343 794453 3567 296545 292006 985404 322142 687759 780262 482097
668567 970645 278172 386106 218719 714882 160615 456547 29733 853551
246595 59061 35344 693947 830537 304043 452299 174293 92235 170693
678390 235068 88079 783271 269761 707627 545794 478761 131038 518304
102034 658790 179340 147553 183998 375938 685020 224269 755118 976147
627734 317688 327161 600856 420737 602608 546278 109230 307565 648135
67405 39891 422050 531596 229163 63579 74742 779604 515734 390490
46307 30014 12746 743390 458502 523989 653276 131137 9058 570619
532647 966445 822817 690915 13024 689208 530398 784270 709785 701344
159463 821926 491533 241601 339230 344774 337373 505374 90379 80421
225572 296760 404634 952141 360812 12795 295253 887284 186740 81653
428634 992991 222968 938813 446746 615593 565787 142092 449829 132997
162375 616215 135208 73431 957732 511873 920596 585548 358678 715453
740027 156086 342916 823302 710563 690155 145486 924366 411283 225872
466309 215671 8014 405865 948088 254963 316723 320273 315584 134996
589280 635832 884060 665686 866057 918944 811898 526010 22759 262676
98792 720678 14434 243557 836759 264391 958140 416186 163941 458020
821757 40876 912836 199780 93635 406535 952799 121323 557182 447901
368032 277961 50676 308659 926506 132219 857561 957505 787851 948342
117065 835814 85541 364456 237150 360192 407044 305184 101319 821700
779615 199877 107112 55994 606261 759516 546491 749818 730961 164851
635048 986414 105376 45910 827085 294188 191414 980893 716069 382251
568538 963948 585872 531522 283436 138878 454163 921980 71210 771651
387750 395177 832858 984282 190438 964541 610335 659010 802119 999986
688483 413886 653224 493834 970188 388190 636910 137401 889633 282343
670097 811160 452010 489412 363856 785671 407983 777221 932458 10798
320743 123401 393601 723043 514149 270495 434772 526916 683665 887911
402290 50012 501996 819479 617668 176869 527798 267140 291428 701855
87594 869399 603298 148834 931691 76492 880960 549270 395454 157552
538343 343894 777980 822410 20811 213560 442474 485357 213917 58563
886293 480812 929327 526480 997504 881704 843657 187626 581634 697706
969836 394101 70431 280152 970815 538624 3638 745593 973650 800553
588059 280370 39034 966691 278646 669192 991095 857495 362355 368869
377976 96926 127909 756642 216827 406518 277390 141312 532444 684331
256884 844827 903031 79820 972841 230411 102877 564684 363653 411695
350861 87495 448996 210997 196282 372021 669986 128222 172980 84661
794122 901358 853253 872628 634292 848336 407256 639559 41652 819286
267622 768169 374746 384790 648100 443616 420512 814519 959386 740115
157957 544606 31324 943374 344068 331318 604952 628197 298969 616308
800298 837118 408661 729079 202396 376313 29187 247667 974009 536152
877462 295150 443038 389374 834336 901217 979809 601492 469281 415157
393312 580135 473807 665385 584189 191990 712368 610241 713710 405957
174402 540497 176400 822521 547731 748156 172013 121364 659194 842260
643915 821155 688111 442640 157338 407758 466473 611227 31915 609501
294503 983087 894443 991835 550182 156840 971374 270139 827761 832496
614333 881562 707178 961446 398978 925998 854102 272977 519935 434146
600380 497859 597797 255848 612860 63219 251962 777242 566076 137838
949037 136208 295271 958210 250512 157669 496673 592870 841604 5681
939063 610720 42586 897313 21637 944366 913816 649850 995942 965400
844420 747581 495549 430385 635892 234479 744508 511931 18811 14005
166543 80583 59702 85733 689353 540779 780819 149421 322265 395942
268670 169468 868494 696308 251349 181037 729738 109578 386002 748147
571116 541460 436027 98163 131414 530492 166842 368951 51833 715986
411337 306059 974692 872070 971341 30647 95772 848115 812057 390067
149943 585769 176039 820499 934521 369551 319740 651433 660551 776390
429889 351432 877909 779340 416279 283847 816013 227931 764454 698354
27348 397792 636601 59594 813369 406117 498733 399830 134852 710979
840481 312434 949239 234308 979593 329184 99247 229372 69680 993743
471742 976952 573469 73476 128580 726300 731508 243296 264292 585923
155556 959781 59570 359414 750803 530447 350282 971440 901119 760185
212003 412834 262592 218474 269698 754992 226796 96703 881361 263411
577301 56816 744261 220466 279274 168284 903732 285267 802121 640635
319434 126949 70017 748842 367569 730485 771165 3265 542917 788046
653295 702023 666333 832676 961748 548803 101795 237848 408834 654445
610240 732293 228890 780793 753613 675505 516779 167891 29708 477138
215310 843100 60603 544984 148745 611687 898524 175650 947220 443998
323575 798949 431318 385180 732493 357795 622035 117382 758840 137483
778126 318451 827550 392945 130761 703008 123388 327236 438381 11555
180769 920175 648709 14834 318854 8489 745432 776060 991481 538072
981570 582259 299511 532856 167309 801104 62639 454842 744464 866584
106225 742912 626436 803740 622436 392933 961006 115444 216082 221747
483340 786218 595901 609705 498131 281940 883013 993558 611361 360829
927504 876730 242303 2778 605870 804662 382891 997969 401275 893801
754019 135649 314797 646303 711772 968083 900084 538193 302272 580031
730175 812798 661315 415800 497135 308147 72604 635158 987860 832505
236765 61998 165110 930333 720105 904221 461184 894927 64033 37585
306568 82936 512935 499477 217299 844813 424270 810595 565677 851346
297027 962198 872654 476345 558486 562657 371585 909037 155989 578711
33912 28829 176088 426420 671195 927460 494722 534322 997732 870565
390372 64926 796119 778841 733527 878580 415096 154085 563099 86799
986189 696985 362828 305511 142547 206083 566733 193915 250147 197670
567229 980669 68777 401338 183009 604584 536163 216320 521634 36392
21810 544931 120833 555544 642429 256528 789839 269454 83064 815535
169330 211629 650571 816871 843219 254662 817424 366792 628451 663750
98219 637776 988324 327007 21435 352142 815066 817660 258461 795697
458203 377606 426609 998101 726491 555594 566313 66732 9985 306747
260367 17702 72673 849028 752713 460847 115929 386605 657978 271818
49837 381197 404847 298517 519346 901957 545624 633710 398081 509969
55745 359203 659462 277612 77053 290847 108320 132202 645423 295600
804019 969474 720274 941853 31769 556939 629040 974805 505546 960218
188705 852787 134536 658005 444676 88920 120874 531512 119254 770069
826529 946208 613644 793977 242834 635759 398483 117837 763234 893489
987132 870840 918369 856078 786373 256069 805012 257886 185234 576964
697651 241784 218617 448338 767124 574867 111473 643191 261326 105895
398774 870645 997783 226563 801795 406320 115890 112114 674034 184202
857425 203981 39526 155409 852698 813209 272133 886182 567171 362274
812838 841169 386169 598180 734486 3988 162251 218516 821120 488841
896388 269815 442140 542784 620452 680207 64364 526900 950833 236041
805106 981032 763042 416736 554702 975751 920718 132311 699371 528272
980534 328083 528838 803206 721520 438058 662848 235425 966829 595446
328445 278033 97756 578561 925618 389325 469020 912387 226673 656405
151577 591954 482001 486205 237511 483689 135343 734761 377553 382415
308471 500015 880421 693072 218072 447503 581960 617331 294699 800168
747708 567410 264208 467799 295006 138484 935194 214730 704499 518328
177406 594760 44005 643080 669049 729096 994106 201849 917708 435148
530951 980132 16680 383903 325265 115592 719321 368586 926908 160792
5338 993498 697457 522836 685720 895110 28803 936388 231877 97530
439724 843125 174083 787987 397182 739401 571676 284062 916255 605074
16744 497174 803773 14661 408266 66697 794557 82294 856375 569839
20704 266338 713381 500445 529208 532528 933035 201847 289793 656924
504903 549411 481279 903093 894882 836829 589616 280390 329913 967127
14538 36847 62152 627828 176374 972465 997531 614493 180081 220997
645012 461931 777086 432334 151384 335812 834430 29381 701910 953284
244699 633952 399006 229210 398329 148559 753590 721601 953589 298871
628693 709111 500976 269376 638183 733218 572472 7665 72957 870548
687661 928295 395921 81844 48250 722666 862166 767480 963648 421013
630727 255008 101822 424003 378066 953406 404546 152546 916125 300749
705356 102962 94736 244437 156713 589344 257902 588237 137144 375195
850238 40572 489273 562634 795123 728756 889773 420572 652847 550272
930158 83313 872117 492570 405598 184341 796299 452186 678225 378119
736836 413718 173733 214637 22921 427473 545035 552223 980892 584918
738481 221897 390145 496025 289610 241317 398897 835817 44884 902306
933317 787535 155193 245787 252247 855993 496602 783017 661719 458574
520172 939339 882274 500318 900976 285663 553266 95244 943550 351238
231733 997658 478708 998986 943269 630089 952077 562551 653242 3833
714242 937869 363573 887850 886765 614611 938633 262522 106781 454524
113200 445136 698689 757666 97410 387569 407282 587182 649239 971190
501141 461752 391080 429412 638037 62818 16889 775461 601803 837415
811342 370600 783481 570115 726182 621698 981320 639752 655206 376219
618553 172766 59045 506497 610753 707713 876670 457638 741498 866224
867124 631112 793931 467067 409499 641279 967432 430878 652487 803195
360744 930410 701861 579578 384054 564347 554182 683291 892968 665747
463689 116696 510655 330858 731804 504555 376766 347947 715534 752741
995694 511287 330791 9250 644005 507639 86328 320134 41118 636787
571680 960367 887928 684307 651551 647282 538870 509103 957487 64645
405973 824082 433139 343420 369665 940191 581910 346223 40778 81417
597283 303607 473365 553628 8774 688106 496586 97176 568165 743044
168080 515889 423988 205805 103475 730821 114757 309634 488875 118173
374276 348128 152280 113312 196328 861358 501702 835690 844772 566170
507892 858040 370559 882562 243200 583647 514142 446740 15030 650592
39362 618230 918806 784194 397379 299008 65552 42193 19271 993832
859230 120990 990524 790858 52330 671006 421252 522124 334156 592885
829525 602041 706806 839853 669896 181148 121286 435227 257866 843134
391017 204641 331766 568329 362927 995541 90018 177810 641712 748901
833668 478721 24583 737791 538574 183581 608086 255148 400873 667078
355053 783588 309302 630488 558051 543834 648990 335248 464340 110812
578967 731267 408025 170494 193850 672471 237397 216230 522612 230779
60550 833936 953016 552833 117608 419255 392997 525062 759039 511701
295520 565779 379562 401525 647215 707682 641884 362604 422403 762858
953568 904654 933102 506978 956227 600902 906495 271332 371736 835995
968894 192536 185968 780904 453838 780341 605092 714283 176325 459220
719225 50453 642820 255706 686088 82689 27552 124412 243180 785304
562483 775370 377227 701964 860215 852799 442354 636115 34441 83676
171296 170181 635370 22943 979525 86833 650147 750731 342690 774394
219797 380107 30103 691003 586227 555560 778025 598430 663689 348267
946888 682859 456590 354141 952427 927859 167596 483198 162409 129880
927535 131650 946528 265173 849611 844605 184815 64731 267623 640872
506336 599061 932818 891636 582980 147973 696712 355511 718455 233272
154412 20215 773071 168047 147518 175824 28377 27286 28609 656391
997086 402391 765816 905102 147997 958949 765483 687427 338244 414157
854702 173795 522306 874217 360510 869908 410209 49103 754092 460871
357769 374669 563111 486872 479944 512694 487848 987665 582520 309007
870036 905303 960609 802311 818225 940205 181648 883293 143341 426269
296137 44771 355080 81186 791552 578897 897915 218503 427519 565647
308897 406127 864185 766817 612589 503765 501693 74767 883297 727867
515112 294941 310827 383876 283206 307459 322156 653147 299856 924161
756925 610495 858377 533875 805247 554878 836211 984338 635311 70072
505706 367813 524009 834478 97823 347038 818541 511097 928470 225450
581176 805903 890231 575520 325818 851894 597602 697271 643293 715745
180703 170250 255422 679715 847687 646029 663251 208388 251776 181008
464142 177459 559245 977998 179774 661878 464377 583150 504535 947090
387464 298284 840444 906328 971125 484642 213079 535067 979964 734563
1280 419618 424485 559431 139072 554267 821843 814351 858594 68703
527558 718833 856616 732311 158369 705581 230117 640394 211131 292920
614513 487743 139563 149230 629139 100264 903931 257325 964983 923020
415227 78185 243625 96569 318094 207976 245692 816161 564692 452141
184912 158544 969653 985334 905842 840927 85891 332413 936000 735225
708375 682004 7699 729893 855520 95759 227315 993080 926589 878490
266447 365208 91388 955197 995948 439572 200317 472054 302049 580070
290076 175285 146032 129856 215761 502943 815245 231410 122197 44184
913761 305938 808986 766654 186073 922016 343333 438476 438204 695424
8244 387698 910424 653660 552291 127794 961645 905134 710853 39401
10170 765119 696871 389332 389273 735837 565736 634583 870166 940612
576782 644344 898512 641513 156253 977701 200504 935689 496913 328269
751492 45763 568631 398138 95082 260918 280216 908804 264557 458363
312932 850191 866690 664070 838031 138097 339394 250982 11331 923123
167359 659183 236250 359465 129103 846807 513212 950633 699614 496193
114420 98574 559351 502773 913247 255642 577455 872356 880806 924026
653462 407284 373961 244282 166937 706160 871231 548570 311898 527555
415341 413536 481246 680547 727765 476398 694930 243400 372408 536345
971874 515049 290067 52987 57383 937237 178185 489175 999346 615350
215827 771807 747564 440597 424740 942945 653455 866863 796722 522986
333133 975478 307474 973981 132509 409087 481017 878270 213790 891150
330554 244176 250570 984316 812001 71649 929564 189090 890475 117920
729526 862799 2647 991815 666348 401038 698781 958728 446000 745735
897180 80476 456405 486134 515409 273042 706672 530938 9672 378097
749239 293998 212619 664048 281175 486037 722179 83491 808629 196430
910518 37536 205658 25734 616212 633036 38334 422388 889002 985362
73980 634479 527633 185658 202997 791291 632367 410535 304423 401842
848216 622551 151541 960137 335639 78893 38155 938136 473861 971152
723141 432511 311812 604868 766391 294639 140700 908684 306786 512100
169409 179464 799338 890215 668465 176750 42866 24930 25796 578562
740581 910404 196420 917522 979168 630255 797612 255748 237604 119171
548756 861874 7329 230399 366029 284455 761739 909622 859505 226150
933873 408172 496644 947934 275431 30 363745 413562 220879 894651
970207 360305 598462 219174 742104 565347 460591 314443 293241 608169
975367 158291 616268 358131 947509 459887 333179 917617 804309 890352
753563 34804 166702 979049 85819 252786 446585 192193 709114 392901
544576 135980 368620 527881 26246 224290 855065 575743 486818 486011
780432 767477 774649 274013 660106 262231 2767 217596 817152 554888
823170 343519 589940 901247 656606 993883 847631 556929 99627 325917
791164 977780 918088 396931 604511 316710 463 975869 327507 559077
974178 225714 126785 503252 334787 740638 793103 865711 483207 718651
385156 564103 715106 720017 917365 929192 726351 628931 730350 295886
192402 152744 17978 853116 913457 96819 710997 621790 509192 539436
370176 350297 748741 620623 897268 205845 835685 61715 425587 428284
616296 304355 694729 679676 412967 242933 981532 899903 33631 629809
638682 652879 100207 265526 871496 888270 973420 104982 528862 915381
457902 462424 102628 412733 817348 683218 14530 775404 917853 805694
892087 55526 651123 286875 481206 109819 965085 116449 746906 58136
542891 512257 642714 749639 877297 891230 160781 862156 446312 72796
553908 546753 203153 111177 257630 705444 188670 269192 739311 503863
167918 774179 62144 839196 242543 107912 576360 100851 632760 75049
951713 865398 24448 229685 659692 306350 816930 318591 680523 254633
914725 732893 618030 465192 222329 689491 891511 989885 374290 599026
897403 835993 601242 103614 264806 254479 949000 960393 421083 491826
733163 120173 132770 48161 208235 877216 597233 225724 626785 900920
632476 991528 90905 692809 88449 260956 968603 202401 556022 137287
219515 429048 416057 139416 122835 734427 471942 341398 476495 919326
164161 304566 988111 630785 736755 360948 106956 723063 19030 316974
412518 5350 186418 804214 303876 629194 93547 427810 999777 518636
793709 682331 239874 4490 869604 623367 839839 727231 166432 838841
654416 939419 79841 982118 898174 520126 117197 388104 755058 581800
551467 180410 956725 911934 885945 658851 4165 41553 504500 206125
972585 468657 572065 994188 146083 814676 919829 557850 96846 568018
580335 37635 986104 665204 925639 996577 215918 494060 639425 159802
959251 891861 165432 131839 900747 989907 614010 184839 511401 649611
905513 382374 615036 275767 600606 961284 900513 308863 670890 587083
183269 899413 828346 165079 28796 711558 220366 701842 183569 585798
913192 200098 85204 379376 953598 955802 827319 181477 336162 602949
670571 780264 883451 838699 97021 221832 722206 564157 138259 610481
843199 640810 503315 579256 983373 498332 694846 934073 794018 969095
956721 481621 165118 899051 832646 504070 251677 901026 860764 221899
233229 912005 720379 599319 100283 983592 769703 189916 970089 758440
436925 775515 572552 619231 544236 341543 710818 86 888622 194907
44834 112081 748683 613094 344680 650031 715698 234839 490671 715286
232920 811036 542189 369688 131063 465021 556102 318611 797505 748617
978814 291992 514895 152313 245173 97938 772114 354406 749052 495893
891222 53619 203481 294794 86043 207826 619131 685170 81965 801742
212786 279600 345709 197306 282199 402911 627447 627029 619205 967105
681147 754242 584704 9793 681036 791718 261624 758445 253840 999735
297797 639365 774439 477844 387667 218466 884099 144789 983464 479656
357047 400811 970853 993825 871835 909791 717456 91037 539780 748048
900777 999233 559238 633264 27031 434396 371355 688688 735293 163645
107461 475969 978759 798655 790659 256698 680861 380624 546461 655259
366508 487419 894403 456863 569541 744173 883016 984605 436761 126449
643609 852611 282871 217032 445591 111022 49373 270456 635889 561928
979627 370080 616518 961839 238653 724946 956142 532328 691544 768353
753890 416205 230383 257571 556645 494920 318938 845693 528001 4795
732923 620717 186240 371384 925546 668823 869318 454785 535375 827451
393988 74253 409729 451884 180193 866958 42137 108289 73371 237817
972201 250600 449111 99615 98607 34555 559630 444717 434838 588558
810664 679821 308158 880088 536832 697093 899183 510109 496964 428886
229220 538958 837134 383970 10647 923447 343633 34967 36341 126370
22762 656404 558911 508387 557858 384576 337850 400243 385204 724826
866193 412805 741550 635396 98504 625956 207492 281863 192906 723820
763498 869384 43897 324041 753351 439259 929415 205749 108526 329710
580007 619663 374473 156360 590732 238413 798833 348521 507453 162554
826105 51265 662260 34703 719358 911013 539275 467593 811804 786352
158157 169515 234669 867891 570191 168774 461913 276106 119751 546467
457498 193115 795194 736389 200452 709460 527488 327408 209165 367998
944975 223458 133797 998388 125525 496127 397870 300099 421572 461613
334986 641028 194355 245244 21174 462629 623570 381760 502406 33786
338067 473637 49146 539838 685616 245590 255988 365586 583454 804515
101735 625066 395036 807879 741356 809852 996694 322404 34479 461152
490020 589899 704901 390538 337989 142653 807486 901607 4298 577371
11325 539508 388314 658735 119230 572086 718519 426776 409640 144685
199945 564298 428119 236725 845043 870203 694342 13098 695590 940747
552163 320636 297402 338326 34242 55000 166062 135917 812162 364006
194449 335976 397401 42891 403024 498666 519626 269967 358759 919669
433236 952855 67801 560290 30568 682214 664548 361944 802199 302219
871679 724792 933707 913263 890447 66339 910028 50325 558981 906267
592832 492624 559083 774623 872114 835822 188382 394988 657693 198108
860181 355038 491140 312647 715561 177370 501622 256490 673337 106492
465775 929243 447230 6671 367537 880700 584511 258846 560717 353902
111583 486400 199358 567776 831217 162416 467704 871325 106678 954680
254124 614179 306476 512733 683276 872489 393515 383196 458490 708994
932710 313342 418613 932447 373050 371146 854541 427126 378501 247382
831181 35256 847813 288133 189036 880489 362906 307394 438358 567846
183278 902271 764495 526538 321104 896475 23261 685373 725153 474446
505189 812375 924531 24892 577896 56329 950152 524592 313151 69920
481665 734675 988819 439086 346619 807972 887427 269295 426973 366314
288968 986426 227783 172245 270771 396848 319195 930396 184135 848832
93277 975634 518428 881615 780801 7909 917516 407417 739852 547664
419908 389578 321360 811433 283644 541664 861583 264049 294230 453202
656544 292991 101513 511666 411550 378997 220096 239652 855563 519407
671890 922729 251158 915354 42877 318806 920749 585061 16996 41225
4227 454830 243481 334058 678066 412013 909474 224846 752981 30726
340854 485744 20056 340879 785678 57618 299290 593326 284715 906170
995407 373619 976582 220267 273099 711455 114026 311984 886771 823213
113057 56580 687556 688446 460899 178325 27849 449288 912554 129078
24898 188345 344881 848049 297633 9186 468358 85805 675562 617981
434054 724612 432541 810474 458318 370199 876614 289086 305965 66537
205599 18053 357372 796697 423833 522353 139311 165609 822593 819354
14964 398357 647720 638762 374642 319 523443 417171 438440 224901
51274 698392 194716 886103 795804 781798 786105 235992 471094 776840
337425 131611 406055 559543 254800 531190 44616 576553 315285 998288
614345 220103 179172 345592 51342 333687 488582 65809 820359 969969
472895 808532 694690 25580 150984 749580 838148 60141 790681 774613
347159 554527 618159 955474 10500 273846 910574 736200 98141 157183
805143 79881 629686 915753 844852 105296 478624 443005 481977 375836
514639 338822 85142 434050 114590 88513 81144 255292 529221 730140
253963 875971 407046 120775 703811 312154 125809 61087 107657 774935
127862 509698 176304 544394 760000 983198 823425 151664 55782 399073
856585 750859 341598 441964 519611 114239 338752 899376 262404 26429
338993 730607 684499 977896 792282 311374 26628 386100 596760 649334
891385 67020 53352 754204 486647 8424 938690 907858 483239 798342
426644 314517 616853 769620 461883 507533 289718 725980 387247 80172
490861 495587 424597 594254 967198 159947 636904 176987 346173 842852
303393 719535 957630 879448 364 516670 255937 75771 703545 713846
466026 677975 121359 448789 320906 653639 396974 786056 922994 583068
483431 965786 919435 89568 916203 855491 391777 730570 284215 935855
558156 97974 679386 127864 534861 759985 780809 226837 590891 120738
818769 630218 811552 776123 466874 11164 828276 261548 833164 391544
659939 747706 280619 442060 760608 812240 130714 857188 448195 274673
101748 351219 891722 669011 122111 879153 942165 338284 306552 379929
14170 734519 59279 491987 309475 170034 376902 789819 236637 500141
32197 633768 123100 824007 686992 240217 738447 767560 967465 355202
611440 391060 63445 626133 676666 2836 625125 172521 743681 926135
98524 135059 494621 429387 994652 411345 380244 499946 763592 117976
557547 954908 795936 717798 566849 640103 654957 565780 948409 564927
565340 494886 587760 926598 271085 481437 368388 316877 299230 871922
911080 169648 914088 127592 59036 334640 83095 755593 423813 130988
142752 68113 234047 351273 370822 533485 450878 961823 581882 840999
666640 279460 520115 451912 844683 808854 290914 599018 289323 958595
130323 885103 925470 514109 800868 939602 340620 51402 344778 46683
287279 632918 492446 443753 159290 542967 338805 535364 312322 792080
566534 170060 228750 883672 956585 603762 277965 908311 327616 554814
838303 575711 317802 808937 647472 11153 379951 589975 464196 501112
395585 98806 171206 107600 463790 518635 134054 817880 938294 553760
288567 901365 971357 368158 877384 516941 673197 350316 614744 710310
625233 606636 574600 20010 670112 708231 904013 811061 737523 806483
83170 801407 299361 677990 882287 561658 198161 837100 267239 615927
544265 512020 422058 858131 811230 443226 346322 44090 465322 859971
157585 442969 228251 700187 940554 602529 17235 257234 655729 828728
242654 383868 963954 741295 716207 872435 666514 62063 750603 692933
637829 20550 77959 166836 361640 756090 575504 972868 802555 764778
35289 358718 170752 250117 596456 58440 370523 737877 873024 710007
781163 4408 495548 743563 291244 211118 482811 884536 947184 104633
785859 502770 277665 105786 731164 932949 618739 469170 979749 458974
715532 502212 555068 437939 287389 175355 487463 872152 262457 694801
637344 356407 719459 843988 848687 796175 596285 777350 820297 268810
342663 307168 938782 133109 960425 764865 181785 769672 670757 781227
487429 263232 172799 113085 234186 489171 643414 22532 687245 19740
530624 999517 365471 574712 185912 978140 78108 498025 46449 398148
669923 261887 608327 292425 49414 736175 531759 5629 931909 915731
855383 443238 217165 120230 993093 58691 20586 713127 807677 838267
269632 653217 494213 231656 708342 562400 170425 613487 682394 226812
382149 911814 731254 280446 978011 710778 460683 175975 307067 631300
2257 71443 841118 736503 255468 913897 93669 54443 308692 492390
385417 233702 779245 522645 648855 132068 579736 18348 812561 416309
309013 114833 132505 274449 467659 171011 71838 809280 289947 244458
706950 228562 989183 580749 489620 476359 446338 635658 158378 388575
881594 528259 19445 652735 830152 167121 285894 851106 186301 612011
485079 74806 719143 890978 543506 477362 937795 21862 340648 628235
920859 259878 994151 72029 173464 39200 853994 831133 24033 656539
564871 23487 344707 755388 96614 238054 922657 183634 345479 957719
665923 208014 267322 785527 587199 674100 490521 559819 876631 213918
561028 219247 770542 477060 754997 261711 49391 926354 723249 991853
139181 57336 311398 196563 250124 448240 345463 209957 47099 587456
262739 460882 698149 662541 129521 316727 281503 296216 93614 969317
552364 208366 624209 470534 890357 562540 497509 867878 714854 71299
52541 904989 48899 488883 408517 586356 180827 360904 294420 863554
386087 967707 15829 16839 483057 936191 768107 772643 738471 394966
152097 265888 848935 689359 817991 651691 775192 542445 958812 843617
395089 383419 516827 39281 249073 518216 574598 498908 738990 224965
717400 391419 405705 926497 675005 522482 482959 259394 920882 253895
802455 985822 650405 609580 78425 935494 611945 67940 712359 894020
512869 160484 96994 458034 604006 374804 949296 279998 811694 986347
843436 838987 840873 105951 342711 611944 405491 342354 632573 387534
55291 575421 680696 786772 748888 354468 691211 71429 465948 60260
40309 360397 79884 880253 990020 710626 221766 153409 455542 315918
799850 89479 498987 194203 592099 919015 262988 41946 107602 11434
841284 237777 761635 863647 463797 866378 60416 237274 841578 298745
410377 73694 376952 44701 471330 212190 829240 756276 844847 830885
763868 787053 673859 231232 202566 359958 553853 118752 101920 914867
837328 914349 86098 47776 28045 825833 508805 344335 851484 667072
751092 996950 556212 380068 23406 107985 857730 68090 774691 924385
967997 222468 663236 340434 302190 542280 400149 683740 653272 663709
286203 329892 999623 687972 368972 647139 862962 326585 128356 611012
616533 711198 165751 841415 21430 667046 504771 609080 138709 663781
121915 910643 868551 670376 680137 618882 522429 764441 412541 636470
230565 4640 782113 836693 799742 228135 845781 821182 393723 605706
269355 826037 930905 631770 695242 92897 923773 777597 289533 406936
490458 105093 9842 570904 79745 918387 556245 514645 310681 82112
457723 70362 854303 306376 816484 495467 612037 762951 598761 115133
91516 401288 307006 683409 982315 723077 371810 534748 427535 367059
228898 951613 646696 670769 917341 652528 315996 624918 455622 527822
496530 88880 932660 938811 806950 324894 251093 203133 412617 435337
743026 317499 512318 36256 261876 692805 660632 524134 899160 341837
737559 523824 408907 518913 808278 504333 313742 227228 96263 110641
9333 228650 507348 85734 466440 276890 307944 676321 767285 499919
84080 716834 847062 64601 397243 270126 821014 898487 776291 505830
234515 489565 158684 870527 247424 829086 376024 182532 391234 897799
273417 195870 484519 789539 756977 246107 487831 455684 46360 354642
749212 321119 344801 879494 450270 302832 686405 737711 621262 754568
990802 492333 241915 871449 931314 770804 495658 85219 654094 418046
33273 965190 659775 814697 424317 407990 303108 72014 851548 786037
219803 257988 136144 318970 386077 28494 884926 850136 293098 155436
577672 11505 242655 555016 467488 5389 838768 657050 100251 336006
16965 261716 995326 474940 88072 885701 902642 384245 575838 217484
230195 976872 391927 719918 854358 385476 385915 398315 723537 141295
487124 921734 261860 370990 298409 349134 16269 788398 275758 717882
180915 17744 407575 812041 655923 345242 547897 828337 41613 566648
347539 184305 26490 612833 109356 452169 751731 145881 325385 897284
872191 86765 236654 211722 392308 633020 588826 914063 668640 849919
510523 452250 860544 388685 259658 682763 333509 956007 507793 114528
316887 925825 786682 212938 623953 964491 228066 984708 731271 934500
143206 901287 620906 882665 790665 851313 700680 621896 393357 530725
4200 767003 799117 142945 136855 721094 259035 881686 531757 109095
881140 203483 25424 799465 637628 92803 401232 812100 418440 592714
168031 583434 867055 994219 733280 630224 79059 574617 650281 494933
991030 314423 589084 789141 308308 979474 987388 977495 312959 581477
870831 760338 674781 308996 548974 805243 742569 977757 491483 348759
621835 554597 945661 803068 277029 775260 451810 829721 168536 374076
197756 653603 871896 324398 853135 311706 196817 992435 735194 415133
516106 137742 534156 361872 699829 189392 736327 867932 195213 633497
382312 168889 873138 59295 262779 429687 319093 346132 969541 228243
757019 792110 66138 660241 637595 464911 89376 489891 358652 901441
450695 999952 198816 211281 900028 26395 87765 406615 727462 862655
130091 835390 528531 108601 135181 730385 983237 675240 982378 542764
703283 174154 355784 9888 492165 722720 191212 506362 672149 180897
157854 396449 702536 694615 832572 105435 775974 493864 190761 926770
782351 44611 358717 306151 202817 744053 738104 834387 995383 85123
941652 15423 133158 913876 810149 890626 401436 803196 848372 225510
440078 324766 459621 366232 494428 65872 867977 292340 296530 58506
236060 67720 85504 59393 226203 388158 762651 398090 429594 24184
293354 204328 792016 414967 986919 24108 240426 849318 476632 542114
909304 505813 731980 136649 563887 513394 163837 247975 468213 414068
307988 678522 749686 374835 101045 451881 826811 638382 945784 841873
623329 932072 514047 214502 985492 521224 989834 115578 303113 323736
953464 57699 884504 109886 742754 558069 428740 433927 326578 289516
576165 194603 464862 460476 182431 983026 895555 414544 703146 223973
344846 49439 292059 520903 205347 771582 538306 315288 203657 729365
184844 778087 254509 498970 493585 247153 367944 618185 767144 183559
511344 803453 38044 550530 681338 489284 402882 991708 380070 746019
901706 301014 284515 665143 219535 706589 826985 300238 605336 861647
525581 707503 779256 268880 131020 734688 225606 262757 868232 47232
116404 344815 104458 939064 60689 645907 227095 30007 840030 563529
913057 330699 627819 725743 944417 901416 766139 606697 23235 672710
987937 815618 777679 19178 595169 406838 513802 141611 247818 516662
777632 789229 340029 592831 124012 246764 284995 572593 380547 46976
798999 287601 956679 351191 181277 543418 938000 715767 132736 220016
194893 219567 586949 431609 638269 139710 988917 881056 86917 929767
117970 477172 904567 291817 244024 928594 466129 730646 791626 193715
987906 576966 228888 385149 675506 232874 907049 173862 888693 984838
47482 474077 332640 897120 152657 68642 692720 6316 471918 820591
502123 670323 876723 59509 865509 277808 48218 353324 754474 42829
281032 608548 86511 735500 109004 914418 166586 905238 98531 958798
44236 450753 195442 371705 881976 206441 68887 932181 66019 786885
37244 947149 440611 813920 769243 161818 835512 389401 29105 659739
662920 436366 334752 393766 222916 429285 451199 837454 637693 921822
498707 919021 414296 353177 350292 982809 726421 551120 540911 375248
459273 161085 28723 289008 71915 68768 67669 659083 570008 290079
349317 703836 675918 462010 429309 426812 507346 159174 671930 873393
83692 218428 338608 532229 392193 152484 207095 755060 946331 957363
926922 858264 513823 493244 978109 157902 313163 914508 131156 282228
177000 136652 650949 219626 665435 454284 775852 675481 229643 93902
41327 100822 228954 515988 585438 431467 296315 441141 603388 563248
651791 168508 508242 626090 361852 647645 91319 9742 823954 486415
784387 758331 496762 309275 284661 400805 642035 29740 530517 111385
777177 819566 295865 695651 61571 200140 637040 102397 374139 574116
149920 745515 58037 190927 482613 893367 717444 204869 847978 236016
145919 222873 564000 819191 814488 702529 557173 394213 888392 374303
935539 204443 828678 647948 142872 387407 784743 46967 531555 561586
67921 461160 442624 661301 247323 867044 362930 930361 492963 681623
305423 213132 840783 593572 572307 595838 204982 553872 249077 201146
67171 674801 695027 314448 672775 395321 890175 470643 656050 946844
104415 866650 162790 333216 730775 384424 243345 265846 953496 215200
643981 913203 417627 284685 118260 891828 290112 512781 286617 715721
696323 192750 318075 313356 268106 351980 404098 689928 552012 335724
718273 460559 826042 859587 233830 737906 956099 991532 76757 264269
109332 301270 533375 438099 577299 107001 882317 912323 461746 701325
653960 809126 999400 800787 348274 71628 908126 61207 516695 239624
266171 176040 276390 351429 462231 271191 373532 935982 6716 626113
908554 611705 414018 737403 965474 664960 281062 804076 422210 974738
862279 886015 567275 329817 844006 70652 471031 267988 960256 258823
66935 901094 433789 542671 362252 752335 218289 808954 811585 743013
836165 815533 261913 652767 93098 744845 969435 319968 316295 624645
693341 278998 871714 237751 845593 582474 865940 594856 199549 959125
179660 917342 680609 726709 510794 61466 694898 594617 671232 827027
500245 807349 227125 109431 458368 400181 615386 242141 854070 622187
128671 333024 457551 256126 973880 778240 863147 480506 234971 218111
442839 44840 752011 640683 34097 379184 469795 635331 202703 788994
738940 283416 764068 815302 795553 819720 322510 435589 93729 891667
884022 133239 784038 699834 576825 641334 322468 214507 3414 932924
462765 272742 36552 196114 959503 827104 684769 268625 372666 825016
524623 879284 436063 938457 563290 90731 843895 35794 591745 140648
592146 190739 877681 85974 5134 496070 150775 174926 871831 377760
811592 326014 101212 91019 390054 215152 316592 445163 998955 19542
981399 902491 314771 202807 562174 922680 776354 180395 159045 441092
206938 601892 511693 569907 11750 644552 28601 918236 726092 617371
109511 716404 745370 841112 577932 399066 640587 310748 51749 686351
220637 193024 672096 102200 189172 588570 864233 719091 612570 144580
180869 694865 999396 372698 221670 37802 665012 103984 748610 103183
605453 479750 732594 709612 205959 860 429696 344995 597612 131702
954382 539696 561225 131067 633297 308470 989294 321900 315494 310916
449919 93416 4950 388243 161635 480210 631511 606989 3745 958047
405419 857705 502104 5271 635405 878612 164454 137497 86653 530273
261540 572157 244415 695213 893112 40898 246985 401349 550234 304731
314641 185349 664761 970374 272112 345478 578065 956570 747306 507138
142660 411694 900092 860115 290655 30775 613598 30735 268478 246341
869946 217564 709852 684524 473992 220422 789006 7350 211447 84573
830837 996070 980683 66978 8662 864645 618527 88655 508412 542301
600731 740902 230470 718475 634270 705728 730027 978797 297842 759862
923206 680440 169020 143325 872655 353919 14688 173680 508586 819604
778350 714603 635590 407577 825941 531298 294766 491165 618792 327809
142162 127565 924003 897081 185176 616432 719524 185694 328356 989193
642764 38900 786981 62525 386206 830188 486704 21531 347455 854138
366461 66182 769460 222449 994787 350971 89814 109126 648373 312216
780732 958108 659702 833517 465351 844036 982478 145217 744259 383200
256087 181574 949297 781799 772549 565389 332725 934146 130834 231208
701258 429815 758948 772955 586145 313527 899957 408342 899433 561427
359902 778061 768643 557648 78321 806541 459067 390012 984159 722493
747783 982100 521690 878689 993901 909918 551930 229741 931074 82067
274893 180807 677963 248082 222525 490105 143665 138093 693964 988113
850947 654839 678606 168226 511412 953903 518642 720541 300710 59934
321600 575306 287993 852051 307685 218377 838732 205038 336575 316548
470378 344017 830980 631820 532606 110175 955619 667571 350681 847594
942085 193743 639800 296366 980036 281218 829769 11477 530429 352546
328605 744282 37359 270907 124576 848554 868991 384972 142335 162720
18741 646470 821929 811770 409850 957147 798244 357201 880595 855123
693452 415946 821556 67598 177191 484517 925693 314618 461785 78095
949527 622648 877215 573561 102265 165567 748910 904863 747502 950785
882689 125821 603750 656232 948524 558019 837169 62335 322673 312594
673602 18170 447038 431359 977250 460099 124107 204423 68275 58814
258694 374462 494721 520937 48792 262354 671966 501452 353553 602792
489379 874686 523547 49628 179826 382224 330753 944492 560578 36892
313547 504431 337096 297532 198136 437774 231686 209018 231828 422064
811204 627870 617413 153678 928719 214311 679593 875881 952274 280857
283039 625938 937541 78440 622999 71091 706254 8265 29071 865276
809037 271855 281163 665440 496334 594074 455898 840210 140294 986504
958715 44451 120238 77170 392912 572659 49082 900668 378378 12560
485902 577655 317955 907276 509963 635659 827262 583379 42041 394357
466515 942419 398337 445466 805933 632892 910735 695961 529558 787355
375178 807196 884595 692628 151794 850528 808874 820320 852875 222159
416490 257484 558266 694446 351478 589818 772883 84634 656402 369048
258956 453645 547741 264379 684469 132574 612178 502746 615580 904736
96491 295205 308714 359299 124070 187463 862115 314905 605399 938159
397424 692783 148820 864167 755433 936163 905847 308316 366202 606054
955366 287966 323089 858878 806451 584122 502180 448024 25078 221266
167219 942146 694916 455197 300356 274646 975125 534854 680710 195825
343540 44314 720031 883492 174227 95930 998371 843332 47899 142886
247798 917177 871450 851696 675134 482098 160232 124904 468644 560050
177063 442540 462395 657098 40824 539667 41381 94892 196029 356709
661657 581493 513939 12504 130001 485756 587498 592037 436226 39420
428474 496612 760986 685320 622593 324180 272521 596707 615044 55318
60115 848766 530326 40394 720079 719868 35722 367573 520590 630954
276493 104106 534444 949945 807444 95807 585173 611564 656179 190860
547530 320987 523908 237665 525170 954273 565410 110928 480493 617481
4267 454375 719002 258800 554535 867814 223645 61447 848543 89031
258978 17924 746248 763471 837159 924581 863717 683950 595959 103619
128912 741837 137377 677314 230218 50285 497660 264136 794529 154757
68683 524510 466214 268415 282291 390215 728603 607004 752898 191795
808306 315420 651388 360881 141304 776832 448162 403238 412450 944004
266297 650002 494314 348913 882312 82174 961214 668561 515591 641319
421895 134919 728272 922327 532436 187354 188464 851447 536890 667241
468531 846156 612093 847722 715764 550163 442858 132920 691608 563373
842642 279794 219013 594013 216384 970185 671669 237879 317725 988227
266165 714909 444839 456927 754784 696279 198614 143761 169576 303764
334802 266123 148100 262632 113017 863497 887630 476443 368137 41591
584174 591220 380171 678371 80825 293353 755955 130199 246712 982822
700698 980817 551830 627352 469856 939729 217811 955967 833529 93420
973738 888995 248319 304412 877944 211582 147337 583292 509692 527843
561069 85269 775621 787044 176188 250268 718990 882541 41808 181479
899073 381148 113324 86476 714613 147122 708973 301854 562033 260705
265048 795024 58390 163755 115088 905926 96683 11777 228731 37557
974718 709012 602336 586481 889454 463777 114885 770278 554014 233668
717823 568891 632563 873805 572344 925054 652191 329042 914347 213726
253377 339019 652045 406191 321319 768631 751900 730040 628491 505856
872460 835795 950290 369402 302944 27217 712392 70425 432441 737900
102831 682810 819693 612761 37222 269754 465009 404133 41474 345034
248656 727120 688320 292873 134942 719670 20540 267892 997478 140821
271301 717536 670388 931932 42227 727053 963826 446021 833912 531237
648528 179644 654796 101479 487394 125084 47116 653347 901933 507141
268933 510236 279113 139437 850175 713249 888121 756115 358315 377729
993562 323225 410009 592730 486405 129021 853440 80432 479720 163029
634080 883025 446165 904030 587827 137469 128968 298637 731544 607255
45334 510772 641377 971675 269499 675280 313100 150049 873620 780427
478049 180823 314602 924482 382807 186947 135906 602883 449831 919473
577304 553442 302763 5000 275283 250942 827069 623734 371506 544032
304155 454621 755576 658648 749193 151185 765565 872102 631882 907725
840794 721550 283150 182973 664215 670271 583364 184010 888834 918635
268110 245687 647662 99596 496636 937601 137837 58739 93782 481630
541379 563592 559454 45364 139478 648714 836685 62981 110376 118472
475097 731482 301766 125036 831237 570505 551698 493114 577930 978041
902619 603381 66666 21845 300393 603691 355690 824593 17186 47775
17538 399641 205235 676779 535961 592465 781680 182384 685625 981028
907986 983229 66649 46388 14405 486225 811056 792136 9592 929755
601798 864354 132645 860171 265208 691569 750565 621788 382826 718875
471806 302177 250832 321584 883909 917428 152059 218927 705644 654714
424864 707435 165299 354300 639106 148657 947833 834864 694314 461827
66614 620055 60732 229984 218940 635798 83302 906125 706905 229967
50064 994230 960798 32719 31079 149111 63589 299287 178436 262081
221546 460735 308441 857938 348148 346054 261964 339009 989176 595460
167224 28019 188127 898430 132019 756774 741858 86996 400241 819365
677210 160083 83909 742948 699794 943632 594010 204364 986293 136980
751470 351774 572516 177479 895112 564650 692532 252921 480236 319978
893807 643182 309951 109638 185262 756277 61872 770142 721135 854422
915321 207561 110239 604959 633637 830181 853708 278938 224419 348884
844417 249849 310348 594864 893723 932907 839149 26451 270272 281237
433152 97945 599492 506901 578608 246375 599251 617694 764907 586579
420568 429741 612102 531035 822147 731641 588830 145387 136043 598264
792393 621226 365845 139213 503274 728766 933547 661161 726370 527762
161209 691032 520819 515821 323548 63173 651605 257802 461329 244026
100276 977860 62742 734225 174393 225993 67209 413473 180471 77931
30386 664479 825649 827 573203 256412 928528 108334 760378 119053
533192 71625 511535 153295 894455 155488 3423 302842 283490 225587
96499 174962 219416 253273 32228 302890 655889 104174 399502 737858
360469 872399 317902 306675 328178 318662 403790 75249 933362 988266
36313 684262 26106 899176 5319 863158 707658 808887 753198 387491
11300 798391 10231 749214 321848 597316 958385 406278 364381 117665
218766 183346 515241 844977 630268 84315 613816 979299 146996 457928
280142 535771 867186 236807 672049 226915 242407 752118 420942 110220
156153 97514 372227 76138 280197 381056 636659 158765 993853 830217
519039 436532 88092 429525 854168 907678 370041 400770 421737 94154
830545 304459 131895 674251 862583 388382 634442 433628 984223 374620
86432 911649 430591 393137 398913 194779 771479 311572 63739 338589
929563 215806 772568 540374 448762 177521 978746 176625 650084 51583
989450 608866 457549 840643 331427 857150 314467 805022 951412 453868
992297 905730 550192 289854 468149 203256 297237 475242 559209 232591
192302 105088 103243 216050 916220 926824 1064 697728 869610 811315
887371 713508 840264 147693 724822 193328 851117 469052 36825 905330
368797 390018 396846 435679 509524 410859 876708 754724 762698 527020
415947 134289 565295 854230 632549 700500 890183 662084 60120 794370
454766 669999 279664 287493 547524 268930 118291 533054 437363 408098
945983 702464 343678 16027 389178 105512 937821 751051 346573 877368
357945 26100 223791 592766 93281 897951 479204 869994 943287 278281
85969 153628 659658 964135 379958 838207 185780 600108 784866 693377
322942 975636 167874 688280 806131 998120 88060 832415 756934 758644
238416 834412 241386 135503 887479 851599 142256 271151 640689 879531
974022 698646 809177 329727 613729 299293 416030 678858 115430 119517
681076 272951 281852 201917 290549 460366 311156 200638 105981 360501
778920 905057 357977 806337 699175 400274 890991 604586 498557 909140
491407 489803 169715 574368 568957 289999 470499 857958 179606 993323
449259 564426 526504 777583 209030 77171 852161 286455 832774 538006
17905 444462 725656 894580 150546 750972 203933 988449 732669 612718
784563 370680 334039 509913 344565 719740 572819 118765 680320 560115
604798 114484 7488 12123 773121 491443 31780 466307 241835 312398
37308 907018 880941 490709 334205 623778 148333 662817 410839 765526
618252 72144 820693 731306 380265 279688 651634 313298 696643 807183
794924 169235 962693 121987 427151 939152 806404 376589 904882 3865
187345 443323 480383 831043 118365 197397 521338 742877 232418 427942
738170 611720 664532 579202 809541 978068 525054 318077 753603 547830
725141 454354 250580 885650 227540 270903 396371 273176 712533 166351
732709 567293 944927 648976 68477 688827 363035 889874 219077 174002
915469 931183 767903 159110 600713 997934 14632 324087 291233 72960
885654 634656 357353 16731 275473 635559 189928 30009 280570 59248
696648 89066 465712 177046 685798 278794 841287 19358 905879 925719
461100 393125 291668 360779 501355 962571 636104 396501 317047 345565
950025 336528 211630 157292 51908 992580 453818 960447 294441 813637
160794 193267 45932 8863 75437 860666 137741 899177 47728 794698
778923 880156 354920 183447 553894 156636 834886 532746 486395 651669
120344 513376 986007 694735 733263 732933 229907 658356 479412 140681
833605 269641 419872 279246 901730 844390 156741 341066 141678 313517
923136 787771 579432 161494 974318 560671 418680 461004 141222 875691
998234 651799 608961 977 15768 236492 632416 530959 697530 553356
473583 730285 872890 936077 330156 280538 350935 339766 89428 427481
97886 842563 14915 825636 468638 742802 540186 816790 102551 597587
24616 820685 846332 559133 713843 765757 920545 231372 633113 680694
173302 606927 829235 437621 256713 619065 896155 620719 854375 262705
32904 516726 678944 400487 84206 251471 285133 10974 901446 784682
76020 386722 179429 289031 460313 608269 184482 306908 654095 17972
145569 351757 831942 556142 694939 348895 151277 235009 451763 976160
769419 860787 70232 599502 473018 256200 620908 958105 61549 419106
799378 390377 84144 479804 868227 750340 764780 917482 7352 520325
656172 449774 412846 837082 932402 191921 157625 67639 522452 621137
965879 53254 14778 841863 924001 896551 68865 56208 54049 599132
297372 899754 6210 429426 724399 318426 188535 75645 475128 184264
445502 826041 553080 264144 928064 150938 918107 860529 16264 862092
467124 483097 287881 457016 516803 667096 24531 738403 258951 93864
173345 55512 599846 626042 910166 188285 705774 521080 285147 50869
380496 80456 594963 668940 173959 528972 430520 626625 597433 420718
562361 677765 716621 39099 934706 272958 839675 92014 922092 896940
430193 16615 67913 910992 407262 204711 523421 645155 5931 679200
153518 72946 459826 268435 533687 35776 415424 432310 897867 595751
702263 787807 837071 267397 189226 361063 698154 800440 883294 374513
130951 75597 747335 823432 780122 250240 329650 88853 709201 795798
836232 606418 259045 780908 709934 700982 587237 757832 686445 300355
918285 956964 961080 64051 720411 646328 122006 487548 838231 570671
156656 600570 198127 347827 205764 468054 914922 757942 204192 484332
59662 609549 468215 830819 835809 890562 841481 228581 792386 711978
17319 304762 310311 400438 491296 809703 151867 177931 89121 848385
741958 860732 136226 575098 197429 580505 198812 269306 158016 845504
859171 752044 465050 261148 319600 176557 674776 965588 283217 330087
941562 488042 362027 318868 552298 738418 574736 78139 513022 708114
160640 962890 34569 582453 46545 939184 710588 281436 915547 944541
132452 676765 137479 88120 330176 587102 462880 540783 241232 580341
514134 826477 313885 702787 216844 312344 192593 467844 279698 954941
498520 46865 718757 729530 472532 929513 399759 859295 33959 145809
793929 327094 405163 888910 831288 712284 656777 629914 480695 420298
50026 918887 577397 808381 879781 919128 824123 489440 131267 828821
995820 914792 681489 763500 770264 713487 968659 693993 896244 140841
418651 670911 954286 607751 507414 647697 455644 682991 365434 393554
389872 301809 784452 871544 939584 383133 540272 143598 864620 521302
600135 299756 425466 753360 525227 725929 623726 405885 586951 481909
857965 515073 849 505442 519063 966421 625959 726225 674995 582814
718121 642640 780347 811844 422573 658357 973166 959456 718905 332083
414014 554694 962498 956382 134557 839384 504832 350528 474097 866431
927483 34446 845295 202616 984157 636178 183053 538758 754865 632454
373015 219184 939977 462006 972425 226274 172759 611870 860803 479785
479625 353903 575319 332608 529573 462822 511896 960788 58600 518095
135199 496594 443231 272295 399976 869040 807898 899411 81906 88205
121723 227718 794062 160849 13853 388586 400608 472395 153267 190104
665931 759122 432081 50332 887243 934695 55436 252573 39848 972654
838741 518784 285967 203284 611042 704673 562367 12941 723940 240445
960848 912380 294896 229362 364734 818823 520106 332163 528576 624064
12827 644975 136250 725351 573615 730578 582665 705623 342137 748494
284389 265645 97610 332708 442291 489381 933968 820257 783466 584963
822990 309834 836888 410992 590983 536181 743024 104218 896462 556408
887747 787462 683402 782731 423418 254115 871816 897800 324671 138168
959129 110301 83408 226066 352317 472507 347669 793998 109084 964581
390231 626378 148800 540695 502595 924135 989576 553618 867941 696792
36512 463295 97283 422173 56060 697414 548336 750181 204359 579883
684672 383905 889374 913233 498660 93598 986085 211042 516170 951867
281139 721485 550379 552004 803445 314246 273297 219879 264758 409673
70349 588150 859682 706682 566647 876440 914159 195284 491766 515236
96481 962925 965099 397382 398961 964612 784727 106116 320097 608899
957008 368069 404770 920623 75364 302440 679404 877651 302549 957731
768395 747671 275092 306546 538610 697588 106294 562642 448982 277156
345167 278765 770887 637648 932895 252126 578578 733709 403945 805427
576302 329125 437214 5944 399444 489014 125406 774878 15884 425779
676338 511127 761497 799625 98632 788914 361439 419528 71472 74297
891558 244630 813986 60371 582608 958164 602531 266737 708912 343138
568104 602060 94930 926212 750106 161259 960186 516626 390451 743098
106349 629287 59233 34025 424476 988526 599628 779724 379588 976893
874735 775041 259400 856327 785500 879618 605044 833128 672477 512827
321928 703751 533749 492162 371563 139200 96229 980750 223700 13020
498741 449367 2096 940707 366081 148354 701780 66411 745719 580105
596125 908629 818293 582776 708370 79322 414898 385533 450231 371316
954721 869562 660060 460787 847679 268468 571541 151711 466003 620568
43733 314662 75854 597674 267291 251674 706336 188829 631085 177606
896465 455927 933255 434408 878430 308189 830798 599219 746875 611940
938547 537141 695965 736611 664726 387071 678095 292778 70720 925281
799061 577992 511640 553746 980139 923363 598358 837876 512409 832915
535938 820161 786896 694133 383162 262854 615323 818555 487654 993551
756000 368482 738981 803707 154111 617878 694990 238277 596411 628894
57453 756136 770827 427508 742279 519194 237739 49104 888165 73152
178437 291905 693768 832209 132296 29397 948518 437612 190183 119034
843894 116252 424983 528764 706028 235110 329491 39463 346072 557878
287865 552510 918573 377192 606983 553605 822700 673842 536534 368947
901015 530113 757846 281738 756561 219125 101607 452404 867936 166534
777301 827022 58220 76330 733866 930227 685742 459724 663073 25761
913126 968479 52396 75293 439840 230886 184253 893001 969749 271403
130620 414426 383314 960885 923847 129041 959286 960227 432495 342206
626101 912555 923479 693143 901576 396824 479203 921703 505619 447926
141280 518576 882532 794660 859291 305960 634896 213421 818301 838389
725704 192890 963199 18817 723857 529413 799034 320925 556373 556246
346254 971508 208714 221237 717135 777515 730408 770265 704893 758745
311089 827366 554120 482452 564061 250213 271250 229873 262134 242496
873440 40919 410058 92509 561809 564079 362202 627960 618461 801532
993996 854195 398109 670017 156233 12121 5594 171243 469715 910614
72817 182721 915199 75299 274755 558770 184501 288039 170982 664945
741457 95014 689017 145818 824285 129730 428761 200040 709365 492209
913778 911382 348280 994090 207490 781328 265389 30628 616681 957460
733600 614160 962091 579616 362253 696362 507459 493106 654199 547450
145364 147596 742945 328358 830699 502287 745374 178839 692595 55981
774583 963703 634399 643550 669758 914709 468189 868731 466295 724733
416539 607699 826104 77404 925695 360196 193356 693364 11704 822949
510438 894001 369797 134580 510273 449381 620283 743917 858240 651891
203055 532673 753390 769178 508851 651558 708603 410186 290150 428293
467230 688442 258465 637188 99998 781773 645216 915684 817624 83661
514709 14809 323997 728998 726226 297092 934949 319030 506001 279405
298235 102390 65319 927064 339251 8480 500229 563829 935956 512657
136181 613235 261993 823709 662363 37673 898733 305801 301202 214158
15923 427865 766621 491763 643026 180816 577519 40267 576635 382709
264652 66074 952783 492489 238263 314478 346121 61299 37259 991492
870069 292376 402867 658901 366556 804455 90195 696481 401055 797674
519403 30916 716541 454068 341826 925160 124903 87508 765400 603578
377656 446802 231871 66124 763518 607077 35425 418343 713872 337081
481026 144372 269122 640958 411680 933967 248299 955032 1296 376593
709959 877937 308403 835343 457375 784133 306775 533598 260291 441709
154754 8348 834097 640789 240286 719922 713643 799193 715888 599633
42918 794525 720638 851408 211879 478646 281103 369876 961332 942421
86015 162312 393292 633924 837580 138665 371967 581584 528494 626691
894876 385502 231500 739272 969874 423578 902879 518257 777983 572801
240672 62671 415931 612703 371100 824673 69838 479901 545774 268540
325738 252314 986589 585381 363118 903796 895887 95661 775971 475904
116700 101716 555632 635397 612489 942785 222390 375441 953074 605194
781483 656368 613105 770828 838917 424261 128987 625774 130443 296804
843426 895662 382354 845714 541985 560209 86292 468023 630533 620900
505187 87500 972327 464973 800376 794597 155344 193631 507532 735968
650926 632039 388077 414822 731495 579291 384683 9175 10587 35700
901497 881467 270841 703609 275249 446492 292763 307660 240447 816946
767994 430441 30059 797369 432635 940684 324813 842280 880765 672316
745732 311256 173478 391348 118759 363366 833606 570422 317549 889582
89852 664138 264946 455574 267323 69436 892516 376912 239555 584472
745061 236186 263676 517564 236120 731261 62605 373706 446079 612791
194330 287516 181219 995897 208206 875699 869974 85173 339099 697392
671773 384521 624766 789655 919561 474030 632938 556083 23028 411373
516237 202480 642425 901997 71034 915587 244069 600156 681389 184556
834643 277229 567648 444148 234344 719801 277000 317223 255188 288617
717977 72048 682992 313455 379838 139005 344905 974454 469037 665127
630456 476103 781559 622201 191908 49662 781730 734566 314117 821819
270528 363026 916887 64350 141397 531591 161101 983984 914601 81842
739672 467898 326589 232104 102529 996803 218267 920751 57784 45007
875355 214264 838866 842047 398449 762501 318125 97351 111667 203330
402421 460544 505316 203221 29429 522002 375055 961931 723664 502071
213203 70302 822392 923408 337622 882863 151669 271051 898471 590117
424815 687629 726703 733197 446478 668323 710638 204405 213757 848111
755607 87196 857032 957837 243508 502700 723369 512188 314205 784261
298802 760445 418291 376058 441893 883951 557929 95504 637751 535176
656509 637282 874646 212174 134459 607390 37019 30849 859750 619191
938313 455334 268119 817132 782738 167830 914452 232384 191597 969045
143872 218308 189206 384066 507203 355404 777202 641507 486265 866623
169333 362643 406224 326530 51127 849883 397351 180713 937903 660918
558388 761917 953754 115224 247012 155925 43543 409450 289801 136937
12962 928315 467788 226698 640630 982784 584520 783288 308326 577427
952833 31673 654153 565783 750498 331160 757768 912830 515900 85188
774790 133877 879219 885110 29501 788284 522358 971877 875824 35143
633855 731266 532808 114176 472667 840810 752609 570899 180231 50823
374752 935089 562782 623924 290931 63071 914559 677311 958917 976596
194290 624681 514753 496564 844493 666982 657866 110898 24939 826093
378572 631917 611041 659489 870890 297300 260722 839678 620921 20591
955563 875257 476442 16728 867483 627438 71675 354422 816303 544452
396086 248652 387139 166571 270198 705227 645416 780457 707645 120979
510356 172530 604238 827856 938403 169391 337061 809938 615344 13592
581918 822476 657907 461082 840096 602004 922308 170307 474813 856505
946237 441886 678183 732078 913311 168680 95886 565221 828332 658635
642131 684578 194160 882147 622468 726489 608696 826795 535211 605066
834275 240029 56294 932391 129944 36819 478387 320291 481565 410764
403033 162576 688738 185543 224437 355287 377749 240129 818153 879576
973283 787226 770993 603373 949792 740527 869708 642394 702883 673710
756566 923610 153803 456004 586161 423808 769809 437326 882787 363343
510652 78228 718105 426731 722520 927954 141545 977351 874150 258319
162945 487912 519235 733564 885088 513257 968120 904785 308449 317861
788992 331881 225781 868413 165992 560948 317868 798990 734404 678816
515282 90587 558067 650269 587151 425822 611797 970361 62610 354823
604277 83713 854529 767102 330729 977134 570692 253977 368989 798535
954236 586974 602526 189969 946222 992243 50173 998183 777223 23321
42903 813486 640383 906036 395260 676562 332924 527329 458215 235638
216653 863507 935963 753451 358712 178343 146024 976307 297945 994143
174411 928695 131318 484261 184910 305459 824139 808509 29278 163394
147366 658900 67466 242438 405890 576012 755802 268183 72188 803094
86390 147752 939016 544817 794195 275686 998156 958138 122254 972524
814628 924867 630790 263943 789826 910081 272668 465488 105721 962971
773610 199719 845422 860709 879325 677707 677705 799801 360587 209551
824953 915584 669130 971831 86811 849132 354535 470147 342996 23511
744127 183374 303716 808127 948436 291797 755393 190359 457890 564439
638316 613873 940757 833817 676063 263859 444654 725294 860995 439226
162381 890856 127564 38057 238706 783367 522423 728477 549866 459623
280018 135423 794741 176284 106311 679697 364029 908528 191178 448379
629018 491378 824052 873158 230239 269546 225871 188565 202493 756725
653161 37600 764869 147061 924274 933991 727070 512426 8103 692402
262378 775111 61461 410662 982552 590897 356365 575242 724765 271754
297641 249362 815459 287779 801197 209202 978925 296037 92856 603352
260281 858446 621884 870395 816748 798343 702653 970235 373616 139988
630858 419793 727138 827948 524835 723192 930821 400381 208662 920884
898764 469051 627009 871406 346955 347213 877163 850190 560148 719516
326994 57377 654526 943084 142687 50024 686465 731434 473825 619098
425481 473517 483624 732563 643650 698144 316187 112095 422912 133290
57730 255223 748534 351082 480456 20794 733591 186738 355771 95095
951273 935049 906214 540042 227687 837358 116119 592709 311524 155397
508056 229463 492080 248388 6643 47322 345233 537622 572893 288748
186167 739978 622246 836097 308698 940183 361527 335313 799881 721269
584399 379914 55297 52318 451224 444570 487828 814537 268495 968799
224146 998331 795408 205440 931342 168643 577005 527255 518832 230205
979199 397643 248831 289954 891153 368917 199372 108065 399219 291947
721028 797345 718236 852009 781081 155287 231926 831296 750477 186731
523658 382370 421289 508592 957459 874298 149541 252404 995530 228031
579826 675915 267760 876166 71795 190304 542117 913020 714188 414256
726950 414253 197854 437483 563249 742651 90659 790863 73319 645964
936613 600217 567861 167052 287596 717374 567622 737737 884335 184106
194775 673284 629352 560060 829698 785687 977580 934126 559161 18847
517589 400322 948147 316751 977293 812799 179317 651948 988372 509360
340510 937801 587830 259147 168586 57284 544862 338410 8669 423444
172728 775648 277119 860550 435705 689331 221034 750193 945327 957824
555682 775949 221482 299580 991477 910703 734630 858768 71734 764533
981711 53278 839613 686115 775173 568251 545253 962446 24132 398637
646174 381384 590012 440120 392067 140415 48034 822667 463706 401579
944064 668633 390199 399285 504818 24345 407052 145076 666435 942342
942508 70926 26881 361109 891140 529575 49236 4471 774695 814350
321299 628859 515294 807036 602330 573298 311352 552350 869711 681637
95963 206111 897906 975879 381734 194778 636769 997050 145938 158442
535870 522828 931992 762961 32379 649712 123619 145764 239001 918287
191903 12657 831143 903114 530763 466910 256799 115943 832294 805778
696074 582343 355086 460538 795210 945309 842152 864921 157791 826388
821638 727945 680181 642864 876279 77591 791587 351106 363497 695451
408014 318459 981336 475725 710398 109156 276971 55074 774193 737545
496701 702223 108798 127389 887574 555163 439081 680406 996752 967695
723526 410521 417583 327315 774029 809324 465454 379453 948432 634669
794702 635211 268575 541723 578442 618207 555831 154244 792629 542622
459782 707812 178633 851500 957974 504103 636576 361910 375752 216707
141116 417485 663379 233854 440599 227920 688770 185070 242435 218356
413896 261400 936537 937211 633538 574102 263539 811698 211477 657944
93431 718502 218337 103142 201378 779246 882738 672557 549144 231892
602344 914473 592600 625076 879880 784827 449301 774084 25576 206179
885048 322902 991046 271629 855278 381414 401293 116702 233089 229533
332147 468210 640039 411110 179192 512576 723105 892331 451659 652550
97696 843764 573704 323376 565696 543115 246653 142806 960289 399324
770965 995050 847310 339918 768181 839350 589533 374585 658137 473756
671263 866071 156038 112783 679053 565390 158486 901496 385617 43734
389535 447584 741806 563909 886682 101473 419973 97735 617713 748814
73040 389119 430668 472788 396782 757211 599918 583263 160604 764895
951296 333993 67978 188978 805802 472549 351223 474925 232917 587918
499195 694762 669507 612188 534549 820098 871438 396438 781503 112583
923929 652633 746670 532765 364793 694706 217778 43654 85588 278355
525925 702994 159179 160108 91367 302220 204946 277619 455265 672051
902752 592806 343969 782099 263087 404747 683287 147519 710903 736370
855072 656752 780385 115739 486927 884875 744928 213085 268795 722945
438830 183293 505091 630769 890372 665338 385073 698813 848920 72793
617191 699156 688478 825769 950754 833854 19924 472400 476681 558206
614299 480826 41217 6648 165936 396735 543807 840865 867771 890448
263879 935311 424188 772229 625136 855010 280426 59300 98627 355006
104648 801907 283862 539735 125130 714128 473598 452162 597245 455304
239821 951167 34298 187270 329696 743588 829256 179441 774187 355589
30455 453385 156706 226003 535948 403286 717057 814247 167932 935978
243346 530981 127492 479022 123082 447795 283305 532392 778869 409349
772188 583290 24238 959775 957897 189981 647335 280713 746562 290575
356101 287238 504454 741991 827716 789930 384760 638505 69418 32954
527318 894840 923852 696931 188790 659561 753223 130934 604310 279950
476818 128452 207759 480411 951105 973772 39218 874689 826294 600890
465925 80692 380174 517355 646923 956411 647150 821404 2987 468282
342689 368643 195258 966754 510023 740855 328153 428234 531943 925305
367366 638006 298652 453580 833234 741758 493715 506702 932048 296845
778941 362439 279352 673494 521144 666524 494884 132955 628527 730574
670416 642737 491981 650868 168028 188132 668816 271891 127450 331058
850563 845678 864373 81988 340785 604807 940026 629318 140713 65853
651337 578988 532527 813796 264625 18667 434457 153224 188195 917497
52644 497382 659868 262065 802873 843218 272855 837034 791413 465555
705569 68534 726506 206292 544454 445880 640555 138936 341995 453536
128359 3601 122328 168664 330977 827986 494439 278586 668818 869911
520512 668659 779475 90327 150846 959825 984603 116688 598360 119295
235452 704258 973879 551361 115263 367700 219425 403654 620951 787630
390227 214964 952556 764324 462232 486734 936632 649980 240148 613489
279454 777044 822261 396617 192721 16352 262699 613026 529252 839182
232858 201591 960672 873586 6512 192523 995107 164503 845645 688873
22639 200738 213725 208791 194345 526234 788406 519561 699498 19065
340353 903777 990007 853630 396546 350859 510883 437875 542255 203224
554492 441655 826316 637088 263987 158691 865722 743273 338180 433999
566498 206992 284474 182813 637318 550156 72787 864933 619636 694448
157768 728472 876578 797577 165136 94961 418099 257520 96911 207303
34513 488363 736011 50630 172587 419810 772713 55557 89913 215557
226942 914512 306801 427306 9294 604924 300115 339320 694752 740400
691946 545226 835147 940365 262116 779991 835078 63735 679721 351056
430473 432527 670151 337063 432176 672037 570603 580066 943834 592599
554188 261652 526532 702424 383692 354068 434356 771579 377382 130050
590410 32743 824329 796025 863157 319988 768988 93020 969148 318464
496079 40809 448176 113558 118451 675105 982290 177110 927450 848172
131377 263305 734190 919257 848831 975038 55055 962881 484193 812658
68016 935665 844755 642544 753867 101196 756729 316677 292757 287445
992863 419105 855531 737438 53223 657389 256333 955429 434071 371724
639640 73738 506722 597672 377653 602487 497960 990890 302498 545397
628820 573051 389073 972252 466011 432630 518651 293012 853474 519142
333231 521809 749158 8596 876430 440203 727801 16044 762976 588730
927558 458862 569870 188231 731001 802705 24515 604180 440610 235516
98121 518581 739719 810913 742508 330105 491647 40931 241326 965688
963068 105533 247879 395699 277472 957215 802715 385393 422322 233118
591568 457188 848156 922174 442009 678957 556403 268008 660665 871983
807022 244141 92321 829695 772637 941646 373494 103373 952305 416899
466314 303063 223424 718369 83399 534042 280509 626514 616592 17308
851316 461357 133010 237344 128806 38037 277552 33483 134753 293073
314329 975043 582742 3337 65488 797648 488266 723726 45035 42330
70106 139031 185556 198363 941986 819077 94300 273208 408461 42509
3948 577039 580483 126621 337971 686116 943920 828953 975054 668021
176670 344263 873292 201505 678091 838173 621171 58927 976430 781403
941261 696301 439386 783568 401983 922052 466038 350284 669974 703178
205775 122400 84865 443209 459084 93948 473542 849558 56478 395477
500365 31092 685124 465838 919478 582182 828018 322912 603643 502245
251571 265674 788316 613673 315422 762392 309706 955492 328299 430318
910457 867680 748416 303111 739039 291999 767232 579502 226409 497758
74720 295706 271297 344305 349493 794449 656086 961159 200050 322315
24079 237514 778184 512863 720571 282022 727615 725849 961589 232114
713703 889103 216856 206107 589031 221211 780281 163263 285562 18858
424100 864067 635602 589386 302207 187693 319056 166092 945485 116231
486608 977712 717884 976986 574536 485659 569645 378583 125567 113122
559284 97347 355880 685408 49217 380038 229949 112206 490606 726067
227767 519617 669275 436072 422627 660659 80166 361718 708129 899135
516298 892262 831508 422861 449768 258843 683948 346870 734311 471696
210373 633960 120220 782531 34293 440300 935017 465092 634538 362949
874451 170239 817173 775431 412640 57268 56866 559298 755123 578293
886594 471763 384693 300791 979907 100540 319470 208020 16189 624808
785250 22823 657165 474188 249119 48423 643608 907917 423007 95849
387037 371942 578727 229415 587424 858831 9942 622991 493412 534450
358567 707082 816974 222588 534643 396490 190293 138035 884446 900780
110383 326515 35249 63276 52026 869304 707429 67823 908383 90087
321834 388147 760096 767969 543942 346938 595540 474200 822264 543168
138311 164304 505606 493271 175611 284114 287705 649188 889769 254549
321169 245099 50161 602514 183648 807837 865248 699799 891668 265643
770052 432566 816919 886955 336731 326683 928545 828040 629636 356945
881277 931724 854999 813911 412665 999107 364722 469308 437505 36773
184728 942041 380180 168102 571049 910322 971073 300936 328282 386037
459234 674093 587435 330634 142816 898634 343945 529725 79832 941581
766804 14639 87512 431590 236313 609229 867146 523855 626479 53903
709016 313460 523455 579563 180729 318907 77364 16567 319288 165733
885637 571478 576254 598762 337904 419348 935215 766872 454064 641459
63933 504735 771395 80644 759447 96029 132617 292406 17930 683870
760471 209103 570195 398134 500528 420622 964659 993696 185187 730946
417211 614904 210816 879652 909648 334506 211577 37227 21997 787590
502503 712585 79511 789115 155597 749099 431720 637660 964068 173556
624548 462634 615659 57642 497799 912231 498906 516297 407263 313605
174890 782934 354691 198059 909012 570043 385538 758353 794520 421556
275116 345612 483771 969732 917269 44302 792035 450519 463671 442304
637991 284462 397314 129126 507998 159261 907975 572208 728987 870895
552390 614054 115234 459697 63922 499560 849760 394113 993310 105946
697479 166625 58743 22628 998322 304312 933896 847652 194694 439136
683211 541829 505561 721345 909592 31855 304051 324777 654709 667652
755378 322287 43175 352733 369628 272197 942973 5239 294934 761301
693536 120120 50794 166517 376767 713749 764237 495363 834112 143709
954685 519576 653282 267024 914322 683519 25604 584804 629481 67170
961441 949939 731809 924565 553491 775063 807854 166504 989309 869490
398235 154533 363061 522798 341902 804906 185322 555968 719763 56881
896240 342595 752810 391739 874645 318935 138483 237657 418591 30320
162675 753294 455652 192388 917753 641309 204734 142343 254536 449694
493712 277719 902531 386892 744139 616875 187249 803938 50611 587088
924494 477235 236626 246845 768 976738 189844 794037 762301 363748
376124 912102 859622 374970 995902 516835 583305 131785 877875 579973
952759 698235 146576 311958 350516 542034 626539 639014 476789 585849
184745 681768 708821 557161 298768 337990 17910 725827 327377 189393
997497 497718 356308 367663 411776 266806 197782 826288 681577 620888
804004 774278 987515 57126 144215 690366 348830 415981 669994 325196
281266 112792 233612 692408 426063 687142 662123 660403 117939 683386
673474 700080 603236 626063 901906 169081 492501 978123 338722 945511
532703 289753 662593 432764 234807 648492 978256 512947 847117 388500
36433 127457 281869 139129 381896 439469 225394 871519 128218 735793
959123 361515 84489 784112 432373 821429 718613 210786 175577 638015
582867 429447 801902 134360 692316 7283 205897 928492 619502 593878
813419 876372 838998 413554 695665 602110 377355 543118 670166 24310
145981 423355 4809 448836 481241 617699 137007 67662 917266 985036
381769 197891 926165 640276 246178 360279 284938 323844 780291 575430
523811 201257 111640 426990 922809 850980 504519 218335 623584 16509
771426 311939 945480 19939 819066 593519 527603 304814 958736 752167
418741 698990 796062 633951 995730 944031 265651 503607 776229 499572
300531 785462 766603 168341 12739 231066 144464 698304 179177 827830
540287 101576 326020 631653 240789 986233 933140 4003 345669 363674
794359 783870 855135 162395 43771 599149 438291 445701 80916 277633
588832 304531 421550 163553 505167 654816 857018 254063 155232 904057
563769 213799 193248 110094 54861 652365 125514 164416 715751 590341
994687 677835 989871 165557 80645 612878 676763 956634 123280 525576
719311 58454 606255 538986 796752 598622 200389 390303 714761 595365
795824 348357 674683 305606 784061 867349 552267 875123 701821 972943
546857 694547 931857 620234 986747 401229 688138 579515 49100 733646
123635 67904 276542 403521 234275 234271 428785 200938 469394 394542
544715 506831 844829 718042 875805 208090 649167 38506 956079 761276
641337 507457 980772 600367 108250 731531 949276 323009 774387 261117
640491 100302 898528 63815 383194 422483 803452 967644 806127 405284
12531 729782 296776 70458 918741 895650 756837 113721 627275 442529
833775 227010 357603 15421 576188 11768 295069 484900 457831 671910
740194 633662 992644 7504 749825 779583 648420 511092 71126 768626
460368 581286 135032 734024 392645 492219 984444 446898 839810 110371
65852 903374 856098 725385 42750 825836 348464 829272 396370 707651
529174 307945 441008 911926 729225 232508 547127 665587 570677 752091
937748 813675 620611 48581 717197 863944 345699 915513 504800 783968
599185 307545 947822 928286 418269 176399 500300 353568 580298 803739
564394 289909 516588 183118 463590 822367 596774 828578 831363 304557
756158 429489 873992 92118 642127 791698 500570 200049 562460 240320
762563 105739 649485 808496 996745 795782 934224 931312 292503 610716
100193 57978 679354 577261 66487 83583 870559 608111 236668 655236
740810 399473 270968 356041 610129 692185 966939 481455 230295 430564
649738 821629 419789 572022 244493 746609 426044 247756 618783 927671
398602 99227 985635 232960 596501 550776 273721 613791 129652 710058
164639 962853 299654 980492 300884 17577 616736 880349 697251 744009
218088 92708 97067 139711 776379 435567 230118 74654 475067 420191
506777 283661 691410 375618 801213 674741 610786 899006 332913 420058
638627 828914 975656 411201 451994 971533 424798 532005 399939 237741
827401 133393 769593 496143 474724 554161 600264 29862 527674 894366
120926 125757 831472 30884 998477 692489 815406 907948 803175 128316
388923 278293 176863 751057 385220 537234 295294 808836 928652 622545
108081 543202 392546 964736 914403 330856 565399 919214 956823 149798
702311 949144 311724 741649 399755 528810 2967 340102 257354 219409
329636 481301 643178 762105 775280 170697 477746 772866 900278 700171
294185 320951 902792 822229 385641 524519 744254 210906 756037 346042
164883 923638 47218 259536 233189 341867 468626 466180 846538 493229
262951 17786 466219 219815 716023 180817 846872 415664 474827 450248
829793 729057 825107 534049 423528 6986 806572 236696 382071 582883
545834 813775 331704 701011 526180 394586 703792 509206 237675 728620
998172 113372 784242 514169 309335 130261 274602 725199 540636 944766
701284 413650 647965 120732 691627 554343 716551 747012 303450 830813
743640 609370 766614 782093 597825 810219 58478 182063 244638 981798
333797 71509 641814 327232 541502 913853 409980 167411 683459 645080
848581 784617 178031 58191 97341 805949 209393 676022 152919 216454
561681 343600 993492 874378 749945 232792 531532 398136 116223 478477
440396 557183 620684 102559 897076 484094 430820 927664 851402 617838
181383 399646 788605 600839 567483 568841 726955 241261 84893 750419
936213 631686 57474 500049 747978 785039 234410 841557 162223 305573
243703 823029 888203 61752 736077 207058 592813 58689 594725 833713
75484 481673 183860 370095 54105 855902 774189 2001 382982 179083
184042 9403 324200 484635 721573 110023 832603 342497 410956 648273
25607 493300 978864 424070 877291 664963 410557 898688 175522 590395
774881 947599 369755 301638 56550 588954 99663 836040 848828 576749
415085 923750 240091 634842 315129 891225 453884 556124 245406 427780
656906 568275 185617 772893 622097 411704 152165 327388 938821 482674
985584 495574 708705 867594 194873 719095 96064 430374 402994 883127
4150 174510 986143 283024 339964 508148 465432 824542 617992 352464
616504 285208 369747 427360 725531 426373 943563 171683 531340 848808
627229 844055 477154 605325 81819 63062 22153 621798 794366 146507
870494 605093 604337 117557 70533 937088 788686 789482 682730 59460
706496 185367 460216 273411 714461 332987 417912 875108 955470 961224
130958 800488 921790 574371 916198 324237 532915 797149 202611 316986
68193 777066 836729 969694 552450 825673 342911 744904 540413 972362
66601 154273 306017 273728 296755 479391 720578 692601 322456 829578
548577 169026 861046 634258 984692 876202 760883 74630 460242 547861
349395 713367 297721 813461 477 45699 106576 979451 173113 908056
63569 650918 336099 731137 766005 693406 468006 553996 338942 92627
738388 970852 604913 389900 773343 189842 773636 825371 670096 861396
761192 505593 883310 503738 520310 795813 841281 950972 478050 973371
790601 714167 986896 398734 787373 687476 374633 560826 783525 718016
552612 877685 455970 269420 545119 610603 616142 725076 655248 240083
947733 360212 321595 639264 364411 189389 955817 147932 86912 981119
256890 427005 496431 833774 608737 434691 173391 983959 333537 222218
288603 901554 858967 32070 898765 312158 144691 232791 69305 364414
437905 706947 653972 587441 761911 764888 351857 932916 559904 726645
935137 882913 410257 192146 451700 522809 640981 532828 349115 859504
850582 503254 459485 776901 109393 815161 796190 570438 479175 886963
871098 479264 869143 732266 906479 460384 439464 356274 661737 313391
438875 423689 87420 568467 512394 521960 213688 487880 593101 58325
971706 867931 101179 399788 876567 784658 716937 958784 551854 784380
509442 567428 534640 363841 361389 21785 227304 295504 699700 605134
630203 479472 965707 753660 22938 84301 925570 277004 127271 773633
719278 632136 495440 619499 939461 639160 56497 859883 908524 893525
807081 206405 389732 600262 210561 39669 989683 907360 901583 513535
184970 350235 449370 116004 933881 812423 715066 434006 580076 288731
646900 988251 679555 45654 363595 208026 279550 324546 669391 961222
503939 159434 387177 10384 541479 171479 185684 312802 753394 948367
260052 231717 342126 128396 603702 708246 939541 720320 689652 766049
822349 196183 866197 571687 69726 68478 52503 15149 933332 538375
371938 686162 246238 286049 492762 403833 242112 958101 253238 656617
76256 875034 486000 34084 241681 261604 435565 874088 55012 16153
107049 227292 521329 160924 486556 34243 509990 595382 962257 25673
977643 394729 913055 604671 276922 915447 801688 625624 99983 151961
505296 32997 52916 916026 571439 707210 879264 289884 686080 806954
110141 219943 94863 342255 460166 770737 570190 197554 819743 98230
584541 910382 920405 825898 994447 504161 183983 5172 937196 448714
593928 548885 929879 421375 413217 91404 485748 692286 789483 474383
769315 503479 55675 668280 183200 421350 823243 289682 634950 989093
554432 343948 176649 988716 324972 407020 694643 547668 403097 320714
330644 933293 591016 134539 559037 466744 127272 997342 364194 573667
314446 44941 984671 196184 291314 611865 536758 257237 185890 805610
709135 527711 496702 918275 591105 796652 32263 883694 905918 429717
700990 584544 142883 18779 376223 203430 413196 422581 998934 468527
182883 173171 392818 431577 430323 979217 465346 611221 953355 89306
36807 789962 573943 150996 702781 294491 214792 82900 940442 936162
738733 359992 252458 201029 339712 4881 782286 566131 86378 563849
108396 804870 17684 1081 593587 74192 20404 842017 961539 750682
724774 198256 233531 234190 423848 739932 705199 622200 120038 551326
666131 910791 37030 345326 231165 589600 684020 805474 465950 564278
679165 240932 698832 525759 328379 589866 481121 229373 51555 285644
916879 342408 609606 903515 134155 965517 42858 68529 877793 240915
476833 960204 844885 573983 987827 59596 554632 804602 495530 281622
331050 394266 627602 343971 742173 559880 884881 813875 216341 680174
101868 739587 680025 620532 356322 867366 169791 830087 462366 321277
482710 718179 28180 814204 289987 208907 149088 548638 534139 540240
582232 200832 494449 777797 365000 962270 52933 73888 947951 273787
37505 499523 539458 541058 57253 338249 507670 240906 32644 643622
751911 317617 103641 164772 865663 758774 876594 709821 99331 537270
794218 813948 381660 709803 997210 431903 866824 693463 143639 655574
281674 603721 514496 823621 217180 950135 842095 775645 379950 813657
768280 335128 329858 680178 505261 656663 31433 106206 532748 208896
778471 998622 926011 967436 423299 806243 98358 937927 896064 829217
402674 270307 94894 963280 531136 132106 448501 587769 578041 394635
769262 649032 222096 126341 721487 759065 293204 419195 981733 425227
883824 607068 901336 117995 62837 824684 790120 850204 842308 396774
702587 727041 634185 235618 723147 96644 174957 453973 304640 594802
329956 132722 860188 333085 883094 386794 858296 886181 847734 573108
20197 299029 658838 122703 708927 16530 926201 988767 725288 526275
741147 1106 561617 336609 514845 192347 185414 241422 412809 965670
405132 35011 612058 812195 773800 745050 330769 156449 538929 581756
883921 446798 359962 362619 727792 64517 259708 480739 362759 853357
140215 428796 712959 352687 600087 157648 700746 3505 184548 460137
104591 523054 411653 981160 523842 565465 841869 47647 437632 728482
304123 568680 782119 726362 630798 806922 881425 841089 719042 787920
872151 8302 845327 656641 912433 440329 137634 55901 484029 265898
616916 32286 289202 727652 294272 988843 699308 425671 497606 663011
851633 848773 609003 854336 606915 48053 976617 115107 120791 270542
112715 714615 835388 26349 554414 821522 578205 555306 43019 740873
121717 168912 375814 648074 95562 459087 246031 875676 141556 292129
77403 735579 963838 484251 267877 784980 969822 76567 966719 626787
45821 123107 892272 951472 248687 963907 517132 273173 103956 23363
170107 76179 984443 627394 755853 590204 608603 163502 361806 328759
232087 240492 26787 186214 585840 827222 696843 154364 648541 624978
488201 802211 782713 328230 37599 839016 203851 728191 715074 599792
341027 297794 630466 379266 318873 918044 573094 87680 558389 134544
772624 898686 130037 378757 904296 331228 461061 175338 719119 346877
699511 726417 614139 27568 887803 165861 429550 106996 52500 521180
684293 834229 623077 102545 484874 498690 75917 914872 981221 328782
279586 393808 146352 487251 171098 131817 813286 717484 655636 372338
14431 42569 846513 842673 833930 121635 877308 436752 691829 738123
343021 53969 703133 151641 324848 597906 531732 934061 189316 306960
316044 643294 130777 85348 986551 989026 360880 272667 395169 144014
592548 584397 947612 264908 171157 20052 869804 564649 243945 297495
440742 464449 218876 431884 458805 226106 318261 671028 933098 304556
81345 400997 804523 794729 615482 804119 577151 256225 106474 355324
745880 133985 594304 739130 489483 880356 901989 147422 670045 705760
953622 768952 218683 293658 947027 83452 685423 613548 877389 984243
631541 405977 885239 669770 679578 769749 354972 151848 649133 880839
105276 639051 734091 446277 111002 948453 407752 62771 115667 510500
737895 455566 45472 492119 998611 412621 457588 192548 103407 862788
618627 743292 752361 854616 444110 419724 655796 234752 629289 352618
415481 770119 449846 750775 412350 932835 624212 612416 365895 994491
642961 62151 149585 352597 420132 893344 803434 286991 689922 99712
556932 734835 300370 108012 899248 917832 314714 73299 426570 431243
328989 528178 534636 66726 211704 784900 638566 920477 189663 435710
353226 10283 855170 43855 245381 954646 590519 33382 627759 931223
943983 491164 536418 572769 93878 45346 457079 283557 838664 726138
198330 63954 811728 858647 20106 191307 670384 780089 540809 122855
10214 747761 488542 370660 367925 134329 721831 604448 186835 898876
861159 762314 601077 350117 59109 921812 271172 994764 76656 862003
916533 384228 771659 561153 35968 169868 757012 827462 311138 253347
668027 797548 381906 265141 797099 809435 542549 24756 180738 372105
383947 677906 79025 687899 877521 110321 540770 554174 646115 337594
984090 103245 158375 196397 178926 894024 218406 995188 251154 797652
75583 8497 195053 827801 745991 234406 108949 565363 302209 679092
957863 889911 625598 864892 749121 393093 66743 493557 119151 201277
200442 502995 609857 430025 718997 67658 517112 705325 453088 320701
528724 549271 719464 877536 277803 349736 418314 61714 275735 708784
103482 476574 28751 845778 977604 453937 928255 991881 669725 687715
334450 309797 686027 774450 287477 15888 857910 884636 893828 244328
199485 535194 531027 105535 364353 792372 697663 916334 65915 651186
977170 96690 691494 137087 885373 529552 144780 434190 633918 308457
802651 588136 915867 941049 766105 213979 30635 514964 419335 67707
242512 10054 160540 106699 56068 594092 613686 319608 650409 886893
368882 498594 873089 595094 666068 267106 146958 461783 678270 667441
246244 740946 161079 672185 599222 982186 703376 225906 603536 986346
873490 945127 824499 169711 912092 68719 180751 770112 12411 604379
551280 874754 80342 374539 548132 735170 116728 446467 918157 672587
359087 755432 924523 560303 726834 575154 418203 158621 303223 943089
374040 937767 426757 729375 672556 713778 88943 121749 83232 105251
479382 798272 766948 983996 672568 443500 691859 768235 951990 976831
218210 63199 791877 700948 504864 113804 109498 23907 481269 110101
400008 205820 882066 125974 505392 922043 476426 546068 418248 841152
688400 120700 133810 316671 850810 604852 93294 859458 520773 955754
75008 204668 545429 343611 175753 28682 615646 998781 327364 345783
845020 224258 445560 917592 127352 198515 381211 142369 261639 983488
928357 618610 601334 948851 761798 114131 377549 732657 270400 59721
641164 67060 605303 176177 364639 445143 727442 194088 982249 95362
454295 483971 944597 711290 529426 741759 154162 310848 336602 707483
99966 249642 635153 466020 901962 810635 876969 328981 880447 476972
945933 606071 938773 223764 595142 246231 614861 903001 700127 257380
267807 220697 834106 317646 112595 350011 339845 19757 377099 946200
330417 35963 136136 127413 166710 211889 463622 340036 799432 189335
51509 413907 992800 437475 985759 277701 891022 540096 166847 251927
771578 589605 223453 546058 24809 407363 866329 978293 610717 32372
741239 955452 303200 928666 21878 815375 232697 625742 924507 832653
645271 731407 590529 565072 525396 481488 216669 812364 897257 250197
684760 502444 177572 168582 853659 106437 394391 908734 200350 862860
902568 651661 952225 366571 713644 976072 159125 261734 661920 400379
727629 554761 176348 424506 360702 548533 515184 520152 135084 940988
606521 535477 590467 216563 159874 507303 761987 335809 744148 827477
998117 390062 604209 521461 633986 828010 775876 841626 758922 397421
378413 179901 465812 828674 837152 356724 461235 749932 172102 1642
439483 135212 502768 376739 320696 312446 293976 738068 956975 484410
124703 22383 55054 387514 523647 269944 113120 23778 975740 177801
850702 984584 242152 291601 616730 679774 990919 33020 408276 377018
860169 352481 89158 719564 57407 278332 7411 89193 10814 246014
333758 836548 658410 253639 956299 810351 133942 526726 917675 235053
99444 976355 59791 646761 606123 958174 191606 713599 230598 159509
890813 799337 999830 643525 326349 869031 259955 517829 519999 440485
491889 35144 104828 855550 905402 797115 816038 292043 637931 515984
338914 694760 361531 640176 745865 75143 41056 196102 188373 637680
200412 729497 24767 205799 668411 460800 293471 417442 936696 265588
497672 526569 235351 442154 843590 922717 335140 830568 224472 752873
191244 787401 407247 276984 569820 315093 544631 938236 415515 334464
681276 663453 751397 390876 825897 498623 661029 796569 909330 326523
929212 59049 429643 509408 36030 444668 627766 222793 353372 815709
165674 180887 652813 226200 802682 986643 434297 21243 717794 490731
348300 605231 448157 393612 867216 804343 321313 111010 971101 356747
411099 217625 460265 163224 993157 564999 88520 183443 955372 701536
885371 664781 876082 54809 919056 85437 242171 392467 1826 448019
723383 147042 144191 327064 550162 882891 495775 277048 418911 754878
925771 763723 907926 426981 816961 919717 418814 2485 902202 972979
717229 399909 998757 570610 372296 443636 779958 999638 472092 845515
472375 270210 223109 485893 467376 163296 306332 130546 347237 573730
87515 676664 653069 808586 706062 119316 41944 570563 6355 520972
864468 505793 391896 800177 997255 92878 118773 191824 624410 267676
305069 132110 889055 696951 385076 334046 177866 339823 493498 931836
683438 553574 717591 421108 984646 308610 174596 146568 402562 502243
476569 677487 245017 65263 863662 943122 184344 853448 709825 595352
549951 833688 220581 512932 470579 358731 827821 103629 589376 750625
447058 331849 989610 583149 319204 491063 687301 983605 270830 971875
197244 406018 442779 823576 327468 638394 598684 711266 112839 329974
999439 802264 651630 752108 950823 911021 362285 241566 327774 392661
229602 611282 290193 622732 194561 853811 445126 334118 197969 681680
304857 771344 860155 155812 889790 603386 793176 375308 7592 848635
515890 204778 615101 501847 366682 686690 903857 560710 782786 25836
687561 990769 437873 492525 739018 297976 446676 675463 538732 227660
886689 710803 185812 818006 35409 562606 422589 638312 246236 817329
206703 472688 498825 587474 788385 357985 450987 779903 50301 173924
422877 734363 962531 464270 18135 995999 299380 547620 832049 143195
520783 447060 109011 676996 132472 210795 833945 148378 387738 989522
62039 962628 524380 371111 527142 759636 647912 558122 267729 508641
82633 399513 695079 316812 396402 659411 299227 138324 844173 593001
631489 314073 991899 984928 61648 933470 990879 731279 736509 52681
742421 599297 660608 358060 127638 621802 801304 340315 602512 6691
293301 442967 16541 959175 982004 678233 867147 709560 171501 939163
578688 306916 881983 706815 645730 928455 304471 490441 928916 750530
144404 645952 275507 973828 409288 415951 131369 185382 156041 287748
569238 79721 456924 570977 785241 958745 927045 811590 511600 621643
565354 264736 452258 136669 355628 722595 662505 361767 836853 569630
988180 995844 564375 810270 77501 510506 849645 378191 943431 340530
380861 472164 234444 873568 353495 364270 165599 987418 560817 162857
796790 984745 498579 206747 79695 502249 33342 485778 997820 119131
675372 312718 333845 383050 258893 79118 387266 983447 103625 616890
419289 368489 396349 368876 596768 207015 85306 346906 257345 710428
659758 711434 847096 182580 36883 559498 998440 86771 391082 483854
24586 355416 354801 371556 63301 819376 555344 364380 882763 655712
850592 551583 823428 865175 193427 672854 100966 761762 796549 18060
507283 74514 259884 724748 185562 771123 390360 430495 882053 849063
298424 121764 309488 398923 235158 737034 883316 654873 936310 220639
48524 458556 477905 495425 419284 16772 887478 471651 503532 990653
613129 347551 189648 433666 378011 968009 167007 557310 835511 727520
469571 74054 814093 125014 877731 28039 757132 672172 937941 192405
650188 247903 457283 506727 270071 895663 345335 44410 248959 825814
557786 922843 869536 478637 32714 877469 605298 778014 301267 121347
827435 357062 919477 171935 839579 897689 253940 466355 293165 315029
611308 227548 406812 750294 317391 328630 744835 490159 794616 718086
185863 896457 675099 211772 740049 895070 195433 598963 687829 541292
271989 182364 125420 109056 383659 170416 290090 414382 607671 159077
221620 502358 24331 301406 959099 563705 343669 720615 504508 43754
621648 33138 226427 364934 475112 553173 660456 690698 680799 249300
568274 262798 783859 409714 625048 533293 963382 156267 554553 979571
440031 78845 964868 550068 320936 102510 530729 725899 633237 588534
637082 606385 444718 769939 853198 99263 225043 715172 978835 148785
734723 586858 127873 588307 127373 221490 523319 786903 786709 469286
320812 365424 963379 755871 513246 848679 90780 127485 605782 831218
310564 251772 321431 930779 769491 87486 828473 652673 432170 68805
408079 144850 12470 74320 271437 926310 207808 338992 24391 287497
197021 433556 358911 241715 754392 427149 719480 746614 645113 53789
209742 29674 219790 153452 658449 136401 538867 872228 174422 901902
157278 373095 624752 699497 956392 166189 902142 219557 526889 98485
853873 880072 888037 15416 993057 240168 290529 592378 77028 964671
185090 442909 816157 881978 716997 274365 748576 650377 730103 320384
875541 154122 468435 730898 366403 716279 114582 387 771148 409016
966815 159084 48610 572675 443234 177230 90414 445320 570623 436736
107848 223500 518567 183442 778510 376864 150382 554697 966908 661954
680321 926873 163382 981874 109334 179481 712999 844818 411404 866089
773927 752739 430133 561572 273289 218220 489685 42311 871087 584762
365489 469827 446937 807680 426712 407125 104231 942627 25008 590956
514916 545296 418159 596836 862280 737839 343180 265130 360352 181440
574178 923347 62567 983139 788333 200806 655169 294412 907453 435327
622351 542710 127321 686815 661439 275747 48535 995855 85476 784872
343477 553759 44986 330892 590990 642770 862851 981756 986948 893911
157743 889587 442633 322473 587256 307614 322759 361721 387813 898771
385427 941518 337470 130819 832880 864547 178413 9158 339729 680986
515806 342228 868470 207958 216696 419239 329228 868472 766497 38152
234563 323711 861619 420799 39998 839709 95257 44121 763709 412559
997329 663008 195011 34301 826655 145001 387314 732537 798002 35307
893060 531852 443103 643340 604746 716701 364452 672456 178231 575245
826412 728236 387131 806895 861951 388554 233182 835647 608691 807256
880781 257947 696483 180908 299146 896807 120568 726869 987859 922277
615006 977630 613469 138956 48693 762676 7882 272126 603568 369875
508011 898567 532282 616493 365699 907505 88332 231648 446962 488850
722616 746067 817693 160605 761287 508118 72583 577572 378681 942118
245752 385413 287184 115357 492546 89089 796329 720702 395256 42777
647279 861530 986369 890126 186788 855457 493113 116557 626383 7228
931645 335714 258145 384776 11010 214782 675988 550047 462277 96191
450758 387081 665039 576700 401739 156651 14742 963860 606267 923525
493618 214966 591414 608104 10427 618330 152834 91119 920873 615705
46757 135058 255100 480370 459112 726192 574681 453421 283965 344583
93143 819804 343475 221230 541747 936818 864222 721253 891591 712418
355661 528784 605047 761322 128428 315682 268103 380762 376553 207883
974863 833214 825555 655366 555779 594203 844162 570307 501300 657246
758291 704973 739256 145677 767712 653677 535034 567257 364098 27754
497537 547938 64649 13584 368939 808909 435023 133410 970885 833316
508910 789374 136659 188318 516401 410490 214916 737305 757947 852668
933467 323132 72955 718987 852715 403322 103550 733647 63030 732263
683798 256233 229769 99391 730012 279057 79643 116419 753737 536296
822243 514249 943573 585286 130329 847359 54518 792399 959230 309720
823413 549544 420554 641749 416770 805623 795736 814544 835264 805849
385346 136111 76286 323130 948673 517539 752975 291571 256363 880201
134859 437216 411742 165636 170355 516858 356666 981938 837907 458137
774946 856314 227900 463187 617310 398293 167262 702528 717162 116572
751634 272474 418049 703899 275367 966822 531752 229278 749466 803371
516213 949994 578589 276879 840647 894758 699630 917895 606729 797225
130367 851723 448745 525283 385205 464330 637434 953098 252812 54891
668237 165997 763744 661580 406182 894622 989978 162186 799965 91416
540088 391350 96877 984011 701052 563825 184411 795493 18568 675692
895595 503675 588211 552922 285872 141798 113250 296985 186067 954771
248270 284407 358076 667428 187952 873224 933200 140541 191274 2916
648794 439589 192377 809408 761661 87700 884138 836858 359097 876107
553455 409112 672183 322434 419266 983334 780366 757608 506014 512893
523596 254386 242899 237435 257019 951507 993926 650996 810407 619809
40722 754555 607164 422800 184379 782878 53627 396095 583839 113331
67394 535430 830583 428111 125886 733383 374300 369232 467208 604217
476198 625352 256526 344080 102763 321795 108022 204765 250824 226817
43005 909742 384369 813285 956834 188292 849969 360419 999805 951090
595944 455563 179758 814427 596713 860583 615230 157251 909256 209943
725206 532689 458944 748410 629323 676224 887414 430874 207359 871520
187668 562278 864658 251854 582944 199808 792163 26600 196609 229551
751816 42287 905855 81552 651777 747750 584491 787435 807713 28332
184855 132695 242686 50877 564376 818084 154566 878732 380480 387517
640817 764332 206757 169582 338306 134222 336156 310223 590447 628648
870953 407317 585308 888576 125569 241694 925020 272702 708984 287895
847 298730 362364 956803 88448 203511 801684 51005 859723 369854
380966 295859 621489 422063 473701 569815 829337 802044 573474 363345
246071 481939 865924 762227 756944 323067 2978 574835 687548 562509
560647 975943 224880 275121 423999 10369 77238 53277 97315 570751
550587 873114 798845 534327 312673 702210 6872 488492 6565 224151
617389 954087 692974 891829 938422 432944 929138 414200 407296 942774
849368 866146 171239 109640 564921 853473 759850 522595 182432 514053
970272 794010 480904 320769 411284 742122 658868 683583 925935 485551
362276 497490 549217 467122 369130 429804 346745 731468 760397 891546
272689 786762 366482 73831 812015 918302 517484 591255 247694 421834
461389 396566 859178 926858 646004 976440 802216 400568 228692 6655
102651 438335 832356 439135 397735 8320 791949 636527 123149 175207
114839 753838 687523 705658 571172 548543 652299 964159 989212 683968
822200 271141 382381 805261 73103 989557 813581 709418 453512 307723
768623 663448 938070 303886 379765 321040 541031 781774 474142 407744
343349 192907 713908 616416 435356 264472 831864 782954 659248 733912
99678 358412 741962 571251 325624 931503 992449 49594 661671 850149
6419 844957 332100 764474 168970 890477 721143 337194 577967 997079
663192 784665 858632 666725 445015 79831 210814 581598 361436 919924
673818 764696 435903 228525 338705 141712 936874 616254 390383 103522
690752 547506 915814 566007 82482 545157 783488 951074 435900 571792
46842 156669 397176 955200 199093 274006 830387 4151 924912 326714
737673 162669 357613 681296 515948 716462 158910 875810 725221 888543
315466 723880 8613 532675 151060 650673 685191 336539 772422 170510
529129 833910 66149 431229 809293 995775 429665 66897 299469 877173
640634 155349 911430 996086 271341 811760 930541 727571 704946 313609
755905 195718 555074 624833 195666 162909 985627 453710 972196 438121
687991 10478 370353 991583 523066 206787 835515 837188 348511 830692
138147 713963 379243 444729 28136 771776 168769 123633 546682 137106
719776 717211 545987 610024 797943 113478 635819 518201 331382 142320
595698 78830 129040 589445 259554 301602 727291 288801 257516 805258
555129 321977 505778 846221 239421 114004 190175 789415 301346 74403
960284 994246 188569 724599 997782 376314 683045 597935 777661 949997
266273 384660 377904 230217 591909 631921 317224 261 261076 638367
950075 308007 759365 488468 760340 456470 807294 4948 530366 682830
464285 963276 886300 267162 190956 703228 502712 624903 401925 200274
811651 646327 726764 673297 97195 422515 879088 24279 580839 8780
435866 617808 119586 386072 64656 640170 224240 528538 387506 701656
910263 774644 947954 885003 62609 703657 576151 690236 137643 30905
538901 126576 528986 843762 9481 863024 808989 244269 940665 788967
700582 640441 808803 925519 813041 724988 455908 886985 546231 275848
78327 157849 387480 947494 590050 929532 571746 66536 344750 512527
908549 46315 162640 630064 315050 506133 578385 466811 105051 299730
478791 131059 332815 381097 771513 826900 780318 208729 744859 647648
832044 44275 705467 314645 154315 712695 616449 558453 685193 801154
992433 193228 636751 689284 243236 458279 670405 205048 432432 638733
891633 457914 162873 920636 378046 502962 686242 731914 239799 814774
855300 944643 616898 523913 435906 955561 314696 672885 151750 725390
718934 350387 636882 501671 76878 569644 843043 616993 915259 513905
353519 306189 683148 947851 798877 994284 687027 963682 758896 747889
720211 233790 56672 844115 556467 16651 357478 367202 735062 973776
662025 972138 640565 466705 641489 14018 949404 562394 163823 726823
41630 686490 743583 941296 450920 767432 323931 513900 568244 43947
945625 340247 615450 967879 233635 462657 926386 50390 785387 277189
87763 454791 605661 818170 532760 623499 114283 274584 48546 990939
477589 30920 699485 308011 105030 638961 279594 21582 819229 660706
14978 102145 149209 615189 123961 466400 441558 132268 596750 93876
655118 452811 916439 772041 584396 472968 692790 822185 133752 160787
816414 721354 182088 906708 685953 209184 588612 287675 15462 474121
264238 842131 309841 762114 610741 352034 795613 336973 34309 855665
303736 289614 470174 287583 157611 174239 567689 632420 359435 816878
68685 176022 320215 312741 30563 955010 355768 190371 538944 528236
85827 769690 960103 211612 741902 194658 200469 955067 55970 348012
643545 932788 149724 370070 251021 195357 128619 535412 643953 880000
175556 851780 148154 14683 458298 884864 416541 163227 252532 786079
312895 478401 284692 396986 242254 891629 223924 190749 82713 277617
801259 636029 885429 364465 618797 939022 267570 72791 20133 390182
343119 154672 9644 275932 462892 255744 705144 164433 75840 71098
737801 870201 855318 871681 44758 920195 817918 226482 548519 540039
723819 47784 875312 966309 86496 413231 910480 531120 783849 637
816264 856703 559069 740465 564255 902082 324852 603796 987271 6638
759502 560515 471818 517437 473768 40022 963512 902292 700264 354364
337707 289151 716518 649846 858598 764800 803379 381729 346038 97181
961110 572839 984788 505629 979200 127374 967748 39020 308694 280010
619674 212867 530706 914077 28192 829399 992657 862232 932562 311356
57656 36435 955962 557587 165988 892979 914701 534215 776482 469414
354856 982592 369129 368650 858483 686685 590811 701358 946875 980083
466717 150220 172127 791617 556966 285296 506281 220469 425647 501267
834504 172284 238484 387083 900742 160874 614575 1802 102248 127438
963190 142303 205054 728250 118432 601447 577826 390362 540805 863260
478550 756176 642623 277902 152746 576377 734029 632826 277683 793024
345733 617129 933066 886537 131272 618395 78717 346113 12226 816582
478320 168632 368303 806725 17045 981826 993004 405473 513671 222311
993346 800630 934568 308560 3369 687818 412653 674656 311100 100628
311797 183305 316873 928298 500085 876521 499134 960194 735382 82408
691870 733153 519938 571710 304674 159127 43025 372600 147564 89809
93412 29405 403841 57356 605674 697303 480230 114905 850948 845774
791072 421837 586617 638018 736767 252952 764867 130889 366266 44325
999320 120883 238673 662927 705200 553443 78263 130209 553870 152444
682307 970171 40817 17925 261625 592104 150808 544223 195133 114736
189177 113810 535391 936372 966326 411433 358807 300603 236800 611416
423179 971990 139094 531906 969213 950020 392092 526107 485533 788479
790670 5491 326786 713595 4904 710257 507521 119621 103397 647979
962517 467084 21180 615996 972392 909705 624962 507193 418611 302329
625477 102796 682483 843156 382888 636024 660573 177403 116909 561902
551664 619940 257293 496526 684799 546952 309887 673162 645442 816089
612893 39632 862640 81177 330468 827905 676497 261108 112344 521305
399794 594184 519717 491577 840459 862917 339357 48236 307594 931301
400331 754943 704980 735058 134416 250259 560756 834992 769223 208789
153057 477333 206053 918628 546372 828760 477018 961231 815630 500538
476817 791627 103178 391934 870812 649113 277712 787990 900754 946591
313012 777445 14415 728953 836389 47590 495554 178820 150305 343131
486204 695452 631913 489145 4050 855983 664582 170110 922152 13059
558785 954042 219152 311121 455383 993114 721400 628782 154000 170359
950997 66469 847246 690691 158812 688621 264886 247287 728592 308106
953974 90169 404021 199112 50438 945795 426802 148447 426043 835688
894069 182567 769261 536461 496081 305280 145695 359921 264186 53007
687284 33680 829296 664332 682490 451524 958726 4441 306134 388423
551201 49503 520737 903158 121867 365198 441563 172125 848777 539747
65493 268141 110824 452769 65998 233479 69820 202440 242704 756387
378206 994654 522380 928789 52653 500253 47710 568107 966986 755581
618356 832145 258775 749957 84197 320238 846275 24689 314785 484456
844001 547900 807135 610736 148739 26652 58654 893358 656973 662992
774831 777389 382647 290058 743304 212579 899817 162108 356562 559608
629994 691942 456192 653354 713012 66043 208868 51300 171971 920191
585451 767851 774147 927129 390389 544516 858367 608306 840235 516639
307334 607998 796846 916034 104187 292284 24159 842520 59464 477521
930113 664140 228574 620153 148368 358340 899060 785032 28477 61183
118436 115572 121288 971649 316372 601800 226933 208887 194731 915571
361253 402401 489170 700654 910661 31992 198417 33547 644906 729146
478511 133456 327229 28489 169325 262780 29668 890785 616961 774563
843297 564705 298576 383153 663602 553373 478668 303987 267338 442641
263099 767662 968430 934299 60677 168918 326743 886454 661481 801395
773049 401552 959647 970685 393255 522049 687894 608555 852714 571904
257665 242345 123006 356957 334768 37958 20801 668409 457576 30843
223681 720789 219282 438659 517537 103108 410134 749206 426350 848741
616861 318053 854630 604142 854383 978468 725350 642618 422409 942569
59552 345439 781787 801893 648599 172721 112794 490063 416228 432035
901806 960238 941731 626249 472703 332020 993256 789459 368425 14058
988026 990502 390666 433088 818434 150555 681090 960351 35195 368121
495134 448144 965466 644789 523914 472719 971781 366731 770450 978258
578133 375272 966717 248853 210960 300727 491999 858959 804437 856564
142666 208961 923295 838663 280641 241645 492054 505580 248432 176154
122300 939531 575278 690656 468888 738432 41402 791365 585854 385121
932965 400300 270052 574596 766292 353488 403637 978414 650969 535967
62570 38440 289601 29776 807742 30931 111406 549072 303485 198999
4960 726015 134958 892265 244254 340470 424730 805304 37671 376916
902929 305059 808183 424617 20573 16034 984015 219988 297446 821639
888409 284344 756577 457616 394258 806623 56397 23260 227138 427667
143329 346555 279145 989713 455038 173404 161 871727 684733 836032
900996 826134 434583 26328 906287 143197 661629 909588 213035 437879
85775 900855 507820 506285 537520 302341 65939 642193 830873 178118
82452 776031 580534 363910 587384 756655 453070 476768 405815 101068
803878 353804 206249 87697 281399 522137 403738 754113 355157 863836
912176 244976 134496 675989 145502 987864 637948 650133 423150 357258
891748 293099 874581 836709 235789 13812 333230 312747 573990 145072
442578 254303 428085 501073 140142 473601 461016 987237 480559 411844
13380 282399 303049 184794 355763 453236 412387 335875 318443 205552
672232 6224 233606 336056 446674 850703 483639 947160 763958 800144
410646 410188 654081 81162 775433 384375 805758 725036 533566 89717
376089 795711 325181 106834 234978 469954 502361 873896 582318 956486
727498 12802 237337 841064 604192 480496 806845 862859 701951 73780
250792 632077 91880 23711 314620 843216 300025 460507 630143 144183
775437 989700 981307 526479 62562 36964 824378 62535 274832 8851
333065 24449 604218 29734 668893 560281 549879 675166 506829 159402
345278 615576 960478 384182 924617 555568 504418 811551 799255 794902
762522 216478 270675 712029 564452 117115 381740 394412 752545 520719
682011 668076 904102 551947 976271 628000 79507 179287 723523 25010
369026 394954 37032 279916 282337 519411 537623 60208 34845 191866
196862 430116 365484 401688 879565 195158 710336 936999 80785 854828
688038 416435 153880 86922 113878 756682 596357 265695 711334 548735
773760 182391 663422 614036 191315 197020 134014 526379 193123 5227
484762 736198 197489 675219 802853 802327 510563 33096 146025 581602
999902 296223 288883 50114 985189 621380 508889 315535 223665 852389
895746 324768 871312 992517 880298 152130 761490 546167 324757 388981
255824 945239 833759 891187 376712 90283 777407 232828 633211 100827
64205 407270 735098 133020 12513 852878 912981 171258 447286 233849
163106 329229 25140 352392 316349 323614 39132 392838 46482 321131
909545 483648 603991 181693 796088 746986 286274 409138 67971 156418
949458 339111 613704 247805 799728 529587 297232 603964 86581 13922
544397 908022 379408 233701 944251 18191 949814 631718 423155 326254
339627 320488 569336 959956 585436 636018 196812 769042 349353 450813
259183 230250 21666 113501 988564 413983 969019 120779 106685 862839
455991 326539 156973 832241 144512 79269 268032 278159 178129 848332
775705 686136 174515 689048 414554 717817 930647 482254 520023 981157
647002 824429 185023 764779 286822 895688 330573 676856 617924 304528
840769 267833 520421 529565 367668 411843 777375 209737 130523 950000
714344 370618 226180 522582 400068 658006 899946 932502 562356 677355
181343 405631 504601 488750 10916 180400 15850 920084 990689 341271
224006 412558 941653 330712 793000 328072 93027 866121 233645 601201
585828 794488 492800 605721 687282 951667 867730 506712 432478 866035
946785 613998 783067 682213 445892 719548 990325 677728 227951 761767
648167 435196 19687 665495 937863 773571 83699 263657 271470 279189
747651 414852 124873 356243 522720 183554 900011 423338 19371 239568
991634 179882 298728 867765 318254 735362 302623 474128 411960 394980
725504 330998 99448 512635 79051 158965 429386 987190 590574 768859
941302 107002 642602 840347 290561 606371 168451 870035 264929 234549
252407 312155 998861 499886 508129 666838 831131 286249 669360 156613
817163 815026 672124 107508 370209 187834 115992 136469 355519 768692
316686 423693 907634 396577 744358 417343 956990 517377 876011 662258
139846 518514 191905 867004 378964 999204 807834 266258 229506 451416
592254 972593 974600 811707 401995 752528 350404 744954 936397 916305
44615 380830 833791 487325 572457 100320 867585 467991 895936 721182
363109 36187 788889 997057 373381 23058 626058 203324 571447 431729
120857 722991 798157 487102 264312 607246 570500 358632 186281 9720
206466 900724 578281 41220 614886 411142 81555 972378 485596 556071
621471 868932 420661 315395 965791 746828 433488 334362 854297 405731
805784 639215 310586 431722 250912 260898 406167 522994 333751 757935
737845 248657 284699 938049 235620 24634 809442 49489 179665 462631
833324 553192 327839 334629 366631 195338 321262 460055 7552 461173
479458 203820 42515 873252 443759 156452 975053 318370 617293 410620
156115 842858 644777 33434 289502 108087 590001 282507 610084 191069
289331 547766 877768 769871 93850 867701 95050 807223 523361 833050
854965 574775 656095 928399 934781 155127 23544 695671 809262 848713
97971 640325 485927 969402 220519 911003 756200 726452 119884 427605
606902 615757 904533 263858 634401 594952 70004 435463 379730 149537
471268 988970 939447 960200 744407 276402 349585 244175 293173 608627
900813 188334 301541 284681 383007 809714 116566 8985 728294 713916
863903 185667 501463 727575 604757 337313 613072 586689 713949 471079
806264 60357 229651 534811 820293 367215 548458 706289 886436 928465
613876 444442 51764 739176 150282 625449 199175 158456 433888 86532
109315 191608 45401 606728 609839 319350 686264 702660 374932 885560
842862 338553 756989 578185 429245 343677 500875 105440 610692 686046
628260 573345 236015 558271 161533 907203 146175 579315 216716 333982
116924 9769 549327 903352 290012 558182 463781 848563 926019 930717
175113 851622 11168 755415 314906 357816 759958 370470 430171 933750
634742 986784 830185 565872 443670 923544 919728 722152 57246 999804
201328 577134 840682 436290 399204 356067 770997 346832 978900 68175
191420 773117 530133 904894 892641 469040 987969 655185 713535 387916
297990 176756 712509 4816 344703 775441 157975 536254 670679 495326
949765 111329 216176 461575 439815 750779 449559 857978 232868 839009
275528 395327 400227 937002 91913 195777 223315 599671 840693 239842
36010 831691 778385 809062 97748 694671 879330 702035 169958 925113
454171 624332 179532 938871 845209 543732 503857 192076 644376 689752
590729 888841 445009 133464 265366 735445 926850 460730 42326 791040
949063 406244 940518 699079 149328 499086 639821 735877 963519 354225
815592 295525 141823 596621 813032 415103 545362 707305 201887 464743
891759 625741 458520 686808 705286 248651 437343 838298 144271 81930
958062 57952 75425 763228 728385 334469 880350 241880 951878 749091
775230 973989 551159 619548 840294 105282 562776 629121 101824 477305
532159 574263 670531 185228 641440 968792 642297 182515 584084 296424
923608 699417 310032 923214 785155 35390 352208 5800 183612 445017
636703 941525 15898 525058 930438 883875 389547 639060 322976 473193
66122 964476 619676 704337 415158 443875 84851 838108 429599 375000
522455 714794 573278 650957 579341 134835 306043 639477 236244 751107
38706 735485 369037 651610 273835 615875 634249 882788 278994 524155
219735 986436 450668 468632 807149 821301 776684 20206 989918 270189
405696 551912 84618 333146 321429 722424 797521 970192 433884 791488
902621 945545 728300 363348 808045 217756 216 832924 780190 520128
70194 758800 119397 45603 150911 748126 186554 529993 777439 532051
640045 453447 673274 578961 391365 9226 547225 808371 256313 251227
992379 157516 846685 154330 704481 746292 249353 723104 745205 663908
791930 107683 38952 899930 914487 286361 216915 180293 462054 70482
738930 676722 765156 807758 674669 437484 822176 81190 948040 450996
383332 926071 774150 856258 265950 50564 190448 477156 853954 440150
385326 225185 675763 891770 740933 637029 40137 322042 663462 429411
779840 819262 759140 692177 542079 144634 519520 401599 652025 1414
100732 250532 503380 640929 722574 104541 192720 407017 637138 52516
288958 995092 479112 405192 940933 716251 846724 985116 693863 399296
926792 993682 207519 457851 505032 230428 766000 33343 271898 459556
17855 122809 552247 229131 137449 721745 549491 386918 663250 479639
626197 459936 204082 916173 898347 58890 730651 754059 74721 842059
369054 218105 816457 630548 815227 562623 740969 559576 634518 333054
915391 925919 267150 546202 802841 702779 165295 451325 346703 222518
744456 457703 90885 369384 486735 796445 88764 820721 692455 149865
477001 121841 385850 354827 463581 39583 526429 655095 721072 757917
729758 363969 311728 179771 418836 820419 744086 604677 323184 344511
980121 554866 603516 359336 622693 829097 726692 922943 896404 979208
669731 495670 866165 811416 300669 570023 242823 44079 290349 878317
806499 552697 93025 341810 839277 828761 204857 24517 301124 110256
371961 64471 884058 840237 420282 134773 623603 172057 237931 9548
321659 248973 237629 991978 28712 18369 229081 254515 511989 344988
455575 19242 623337 597756 356916 693264 380360 145098 586454 966268
112652 664377 235741 853886 348621 581515 52919 185650 1188 206367
69785 869669 925670 374739 65111 781119 553260 911295 561666 452446
908265 316593 163362 436941 616603 226260 348568 423590 167249 637092
693043 172196 677834 483110 469089 573111 181228 217792 596665 4386
586945 235275 44207 148497 306861 567478 506267 77134 273752 222879
591943 93991 233563 421773 801948 75295 600280 949490 245601 36707
180693 64152 388655 269223 33813 384871 447688 179691 773529 97871
467206 590015 31036 109285 994508 965384 80815 756416 712352 882008
61274 987154 171639 348843 64442 958817 480447 172806 679102 352516
65729 634681 862912 550907 310799 579812 956668 212034 938643 487577
590593 253119 755960 459643 457220 429124 695397 964639 150275 881973
744343 853133 770106 169653 381163 142961 661642 296500 181981 485565
725382 661631 64020 293472 61290 590910 679263 837268 22629 922782
664071 876248 393649 280414 525743 154631 133352 313502 342452 364990
682885 143930 569758 483784 89248 681652 902401 387310 724494 781949
658878 583930 682771 612606 651088 575375 282128 394977 596568 700379
581114 798959 397231 984417 459367 477687 104419 553291 68317 900665
922575 802631 510044 499397 213922 680192 26257 790330 411883 94119
789450 472957 793546 513426 86219 317936 48799 118412 904267 38217
844811 420594 17886 45261 715523 389426 625827 14619 888703 234046
753604 164466 535689 227671 158304 95206 394013 969372 463269 342128
875888 311620 926352 518478 835254 477374 788492 213732 679890 507734
985501 761626 156339 639682 876068 977477 154464 986158 833348 929352
644285 140975 643554 487379 320617 101623 656364 189284 746020 694833
877430 643791 207565 85088 495609 85692 295422 421557 510644 227039
963430 942072 777226 75380 986564 232585 788497 958821 882584 293806
232818 462614 76028 153249 281360 698342 774128 410942 856790 848426
114389 541439 187305 111077 392834 78667 111449 413629 428656 545140
121151 22008 582668 984089 282677 781111 664831 419388 883598 502747
256549 344902 376251 204139 304268 235256 9997 353994 290416 681899
692795 974729 894167 174499 111826 858973 330663 17452 482455 220981
550644 701186 181865 34754 12881 900075 277412 718804 617358 835217
152697 600657 662399 870351 822304 979908 908001 750440 114751 869180
311657 744678 370386 600613 687267 447011 383958 113096 749282 581141
434008 291658 355273 940148 638256 530158 952766 950242 847294 940468
681099 44130 79851 690238 94092 575936 196521 675555 791414 161739
115685 654179 326606 347365 433072 766691 853655 153658 537224 762118
469956 357252 168468 58074 186299 253906 978104 75229 190245 739770
352436 306508 408959 165837 640112 890611 430282 200067 455671 902087
907289 616884 403989 726085 716382 934786 567330 794779 632966 160363
321623 545976 601937 771283 368225 373936 912423 537661 906917 482728
362255 446144 398903 888006 981016 325102 249050 920722 916147 375353
904407 214444 797868 736692 980209 210648 89869 157514 317445 615222
222598 596087 73418 65774 498057 464493 311365 500104 570048 88489
368676 406655 386149 997600 834488 278933 402853 11654 414462 740401
329271 8708 168180 849446 243101 824317 3070 435772 785845 665724
722436 968372 682353 218183 614524 220890 856164 902065 918522 903659
662824 121995 526144 972034 214749 75780 868557 891320 121570 747211
981321 207087 104226 554272 94793 909624 666455 140412 97066 592516
807119 405455 937754 447650 910549 519065 891818 375881 218559 817001
445211 904655 294550 898397 692401 362607 45286 434948 395891 32059
271425 761304 985040 9706 183745 989544 276510 63025 44291 877442
964006 230561 295849 377803 56620 397057 306245 10045 813811 203323
273649 241559 141522 580774 217101 407078 803995 460811 772635 823436
488426 789279 937934 527925 917724 852910 908376 630221 467429 576638
898168 500973 940304 342153 854034 37248 870841 88619 284701 995056
164116 150194 950133 873901 24929 166626 337122 591956 247972 797288
210849 214420 976056 123132 886759 541115 621160 22109 700269 526206
721219 364903 812916 486193 12390 264221 763028 501427 126643 627718
61258 345862 569594 453286 361925 349257 115870 265146 945398 392608
977357 493518 735450 575823 114286 936078 570617 171866 98742 981743
535129 691686 410705 365383 111249 165068 273499 484543 730590 216040
800182 846927 572246 258304 124556 151280 832303 732763 707225 9553
510175 4839 832891 87998 555646 422129 841494 252741 597598 151903
74890 62719 187069 841151 280687 710278 709309 102975 552295 575067
328397 55310 903063 362028 434956 99206 200875 488106 74318 442784
193793 301626 449484 82835 835166 185275 546494 263439 207285 940679
742929 212616 932275 364753 380881 354041 235028 998356 222751 208859
389599 451862 485030 810585 912512 108651 460711 94077 548631 459123
930736 314074 93193 114866 796644 151510 46477 304826 837631 759702
250690 407651 343772 866264 669097 592989 681580 762473 696241 515963
213696 777468 642206 103268 135362 886737 722077 676861 192508 867332
133266 588884 313297 54169 55639 512494 715289 128040 865824 820204
199512 625767 223572 675853 668277 831459 155810 469911 650493 660977
321778 119530 787048 361694 645955 594678 340967 94752 525514 407628
561199 754205 944388 720608 344266 153103 515375 237399 764292 628164
133777 215179 322714 679419 83703 922176 672580 451013 777589 382
925018 8818 529768 534424 935596 827692 201411 815890 627000 702955
676860 51133 6160 800671 271737 965064 4666 750135 53831 319868
745480 867079 207791 275282 631583 490996 808798 181166 397383 702421
485743 166138 47649 37394 653336 967287 530247 824280 445918 188197
883730 925380 581924 919145 410339 894670 524360 730866 893006 363925
145265 517611 109057 549285 115680 789683 806989 701880 535559 270580
126704 505795 705318 739828 419575 791752 739029 897985 361521 834819
466720 813617 725253 734470 948215 838992 10754 361222 6926 512386
996482 896581 81235 747667 32621 204766 653163 752394 910877 682825
961157 223560 64379 914356 521638 71485 459654 317795 985673 684332
898841 527201 572995 448886 840280 623027 967006 840150 610740 122217
843820 786873 39776 536659 613825 993794 806733 352764 822174 526623
939824 486197 394923 926226 11591 297379 897239 445582 910751 212346
427961 181384 170879 973123 206322 35238 906330 366261 979232 443774
632769 197418 626333 833277 896789 534510 361310 497525 5301 708412
464054 952054 58232 598313 14299 10291 102446 350379 651297 625198
434369 617637 368319 403435 498097 262989 219532 288351 597165 499409
466364 828665 900268 762136 168087 460824 269956 119606 850887 147498
150006 577554 654896 332737 278508 254331 713219 187431 877406 280845
916565 772165 471386 993334 733006 205047 867872 261477 755011 120034
224019 476272 468615 43386 68644 19275 928958 280747 295131 122730
488312 414597 666122 443421 309751 988145 288535 15288 750108 345138
872253 924064 241811 692757 445255 722314 765077 525766 166175 614360
753871 860545 169529 739848 671313 174428 274990 160188 844346 359240
908692 186329 120770 580837 515173 709684 466222 486330 871099 59565
766987 409970 264865 93344 242422 61015 941924 796136 310222 520608
297804 527838 154282 111552 233280 689547 950551 641323 350277 816282
894199 688274 743664 138137 191220 473356 669922 971242 526122 549311
650352 721830 394628 881152 743576 738508 638364 514546 862182 52235
155813 149823 353612 177135 874326 738964 511061 375074 414065 598378
849510 847120 542397 586559 194338 345937 776710 984300 483481 809846
610726 372490 571673 584738 648881 89033 652823 479904 542897 172327
768083 984943 958359 758958 456168 819038 235607 499546 331377 976745
73459 462507 487982 118788 419828 144994 187535 587472 405153 892727
191665 307070 544607 362796 877598 41192 103790 818268 670306 487010
749923 409297 907156 185437 110664 269768 252744 340539 152371 776676
824766 311813 294895 76388 23371 739281 597416 602035 79171 848319
801366 58456 253366 771550 623412 964368 541780 441057 6345 555960
733014 854605 328109 429141 771529 912864 595621 451501 595423 469333
163163 359706 19963 965583 795236 647970 302043 90359 995760 784710
407928 976420 858241 739439 713664 126427 561501 982799 197415 611518
457469 695815 820377 724329 533162 456731 23362 130850 992001 982230
92308 570495 42297 3183 555882 733262 142367 23450 525121 345708
574451 501307 443145 177307 35257 642174 817933 518056 175770 412464
144826 242476 602713 586631 536404 922700 400542 632531 538132 871634
221791 354638 432463 950900 313795 504399 454455 652904 132495 813629
104071 466707 349583 1857 400418 839612 494394 562072 348053 225161
281041 456536 128397 379633 919169 481408 778583 969755 807871 629029
884253 535424 98228 67665 101429 29635 764154 109349 702419 234162
196303 11174 399611 567194 526576 460580 440180 686554 599540 746413
547160 341500 860145 718066 355251 694931 928436 947928 524834 594241
368788 476127 589114 941000 675174 364279 457266 828154 492449 408766
175964 218214 859124 630544 554517 856453 676430 680053 127208 765897
614644 44674 271089 476095 34248 10674 66328 315368 948009 315941
751979 997502 875463 770977 583938 152195 408938 797351 791002 896178
723524 570704 59789 649843 129339 709225 700912 115379 243889 107073
99492 538256 661108 488132 180545 206478 335158 139722 741584 717753
910177 847611 546140 86335 34487 44439 353907 110 906497 56449
907342 344270 133836 846304 977622 323619 497413 897039 556421 757124
468494 734644 356246 408109 101449 94432 539388 892862 871067 550921
497302 136556 565161 402458 229549 227042 447801 879502 536473 941911
375404 811763 513228 189458 165365 648617 627073 644699 816999 723832
581886 369305 721303 427286 406481 908224 53814 321357 835890 405335
123623 76598 450276 879036 769891 268465 724044 393727 112017 738771
121173 704380 494218 589090 496823 832806 544692 147619 172859 766607
159674 449426 434409 197184 30600 556893 472918 583987 280413 418008
807078 831933 461486 512764 98677 551981 278327 599746 408287 464786
635693 468422 992626 27869 59158 618288 992587 816837 580311 177015
281868 707657 754742 239203 245995 13146 61342 828626 549592 859327
282859 149828 132981 617722 854660 632214 63715 509119 670754 388405
821646 364560 215932 610237 198 67034 943277 908243 591081 815802
199579 545154 589539 496171 452644 305736 536567 350542 753263 829844
579259 267097 278248 507547 485971 39959 748395 164129 640825 685258
506917 832607 970742 576784 691981 432030 930087 278494 479363 388611
382352 530181 438164 552874 495383 123832 623243 674858 276292 235091
576568 191031 984991 126392 846360 303694 122776 304991 185811 294608
920811 628053 660874 577329 230638 397065 191808 768470 384924 181772
721935 276407 862884 517190 924351 649330 579709 696878 42990 594229
130181 565669 734125 930765 26339 12563 505682 776968 219965 344505
713879 252372 397980 560252 412431 921261 575591 126121 203034 681800
619077 647861 523135 626022 972824 87364 37889 951056 152249 526427
455487 69202 958369 691459 582207 280621 437661 151766 121343 764700
529053 576430 735930 812756 406327 645792 750890 941754 974190 24103
878653 373694 864814 970886 56818 784068 500112 176543 190838 487231
474052 840819 846661 308556 700426 364696 587521 518230 529717 562666
128798 769087 375737 67493 257036 537937 814169 7996 29600 551177
755634 30859 168727 724077 33365 566671 550437 198265 248644 848967
51644 676610 200887 430438 136583 735785 467233 186288 274674 716267
849364 551099 260331 273556 525949 653438 41101 622622 780143 161393
756906 710851 280342 303392 201278 77010 177060 636349 38116 497924
649833 905192 294395 98383 924017 601671 447986 465823 390907 73578
478097 379220 446808 389777 794939 872342 884541 209614 120139 405196
273067 13848 555706 508180 602860 392732 563559 992854 648997 194047
917740 579407 598371 562331 78271 163973 227684 281392 714526 114064
464374 552299 489492 167942 33445 801745 186521 815433 997352 780052
331541 141903 83207 280274 99228 470650 121990 419832 949199 342505
253549 871723 917841 505417 144524 36656 88185 96270 676487 606579
734830 457646 592863 329813 507365 889502 299564 224374 658754 73203
856289 150910 369913 428760 926575 567258 274687 133156 610087 192759
137824 261741 539915 612371 511134 364349 451919 427328 730685 960932
16152 207434 826345 757654 319604 894478 159105 325249 145780 352991
943709 628420 318912 633581 14380 935081 514959 573041 911688 771299
665893 871775 614589 247186 713924 940685 765597 49812 340206 693807
764607 945070 730786 99125 301328 290531 567759 688100 25873 350985
714312 195516 999067 593120 960422 418691 220774 581505 900070 427869
967646 396459 109214 574426 681877 618926 409860 666996 27917 728309
299213 535408 976671 892945 544899 372158 845119 545721 739159 206780
641996 76841 760436 915508 491527 811102 873516 650243 63647 604721
777273 590869 557774 919977 95052 151091 752722 879744 237477 92886
383860 201219 997438 859428 247197 395892 829290 483394 915267 508500
479034 123069 441684 705115 481654 297560 457418 404668 167419 972924
951888 610378 940002 138845 763638 395813 149205 340786 733007 757677
18543 517265 25081 866317 325417 181537 12165 677500 573909 831945
869654 370689 484041 874911 848456 624759 568932 219929 988544 994410
394268 961891 544239 556042 184847 462595 494711 25815 483408 238874
86460 23078 411961 263200 703663 333432 385684 82933 823318 994816
405202 665045 199848 856855 616094 101184 585204 358406 436649 393503
8916 664294 200520 80447 738860 891944 720883 971872 480813 655097
476368 490481 716116 808034 372106 585202 699445 341409 322704 506191
340469 714391 391609 300349 365381 728139 534311 404234 736887 460435
550127 436144 722587 470270 241969 828022 776787 370033 837407 605017
190081 680288 215150 417765 516698 471697 79460 409163 366013 103597
42149 341175 250988 46891 304812 736065 415241 110688 192282 998245
679878 72639 839200 681876 885671 30278 56865 477537 32386 668532
678432 397305 108153 129929 338037 740463 503574 209886 978857 992266
798065 269143 468185 631436 438022 703771 965265 765691 333507 624782
802021 688329 521466 824298 894294 360638 384034 907918 280095 769674
937856 49635 319732 522377 101804 355087 802600 407796 600615 725429
4825 318758 798808 359485 379998 186363 30416 864168 467213 147000
420372 179540 609281 338154 374590 718393 633685 293006 571108 867006
347705 931542 325119 553701 436300 749780 351971 357994 932324 841264
296416 222402 322866 676739 666814 699023 460739 166334 483012 910627
463860 539977 959502 629097 617225 87521 96116 555745 537286 910129
836065 546741 933903 606244 650707 527823 156503 371430 774760 824
721428 355205 885704 689294 707807 992581 658037 406599 901824 995293
530979 847067 962529 507429 796160 715918 149998 600215 446666 923530
706793 925543 310049 19144 320148 441718 105733 601685 213661 15958
772751 529574 966358 688643 514818 311534 888789 867578 100875 624179
237612 487226 653266 441694 987884 20428 869750 224803 632940 775099
146640 125188 943736 366498 186387 704341 751993 833046 34674 316910
493088 389961 300483 612661 363551 362915 552484 569185 9725 694716
930107 719725 654754 380232 628517 78350 272457 685218 744696 322796
76526 616915 930997 947244 553421 507426 49178 130865 777646 871799
476465 691313 300853 15391 888721 149401 314993 494897 153990 359995
563235 154037 962560 341966 768061 558091 695903 101563 693316 970042
278628 863068 971526 398371 119379 510726 229620 243513 166208 740378
409701 650123 448559 174570 300535 253259 766222 619567 925036 494693
589328 455389 263469 211408 733738 946569 679461 744100 851104 474322
392444 287936 843339 111289 614850 843364 222490 738852 356518 402030
416803 30570 549231 557350 890203 311423 644030 878615 48602 499769
572426 448927 937160 207710 282130 271086 832934 985227 977273 304544
168366 447571 991422 14345 861704 758529 701451 651512 254029 864761
318099 36289 340713 57444 642216 9180 534709 101370 811159 404446
281400 193217 205943 483719 489705 633393 316379 268824 237576 913618
547116 243864 981213 531062 954053 734777 698809 285633 435788 645053
183522 431567 450869 778863 376941 685790 367326 108708 756708 932794
19363 466381 89636 505251 884872 983887 453019 731011 154197 36105
134801 697795 673099 624323 902790 892191 145347 462379 251135 135695
889228 912206 300879 905672 60100 713478 586519 955560 874897 210895
120464 484494 460260 282592 842921 879708 979783 577033 304622 444414
786447 715755 425980 423970 606691 914172 183501 101270 872529 199228
145721 897869 845701 595704 428703 117713 53893 855759 360975 631843
644067 880329 702568 828163 804038 211532 551430 275410 999389 919203
950195 559846 324175 148048 983065 897742 849082 607273 844337 838677
962389 417817 156637 431568 326925 88485 673246 23497 821672 367705
530110 675040 536370 22529 647631 337412 519713 83633 957706 622786
752996 851245 652551 757634 552002 534739 330373 906011 640956 523300
368351 823420 102134 680860 451982 473904 859097 453932 39919 717310
865692 257792 255436 393859 496579 55058 130411 347529 406745 975635
281735 4655 247709 564188 175266 712591 82504 463485 77963 991325
204553 365833 42441 989037 406587 751961 851826 499279 710553 968247
787405 985490 598703 444931 80671 680060 690759 629558 976844 651652
167144 383669 902594 70676 297381 227027 782011 901469 690380 629391
10340 845019 882333 931536 596264 376643 62893 917633 619241 12440
7622 519554 122307 780873 868179 254361 426869 158337 632977 762640
283827 766610 952795 996197 229148 487183 205349 975219 275311 680147
779400 651599 25736 520666 527576 455959 390068 829946 362216 417086
529143 513702 194700 129614 447919 110002 16847 228422 174798 446210
400463 415809 789216 567231 544552 526160 254145 967231 324176 856110
107311 426796 947947 299106 923808 267537 239420 344662 365993 212589
329983 10278 853075 733429 665027 250496 415198 111403 814770 593177
157642 49581 827528 583842 353663 656627 101738 856460 754237 224847
803805 433171 930999 619602 542056 367996 653896 931080 253569 700023
995024 818384 794076 68506 458311 21727 353936 169129 700241 932856
424763 96898 235071 252433 895717 945038 152159 918263 462779 19699
153131 912345 203144 46483 980328 903428 840530 454199 564651 183558
931794 286409 36415 673641 615051 524564 537915 275639 784576 345221
148211 47620 410240 561625 556683 272397 150520 514929 281079 797027
983254 481227 390797 674854 124013 722358 618096 58215 516777 34117
897016 90394 398009 487425 534421 846081 763705 20124 592887 268358
810693 481895 222047 571921 935887 925359 775807 542074 743402 955944
402255 134376 463329 1294 786323 2234 207318 454070 445789 274130
300947 970335 720617 576620 25784 744936 763947 264504 338062 382834
575630 217031 583032 54747 135561 27662 466867 114246 556862 5837
736582 39829 395825 901455 32850 329569 878012 317481 429711 360636
950862 228744 995600 230831 980587 975927 651150 203114 599739 689417
411703 769509 849283 35864 756215 867777 254130 531774 31121 785661
775412 966835 545353 177583 899261 256781 661482 825650 333736 388784
651843 678477 237910 238956 783431 494101 364818 495271 878676 327046
998485 770239 374051 114396 27074 936619 525881 548035 369907 985417
291285 694691 539513 216355 656195 759359 821177 206158 333488 33530
785117 650359 156556 494152 745402 273750 522709 61464 243069 25738
152283 646221 138789 237195 406600 328977 308679 672326 245790 194313
821290 983569 871856 877164 634199 661753 185813 10826 450636 668580
30871 285629 320225 766893 899404 275157 412191 760880 68883 361541
925235 693570 800915 947781 639940 256897 898630 157172 426744 907549
222923 43198 533615 445367 924845 926535 436769 875953 90312 281406
963984 849097 824749 966900 83350 289644 643251 322382 683830 56308
252564 4533 206261 511289 940434 59308 443806 107921 199252 26936
388555 145494 844779 612839 425321 317458 962155 678360 64360 162335
601263 235721 441508 895877 983242 669502 254698 522576 314252 730155
258423 200881 393606 817243 238524 290866 828539 670750 191792 628423
234319 40687 916483 579903 509087 367549 368546 360299 68492 646072
772671 740195 592512 763849 643303 851072 897673 331433 850110 138811
155211 282678 921899 843544 495627 284808 247849 662388 218586 564581
99425 815832 224838 95970 699658 501053 791859 478558 540709 437273
968296 399468 441737 582911 931035 280652 774429 916931 699647 191199
102704 370892 893034 797531 736754 172926 927853 870115 510428 141549
676749 602094 81456 474329 352439 719754 577809 10353 719633 139203
956076 932878 185734 188771 928019 18183 871692 252277 467153 120798
980656 498301 784167 254898 333373 254611 876203 129706 853500 972735
673616 997191 538129 122130 712797 265762 441639 840327 232280 812223
590413 551421 548953 364111 302423 456057 303932 753178 123266 16740
560942 140334 169329 720321 890336 535632 497294 468321 854620 650101
874650 17753 676271 236648 838475 853502 604889 315264 2344 380151
748680 320858 531026 941859 815610 353165 873542 247624 559463 969526
445122 611201 678365 151897 603870 314044 989714 930103 322272 600188
628758 212279 146812 209713 405545 707589 444484 990887 738903 395686
90799 77081 45964 222772 724262 560003 369296 206225 840268 778227
697766 436879 143368 803252 550051 722174 338149 223017 782573 997657
373241 779930 578735 641942 466727 785402 708975 555020 135685 651400
619306 273475 494576 688896 431889 124511 179736 132792 231126 329777
649261 158128 899665 114491 263762 428587 173250 968331 209959 400033
428450 855490 835909 627619 214986 150940 911094 862033 113114 870547
913500 610979 486441 267247 664887 970861 418353 734354 684425 16770
590503 169079 222144 961105 652971 474055 514494 23542 121660 286106
651795 482789 135062 397819 990421 758434 484750 416092 679918 671064
472520 954155 344807 742809 950432 295475 626376 493561 849361 650738
603619 828249 707056 824168 306669 734524 643473 447566 125656 630933
491951 681872 792188 325217 939595 683049 523859 482122 622129 251725
262011 467439 800552 679791 966316 380741 47080 844647 84638 726154
366210 212023 300332 655025 587664 500680 823133 680921 820378 728449
698464 48010 857606 648202 906023 882800 748880 583432 67731 199168
494310 604674 28184 336840 4756 256223 796552 912381 773341 947634
476901 708667 437761 574164 779209 193827 482448 693193 315078 418952
181990 15428 225898 266543 334444 727459 235150 351866 906543 222354
725233 374410 870257 803059 485919 841422 737852 701749 924721 533328
823991 789105 157838 392961 59064 135351 136271 296180 316121 105552
308702 328119 651162 227380 962185 472445 462777 244831 751724 89377
776221 592846 117258 742093 457252 495749 760249 587545 622328 666342
588485 741217 757749 910858 885009 705940 551631 866548 642901 664364
161940 288331 95024 636899 973310 887006 647073 843971 152024 320151
259161 373642 868462 629594 336174 905588 606754 333458 644629 40094
193295 349441 167899 258690 506171 401444 502135 755244 893691 966468
676655 51126 382378 656779 927434 676637 754276 728307 273581 473702
468940 282295 756526 685015 549258 365140 551870 71742 11628 270714
255711 191855 865271 191635 794958 226400 917247 663838 257894 673257
366713 111885 792565 211226 75037 498178 337866 507439 394058 20615
198754 581284 572850 316715 696505 932658 364241 812193 680867 907000
358486 925391 292240 352233 120771 788893 781512 592031 327748 523289
806040 200353 863310 103824 978851 672291 410711 550308 486439 607006
589484 165785 110104 101801 18631 646774 255681 271931 738784 388304
212920 205664 761481 216026 558617 480619 596729 392429 68553 409390
403787 310543 246292 43456 107145 589027 258868 207111 931908 387538
22430 614564 146000 430008 164316 975283 19388 355846 738324 869088
659549 644913 954413 660048 749638 557107 896402 527264 161955 251078
51496 110022 230300 620990 702862 2375 520413 581229 819291 280314
949334 283908 382263 31469 938427 141244 624604 749627 889301 556147
580673 785889 115098 895147 398695 293350 923763 939476 506636 611406
622782 256026 778329 512167 136110 989147 409705 770076 549918 225751
804824 84330 910100 295987 474345 992343 743344 874220 571617 413820
422683 82252 570392 667187 950035 448274 279576 666970 889290 423389
193313 471058 981479 231663 939179 963125 926838 838898 319063 927169
862920 155503 303282 841238 54398 901795 966191 964300 978602 104919
971011 587914 987136 662033 294181 142138 745185 102500 882224 612595
641528 608063 878499 384873 556881 224000 798250 773167 462254 528222
900945 794042 310284 864059 925398 243142 829750 308623 537553 752423
352055 258266 602397 549730 70594 320634 252991 431989 749305 727866
949926 184998 577475 758042 525878 628770 140157 667237 646531 17148
328937 305713 17914 954728 863358 215567 19038 291866 206223 751403
449059 905834 210916 590477 8614 166680 79488 46504 691079 638660
289688 838567 876618 31640 345984 59307 326610 474214 713264 83026
253627 771835 801260 280433 12578 897823 340125 233184 279596 945493
961078 555472 378595 377632 129292 133547 5659 998878 12566 317595
261843 690560 606312 729106 681383 228568 974962 99906 614171 953848
660386 194968 92781 240948 448321 684575 122978 333379 970512 412641
45610 688088 71419 597308 619556 850819 234739 5952 476776 234824
401406 659609 938309 864496 825034 558804 953102 987661 330053 507477
484579 368012 698807 809574 452989 565896 957687 399139 408273 566741
806016 593228 292529 87100 29441 47657 875142 800749 156649 858648
516090 727461 522675 522015 519395 683264 28248 402583 476679 635258
435894 500542 961196 385250 497518 456719 299787 804945 479420 445870
5347 277488 568859 368834 230188 806494 993395 761249 703833 662100
779623 346533 630462 695277 152767 251143 796972 258741 58063 400173
666829 344765 538187 602966 293103 345328 452724 954994 573784 84157
775308 962579 412142 742907 246200 996715 96060 734070 899538 305237
316435 624380 347707 51231 65183 838364 250139 877057 409009 989488
63369 599511 148283 496668 695479 417832 583797 158979 961516 459531
25923 124900 162496 784008 406445 56002 768557 271636 462529 841372
17352 852664 491062 662361 792965 915736 593897 904242 932050 336676
555300 455871 78244 833023 894085 616093 33703 81751 877398 434911
604108 43867 863983 321812 911967 534896 483446 4155 797973 322890
679711 942369 252689 792211 894391 794519 60799 555570 807083 13760
468998 477603 696619 943403 102614 524136 264082 178024 898212 901656
263602 707478 621012 976747 661383 184872 660824 666727 998895 825811
561281 33233 616912 642386 770731 247592 137326 177917 117322 718213
422537 917752 609675 760177 467931 322193 792502 348293 948333 911756
742441 459453 460425 724806 67927 902408 771843 536452 418468 518834
240114 278576 259098 680425 129079 99572 73336 385773 459001 941315
206393 787327 529680 552559 156598 331743 190982 21070 836064 173998
714659 66528 53626 497222 152564 808409 755504 867739 54146 833019
400228 104316 656658 174082 127093 639200 573717 868218 735388 141186
221092 45350 876169 69069 431302 622003 694121 466856 107971 816180
418182 665387 341152 921777 318484 543234 440848 818274 364145 658964
672402 461814 742788 414399 121383 955759 518449 94707 119726 877400
667433 191200 913492 487813 326179 915444 440501 75867 8659 258042
482466 112240 734317 402167 53029 374709 946540 371046 156047 237636
608556 607146 105218 84535 727147 762991 776463 898201 676810 677969
881657 274211 185766 301740 598771 848656 819979 296663 131193 154117
74821 738398 816934 756375 810737 777757 828174 264459 744054 441978
617612 937684 960454 276175 607003 818138 197178 515953 673629 567074
276624 423271 279185 319140 256732 689885 698207 977787 523923 931635
491430 751537 483997 895302 282827 905770 771053 675172 618919 924222
870623 852736 736334 892030 709730 475093 396794 663954 622843 587383
816035 754752 632143 287898 442443 37279 620276 357764 749448 389807
537049 161476 18036 71248 392919 184145 228985 672274 74114 140364
457452 264296 501002 125917 747269 38482 418432 929882 429301 698321
893858 476600 625032 779532 177814 48611 808280 395684 316320 989076
637378 797282 627945 885244 971262 533370 611843 687757 784885 225763
429229 735247 307647 436288 825857 638265 552398 325597 598556 782492
479143 406114 712298 104679 815018 61116 814368 420277 935777 74474
566477 930946 80910 604199 534955 771910 468756 34269 829284 593690
336720 770738 364076 179627 281765 237730 608012 738715 487881 907142
259719 726022 579733 870064 142336 793428 923967 717199 871964 91282
288077 729947 499600 383099 843995 474861 654010 529564 511162 603830
316834 239023 362073 725777 387903 394419 442803 842283 279972 723224
294170 212060 949358 539732 300588 222637 12597 713542 503691 835179
863639 307193 856477 706884 549056 743943 305683 40928 466083 287056
86002 854956 532906 58626 64960 708715 711682 736881 984578 111944
842798 286276 552673 996933 90263 876097 342813 177740 604857 264522
861250 87715 962301 360771 110702 332669 163467 353153 701634 77868
841613 452816 220898 450825 881769 21351 412314 930122 731511 965092
561565 969468 304104 767105 664808 925938 202358 362631 365142 115281
329012 585225 213154 733371 917902 493662 449380 971792 460181 483188
589974 831718 227979 425027 971151 356467 193241 761219 383164 483897
407062 940476 205778 8831 210886 635565 343307 669169 54121 983089
975929 618483 166323 14916 247781 661908 687903 641936 94595 466336
623896 267125 554865 378357 625200 552318 527490 475455 718701 241862
638358 251344 167573 229262 983353 461690 921006 146247 763238 295933
438435 806448 908144 871827 54912 32624 850649 882824 309515 958727
40343 59919 455545 116904 916737 925474 747464 12274 501892 23912
493633 483974 737716 354985 177131 239204 248326 639214 224208 711264
864201 675715 913507 123335 608197 56352 768766 746111 581031 98832
391218 634814 110774 19364 910143 778364 684544 200660 156523 571648
499149 867627 224725 158178 246550 625587 313832 864583 213565 741244
67559 559682 500744 184763 963469 294607 881845 962701 445885 241104
847126 401152 35151 319233 453029 557604 516959 400445 832201 977847
686659 547416 994322 415106 566475 702387 305978 374827 803808 683738
963950 435822 942832 726383 637891 950920 733318 730629 528958 466863
339751 84636 851425 52703 559581 775735 166210 235734 539225 19799
445501 265162 652076 858859 61074 47618 953359 616274 725383 612822
340314 188536 382798 837335 16500 420864 3548 943659 789390 368029
405688 331210 493523 92205 235994 638127 916555 152026 251180 893023
420395 170078 435074 237417 371743 713826 507297 677531 130542 227051
572832 959620 280656 824949 796673 483502 111971 466685 329026 182313
414419 962126 726760 291443 298756 936993 693191 658668 251817 992171
28459 892125 651988 860679 27747 423350 917931 415472 66279 369183
590880 485258 358061 632890 366219 235893 262777 644151 474867 302002
126053 941190 36024 214215 873845 187143 92871 161757 714446 203690
338003 313526 382463 39687 182117 192360 739655 977430 451935 290061
950548 928193 327988 196501 428807 241030 447123 519287 102531 233907
299916 851000 526290 131753 372962 937441 745767 668846 607111 760453
351117 561460 648488 232373 643688 942197 779759 13130 343991 788270
121136 168793 387103 868129 549120 406688 198400 121433 170469 872563
606168 106276 687206 473847 922604 262680 44436 367953 678813 458526
536743 1353 237711 695234 288955 306336 523668 481616 439046 780506
276804 645924 236988 686522 468819 52349 798799 228946 69849 243138
511848 687662 363155 482187 834233 314960 502256 178159 445649 716244
270024 570471 215261 436183 678903 78151 488365 224755 118360 419159
794279 243523 933033 94627 648377 625156 421761 142147 60212 285610
137601 737288 58369 671020 271064 506437 84272 770302 520672 729773
931891 955102 791034 850173 454289 380245 822537 328743 632647 453390
453005 716060 214373 754121 164494 991345 660032 974299 321545 913114
701981 660051 402522 147019 848296 90249 607510 362094 568433 345755
944841 738653 173627 929246 308767 227846 103458 432806 310243 101115
373762 982861 647518 456892 875533 466925 313607 754876 814942 717681
355034 495605 840153 840541 906237 161461 158438 493551 627407 703216
645514 314396 602334 90939 947567 773310 118877 403493 457211 452425
637964 19344 3378 383223 293162 78285 944826 250201 928239 878013
562503 331908 843023 955449 354496 463109 545058 408895 526321 262152
660609 288571 732288 462494 848109 556030 554106 963503 197826 516640
884187 772625 444810 555370 948544 779152 159126 208395 977171 115799
714562 276298 159067 84171 989670 29933 967978 599931 96110 970681
137773 721815 183376 581670 149078 575171 640787 489230 826177 976790
573787 32011 321589 463504 245815 462972 657444 563644 904721 25286
414879 671929 526545 214295 682826 105653 844105 250588 54883 473569
93047 79966 712991 228778 244369 569564 503445 105915 247402 22642
472282 52397 403551 134600 808299 753631 374546 84115 940025 68178
246257 880275 243057 425891 820291 592876 459304 264258 104024 313596
21800 461380 135432 346595 292120 307873 865969 260852 152223 25037
774058 569902 820748 182551 547153 76546 249215 596470 726179 947426
674040 52346 488180 751290 103070 359387 368240 180331 262273 946527
186149 339818 364215 97274 504814 866212 722625 525312 165825 377280
413067 918070 178938 673771 214911 741610 165150 712958 248933 793194
765690 917505 548641 190084 754789 861053 691674 243445 721248 708620
972649 817848 495935 430012 228959 311472 547474 221967 687726 887812
460584 785017 994695 418671 313040 764305 707037 284425 583627 652775
681182 989694 545625 391965 803695 79400 884866 354812 881433 669218
460914 146495 875188 393732 12610 415217 879124 804696 845151 963955
997883 661826 164339 212530 87147 535118 261346 965545 556347 317674
277402 739380 459590 800288 205114 76458 251352 57651 259107 20643
401926 378280 909007 134993 451172 285584 843022 720055 436598 314008
665315 336227 497512 710300 850630 72939 275476 289848 150958 813177
506350 168170 145356 140826 790878 498907 472123 956045 7348 548274
611928 472267 910253 481318 799689 522027 175212 895965 748255 661082
636077 268527 543628 790798 307797 170766 281187 703653 315994 921002
407872 221983 914918 255940 908956 851590 655911 48309 667943 683251
597544 165668 1934 7958 594310 22344 319416 12924 24625 505393
558503 367658 609249 121446 284670 467623 617994 452269 501799 428664
898412 301344 416482 872993 523753 33892 777946 594317 504304 442419
70193 935334 999421 15312 364974 106236 752175 531467 909691 432188
123376 721653 178061 140998 270224 948917 94936 880891 517718 297360
820169 522889 957471 142244 875319 299161 197172 236420 706925 73904
303815 558572 221966 92326 919323 92599 774758 792769 78748 451719
567484 881145 939536 565894 398071 976736 747179 596632 538804 373064
639726 281152 673184 674418 358447 433369 948608 322010 612039 407552
257361 773473 32754 104021 463348 896742 227862 627360 323725 988152
797145 387483 384361 467893 985030 532232 661333 893280 750249 781132
3715 588501 678748 936296 124040 340021 421458 668282 785900 974565
92945 597740 585553 324471 568344 4851 329398 870555 648992 393784
384120 289957 605694 901128 212006 894838 653001 524181 5003 862765
276741 145575 855788 737356 189272 138022 904546 282275 703510 63966
46407 819139 726948 141363 49504 458346 498712 6887 366566 539376
832580 621809 87068 439040 780931 325525 196845 52159 219699 470944
769950 581614 457544 402371 586997 653275 175519 185475 35354 710127
593907 242456 589297 137700 403210 607425 461838 597809 437817 229843
526958 592610 712343 138398 219882 895221 29820 406961 729078 602549
328288 654005 331147 272384 196978 835584 195493 599291 736763 696314
938630 759392 947011 450499 413933 547881 222429 571290 690500 525481
86927 826259 117833 529444 477093 877777 96290 145557 94063 377845
802319 554829 909671 884618 875030 358099 553807 205257 206257 66629
274743 412257 650187 617683 891001 151229 920800 416500 893758 476791
970583 671925 108136 825093 839326 192775 298113 199077 892661 963561
467783 742042 302886 985284 824697 221413 612737 656320 733571 474243
885727 858397 652381 35370 961766 356236 615218 542220 825210 558360
163710 621846 250250 209092 456579 409251 829374 282792 601575 755135
450537 34582 478377 402010 537819 48852 157400 376558 61544 151755
245959 278122 979719 849324 229737 69808 595866 714045 612760 372143
742431 253475 727654 126629 646544 537696 25962 479360 89404 663771
57728 640805 95889 577178 375741 477354 285064 376060 885966 292736
629500 559868 939880 535487 54430 827421 150418 158574 137855 381531
603530 287448 109540 12367 770470 796813 902498 59826 512430 378764
6124 364375 43537 607102 390584 164376 526430 330024 424430 712038
923278 222936 645716 449179 683017 872713 951608 543441 536940 623088
530320 380448 37491 386903 102881 111593 626253 30433 150276 154069
675077 751596 349428 118029 417216 711150 362254 521391 724057 348848
647044 649758 632901 922743 754504 118569 134581 902512 748438 996819
491989 822829 599035 51088 840604 937368 854635 360660 195964 700218
923603 186042 181403 639105 543640 591048 102879 269 173303 290958
899123 366240 663816 537117 877282 23663 427460 96053 796429 869799
553530 257356 670884 979619 823167 916845 485294 839705 493177 930039
310113 76724 847849 347124 795688 19128 274254 956481 967068 275564
755414 54967 915328 477578 520119 67863 166282 265655 991990 100201
529033 183876 233286 148792 464006 477696 267995 26852 874670 655013
17579 927348 120503 147275 935072 631720 952385 986107 946619 980271
841336 347526 69334 872365 257463 879495 296624 55608 406340 975618
792491 465676 400473 960749 166633 603104 549956 491624 733446 475024
585734 47923 33901 740435 798046 840573 683742 202591 464797 407271
410298 562175 410013 385363 543823 961321 241381 67685 670655 182994
117929 465301 979608 338883 695818 662503 147834 31340 256141 84516
206915 417981 700719 890129 904517 556164 926479 485658 405620 599963
17003 654552 150338 40712 907528 969054 1611 908195 398872 373234
137468 694003 745703 103334 612187 504973 945072 897804 243223 78050
572831 39684 357269 390892 381096 734456 825855 34472 847765 500651
653482 346246 394634 40326 217420 243905 914234 406527 515866 920170
930033 444183 717037 1858 784584 412801 1662 982416 188082 771817
675006 753159 18490 859716 780038 633101 133437 63296 780962 404253
413641 94061 978491 301676 821859 243041 163747 950877 30965 743825
654615 513175 437854 357665 412823 915258 862584 259149 450071 968533
358556 262434 575715 347974 316454 154613 632719 724316 454337 826352
14262 134545 379878 943690 230608 118914 737532 404702 989414 585120
840075 891769 56365 305814 875696 994854 576918 64317 565186 66756
426334 668146 268664 816393 149495 903898 538722 569119 339910 622466
794648 802128 389960 363444 535154 245789 624490 985069 905753 52604
289694 532037 552565 341003 768048 715277 385426 572525 206364 535891
824399 246687 620889 527835 866913 576494 103058 421842 849694 193156
571065 252046 445024 888757 886874 951525 433301 625390 329704 753419
701127 1919 437921 280286 945876 648901 401967 503559 600058 280871
17325 821178 766513 356836 384761 306932 114274 1024 814989 618038
548781 923306 612019 371302 315348 893629 946952 963996 645697 162683
43311 131584 590522 175457 784861 242488 985879 174614 241598 17239
322824 392069 976027 953915 916529 418219 757237 211366 464021 216405
749784 808147 308667 873175 696987 562434 926704 249983 286430 195229
110449 821080 754270 740922 937353 343833 906161 935358 912068 164902
222472 685178 61329 240693 888227 666355 692416 850793 362395 952292
132501 810875 899647 562015 403358 535548 334926 57485 25533 736862
40848 702185 765057 778943 395764 459092 786902 909017 105036 69155
405914 539717 992779 759231 785510 968890 289472 589524 372559 8593
269683 735289 194018 509754 739952 589270 34770 485955 929303 92174
637910 400767 347917 523818 791214 892781 114810 232082 841510 815695
773120 660007 948393 91979 736138 744416 824255 442797 142043 162299
788743 177798 395539 838279 909493 980960 43449 785091 820106 34402
631213 929002 298648 953815 113996 749647 262590 857379 412404 182633
462619 79145 314501 653955 371025 888302 123183 105300 976957 249441
340199 505046 359728 800246 205514 647391 970911 840395 837953 570943
667338 21638 979087 331594 395338 536493 642875 374255 694834 996198
872054 820828 847696 829002 656612 158606 861504 217762 613858 505974
480605 416095 161569 582864 814020 380324 530913 288115 804630 274607
369290 943801 974407 502097 712152 739858 735322 574208 444582 782804
143478 589417 378751 612063 484233 775869 519832 517766 497583 770520
156520 148076 783450 41049 512937 673272 222247 683757 185229 195986
945415 724511 820461 584418 800779 199742 781251 32809 597251 968821
932990 340312 223906 207828 739381 25375 752641 673997 186820 779443
677569 441199 68698 9227 320114 376554 299392 644308 962426 732794
364458 771788 175406 374464 605305 46672 939619 670947 661694 748896
233175 636513 605123 736610 90866 874844 380628 547940 590789 422728
791706 802733 209271 70587 635677 525101 557583 517082 802606 163152
413113 514774 209969 341064 301643 978424 484807 235939 812361 846594
483246 241527 313205 552001 553963 808785 136818 831034 859839 33047
832765 372457 443665 181067 396216 896830 6662 543305 884995 70266
153650 472978 124475 926874 234194 20676 85424 807646 773870 393674
585540 39482 263302 297663 315097 373426 963396 768031 638365 362091
957372 738648 988996 215391 619208 205536 285974 694401 468031 146621
246352 365158 967448 248320 487717 523204 654599 916229 47552 530283
163149 365247 262682 660758 36135 259948 505897 470468 319352 902695
208369 122998 873427 166316 185392 851756 184048 108470 989039 668512
539435 259977 833225 165713 53774 498369 146606 865720 603944 533086
590190 389190 590256 282967 274537 897712 337405 794229 47660 653196
595483 908318 348990 225076 895576 825050 514657 890094 323558 314717
254713 624359 721530 611594 102350 366242 937027 665592 155796 967909
510511 906467 529130 816747 56994 952532 467829 63236 312304 653839
75127 754888 909170 932374 336870 442341 145712 805448 222975 260457
779976 763614 254939 226605 652334 860415 708379 829510 587997 991359
614525 412260 711000 289696 396277 401249 212342 376702 488011 636214
344436 625326 678210 110680 100722 831434 855756 152123 585213 681789
843095 459692 609863 699276 179144 593561 871905 357742 527062 244489
70666 211589 812163 535727 556288 677234 744650 595152 554333 98858
650946 807139 591584 263847 390471 47907 665549 744063 41085 994334
243431 367685 734274 856108 268736 272 829207 607060 169583 409949
22690 641469 61585 500422 97727 91098 657541 270998 566743 639585
602458 391600 686200 169240 900038 652829 9610 625775 864350 944922
316911 582347 540083 259519 866302 142641 423836 331456 644736 142373
812079 765543 975190 134487 271582 176821 617470 589199 400836 366622
117715 421318 443785 984940 821920 921553 801103 410314 807785 702246
57386 552305 957287 667162 6729 112717 649820 369200 797258 78137
261608 441770 318488 227795 93915 923056 310494 564155 284848 667133
939544 551789 400834 463738 612132 908435 782655 119374 613266 144888
926530 555849 189365 325564 618834 691898 773456 302174 85643 167780
619284 881930 378901 760357 920356 609388 121158 551198 78715 322913
541223 513881 800571 469406 823617 499783 1202 705561 575775 993158
214088 256113 725416 107730 293087 275867 510121 541935 108736 177856
174854 238354 870898 867072 928893 95194 959516 527512 250620 912758
500978 57792 38413 905871 119495 548580 46854 459749 570177 379926
8112 785326 743593 389555 548943 397004 841885 843225 231331 25640
528556 43397 883699 643318 572189 914921 245363 663225 432833 975623
274212 318444 892034 867873 695667 665634 303733 410249 560879 916719
845114 200932 306219 150373 14152 364297 194377 825197 341281 879285
611328 248965 837378 988109 971670 226356 293602 851437 589775 620774
333107 574850 47917 7595 171690 128427 434837 790543 37797 230429
660428 780863 337893 949078 270028 750313 150016 454211 65582 822285
316732 252389 734825 222922 812584 783030 793598 481481 320616 429455
862795 508540 27092 70893 51220 5025 794323 102407 399914 323186
716071 417038 953071 246133 497208 107003 647569 86309 686013 2046
729037 851493 963920 424976 365031 554845 959092 187654 68076 225026
747776 212374 382905 313495 328467 36196 950859 71424 713383 981546
121741 648690 94312 657040 130636 190980 400290 991065 880316 352366
581400 842082 224160 998550 963545 870328 620424 761965 830401 763743
112002 411720 263492 174063 794740 115067 260585 755405 98113 303844
889271 707929 197465 518107 958582 743768 751815 81260 535686 283207
298944 392942 709981 154093 706650 326211 591087 706293 131338 300596
697678 910290 432609 320219 170004 808830 516221 505498 696335 304391
916445 665951 619756 325994 28908 205836 487223 717526 509441 436416
942863 586418 247395 76808 186843 365126 5377 711703 143370 34289
31459 474669 113739 960616 707958 334045 126679 324256 431443 615177
279249 848308 163082 941312 758192 449393 664793 271956 555634 403828
357182 981849 325489 843972 436821 614176 597234 368005 697258 346579
497159 43251 379658 321931 773833 130274 995227 15352 606624 52583
424591 668927 187352 134936 924193 562110 336872 977555 784855 169073
462183 478460 926717 313169 863835 355896 343431 225445 767336 238808
354283 553557 579661 526976 178104 27905 872271 252593 772054 354350
248067 5051 225019 9531 792522 849985 502655 968227 288353 277670
851458 787090 442367 822178 411780 906844 745783 236433 775825 566539
825201 137804 136585 964968 884322 813660 409909 760856 236983 466847
918115 648177 399979 974711 992764 333157 487108 145678 705615 355180
922988 835661 46733 89371 841618 642945 833060 870197 126997 627271
618588 283329 876431 937059 283747 853997 75247 293047 652359 637859
205321 834390 993117 588578 203428 818307 565140 411 938202 764577
456403 457822 494267 983989 32803 214806 80212 623722 473753 961776
548350 833641 19458 957673 454119 442029 855435 782595 916908 2179
234494 313698 545212 390593 654662 966173 942221 896665 948246 541503
131116 829549 40630 909315 31130 53332 203275 229775 287931 465267
142047 11857 351780 391817 401007 355730 954766 796589 895871 227440
988571 134007 539182 286987 189447 231040 592525 194587 178736 955508
682356 521705 539918 468552 667691 325748 937765 391059 362972 637632
187860 491525 696480 44878 389595 984242 689892 955445 284347 670254
24338 998647 258539 220396 681165 302225 421412 579806 893229 464684
340084 342535 212791 460344 742088 185596 708842 21459 123044 809041
311768 783682 338930 380682 524114 614317 996459 115895 522379 509015
861642 311614 579001 610039 536029 392793 452277 679535 543873 32903
851400 957697 994612 388387 878785 284869 664644 436252 661825 558027
883814 861810 64148 107993 723732 339991 417880 590422 228368 724899
173495 515106 112570 465627 566177 44653 291954 411545 441556 52896
671426 934603 190716 212400 659293 788418 273547 224040 852363 438504
947130 479566 688359 288988 263903 5829 321418 548710 186610 83642
410349 33432 568804 201189 341238 592635 779476 437393 337324 264297
47729 458752 679087 930188 257332 677124 464601 494443 702597 178811
171434 357254 196854 739618 465541 666761 627832 101159 271278 836861
275872 127952 811449 477449 882795 327542 979712 796492 467547 383451
579617 792404 532995 753037 841803 324703 634358 346909 652345 353795
156801 411265 22277 356960 875771 149510 771961 329783 60210 396177
938443 48216 328933 649496 527781 169034 642452 240613 949611 894249
971482 294886 286900 975643 101503 225986 140894 774244 492520 898436
836004 519481 325721 51851 761976 299930 790324 47174 858263 682060
844991 815969 32832 250833 40405 33195 62289 591856 394415 83628
774026 229804 360046 666601 347033 678754 574915 214113 671793 360264
185354 701027 527546 958457 602879 521769 191107 123641 220053 234683
694092 165744 581572 739566 886346 917821 393433 386997 743138 337992
918740 84518 548518 912940 60334 805996 854017 967948 526682 292410
216757 277438 142000 179651 481838 692078 791385 96788 829878 938599
611898 756534 217865 582733 255910 353015 142768 815597 996791 916121
46424 842175 628067 395130 39013 655047 419416 548055 570298 883276
41473 319216 853132 147181 289549 538505 991080 43295 78848 565844
235314 677465 606306 273065 889531 373521 821100 179104 456615 277676
58331 607132 285234 410790 948808 200954 922413 351782 298557 817352
859719 38143 356186 486185 22626 62167 627987 355091 81997 742757
588881 950848 92460 551625 849001 130227 833008 194263 123448 969056
904724 191485 952751 485045 130931 229824 94525 96158 286980 574425
836503 603935 304122 931409 168021 552469 899021 969817 387340 679085
242683 121801 595149 517311 89313 967174 928482 748492 166420 690645
733426 802864 964090 548995 876584 378108 556594 665015 79007 780361
721527 548576 745420 286283 562210 876825 503424 260500 182857 749204
776562 885516 656594 44465 846953 723620 213762 637954 254418 176416
77951 393180 224883 265147 531138 537957 423321 837855 806680 311792
80161 994172 691792 158129 961813 154956 472692 850775 916286 876314
701690 271411 52711 200300 700318 113600 706162 387280 596273 365511
901401 676669 361402 481134 952687 952256 595482 540648 710825 419907
651550 471729 636488 907069 578116 512997 643040 318720 853820 163287
384912 397147 962856 883715 150141 563098 943171 937169 356464 265166
842001 827682 122828 513169 704007 797000 334621 808427 235909 888256
470164 312558 387783 318809 774491 452381 644375 284823 144015 840173
269198 357266 695454 433033 266120 881248 570498 4223 737776 535059
935921 823533 984411 564475 197212 646218 210897 518739 160586 97492
119477 515627 990680 60319 350250 204504 328493 371932 549116 234055
279325 713691 908819 756039 28919 2521 667021 613545 978047 917361
115989 310400 649256 805926 445853 575578 140558 900167 251034 753670
140770 828442 152410 655742 858799 267808 212607 524850 516217 258482
375241 927925 617631 764892 939973 274616 78837 323213 824055 902921
439696 95114 118723 626441 363578 591655 639398 155589 166996 374849
994224 442100 688692 785528 220164 345629 390510 210371 863117 212322
357191 619555 977962 392123 40793 202725 54582 112306 276497 381002
77295 362861 989637 70785 369855 349513 943749 938923 662855 482517
936920 455904 409425 263869 319396 691073 409415 984724 259812 92008
202028 62367 150460 375688 415632 965568 708045 345442 511957 879888
624020 158412 24876 293010 104429 82582 576899 922135 308882 120341
720909 234025 956169 142624 165554 752244 143052 75567 607039 277591
333130 473329 773288 415971 671770 975404 100619 864869 788423 74236
1821 353255 586788 321297 135883 80058 589562 129199 11848 113653
834080 477877 676124 712456 307727 797638 826793 86342 718794 406712
441072 864016 337776 137404 696143 108767 876164 995484 415336 7505
562625 766471 373383 14957 99002 578215 471383 608707 512323 720852
653487 338866 22919 180603 105644 517954 387015 600969 123172 528657
535473 224185 56917 182935 944077 87327 892827 961996 736775 864164
389937 940499 662257 819098 509021 649410 532102 323543 769063 377201
827586 286906 554899 521974 472894 45274 432829 762885 1604 683405
631000 30778 587287 907095 193761 395370 965931 863595 871167 628514
476393 248627 223340 213736 995042 179150 471135 417327 424819 152146
525448 856431 519269 139054 891209 698721 150307 881327 274431 496286
909634 340271 574296 995646 550791 380262 848403 935914 274284 885148
84615 439354 818927 398381 120472 711014 392980 395098 890101 654863
41880 761569 42876 990068 844817 606150 482161 614920 488876 292260
604212 885365 386046 417454 791167 166782 145992 199389 768787 114189
88417 409328 962363 385381 670223 168865 240405 900099 658022 681585
283581 878053 577886 425343 865151 591260 976396 79316 987 610601
849297 825024 67837 734749 666659 367513 757581 394873 511784 503571
930831 734920 113571 743373 216379 225382 21511 290882 994770 982323
25486 441326 763466 866108 941314 754226 297002 962737 37067 256432
628734 238707 377458 384100 160566 972582 829950 759938 570823 388085
624421 958536 945425 947828 635737 504257 481044 482080 717998 189521
116443 624878 115311 13840 872313 641760 233210 866740 281485 482245
615306 646207 983216 678695 415851 815264 971581 757705 791065 242859
678252 245014 293228 912857 756421 721701 341395 216329 597159 88680
9870 114730 123231 749768 182273 595936 959671 902795 988413 963323
227556 544721 831050 72880 170917 738115 578641 331309 887766 285176
544892 611242 112641 359618 642695 414707 29133 338707 390893 506865
732605 543053 384451 850683 881759 888745 532225 199829 190978 98282
245996 352746 412959 223550 18637 397922 361900 610452 495445 942915
70486 814929 143035 489267 159361 856122 392226 75497 194291 966236
993598 163142 92007 923633 777514 102270 864500 954264 812822 570065
15489 92604 233871 611481 268401 964405 578779 338457 556454 190754
293104 236691 704132 784296 717726 200413 278741 940265 46297 972962
43013 737167 542287 14210 971933 329116 547358 135643 158299 472147
50165 431882 288795 981369 33983 891463 97646 96284 157602 709660
732325 161615 63597 135502 972702 799828 976473 595227 705026 372108
115227 926185 184754 547785 76910 470290 713039 569351 741157 272392
365316 447697 5461 329331 415854 641541 256022 399524 498773 264813
105210 324085 655173 852565 580027 554978 363812 935316 979169 411029
133912 641848 17089 503555 454200 261162 445507 679862 583964 829378
945945 261745 394060 350492 274504 951341 619781 309312 800837 59658
749670 786078 339768 805878 137267 919483 967274 910601 986839 622223
69461 703802 107202 687873 87080 850122 395413 1297 879002 457031
54057 383020 487460 817369 401223 426648 515464 70401 744646 87136
104210 622799 513696 194608 265373 446399 104466 546998 940050 193798
102297 635511 636586 752691 145966 974292 489999 722417 201083 435366
774239 656074 316390 936676 548649 171869 927378 908070 352909 387293
584551 485004 12660 644901 432264 59006 547756 288289 311785 782685
49443 884737 603243 763642 850933 70100 288779 750806 370159 932849
699981 621556 719022 69403 721461 667257 547137 597803 208005 413986
865401 191762 679055 257953 249012 265464 125223 784054 7475 16799
27270 655734 181930 368837 893619 128150 838332 130591 343357 64125
64347 666921 102032 804415 213728 122408 398671 648920 310703 173938
16809 910948 218083 513776 299329 781432 48664 583929 350082 859731
399754 576138 350332 296742 337827 761797 373530 551408 377621 770214
586883 709694 419113 468032 330461 644692 381510 193562 829194 417741
825173 274651 294174 404088 621237 133035 820446 184920 180300 299452
952793 244970 183196 200243 661004 704669 762220 833055 422702 628222
230746 357950 603824 856150 571749 422391 253551 244723 897672 294779
459356 871735 168583 904865 779059 123031 145887 708826 480151 413675
820940 733209 275140 941739 919221 219431 880720 6620 757368 71151
852738 729215 943935 890620 219830 133675 289908 889166 482354 439248
81286 378698 145651 631990 506072 937372 856359 163305 343289 860353
504738 253343 927685 748592 63492 765808 477489 336601 54593 947983
659098 518693 73713 105562 366907 107566 208315 752784 383362 682019
589521 922008 479713 135413 271934 342392 47894 779788 554787 212560
888530 536292 169186 919178 74967 416006 444065 92706 965338 362626
320007 230280 623249 108223 524080 994525 63572 186644 751483 306437
842339 346849 484873 438998 612777 600462 318229 927246 354208 404568
308576 602314 924105 122708 832889 730666 409143 899229 788343 708085
98377 455451 297177 378157 559438 628949 613792 927161 930005 865252
28528 255679 472454 155950 481808 367142 464200 197139 946017 808480
500992 209654 940539 378789 983775 399884 982485 998380 455665 93822
738939 520070 130314 745842 764534 492347 40044 570004 924098 601294
569849 943803 77087 727545 915527 158407 646947 417174 53723 482311
581391 507454 94158 394134 52316 425929 591314 659665 263249 52084
626435 418354 538084 260103 617255 199952 304719 924345 519443 85886
9974 10171 160117 120800 750947 178003 210257 831456 224099 642716
687817 166311 140314 843684 812650 781263 959376 663043 516187 552511
870026 14970 162703 615213 294847 454658 843598 425832 767819 940965
568952 913636 636143 240181 554255 505796 550170 205256 975145 667548
27766 511233 698548 215896 315893 361636 717399 655638 602787 40515
95284 890728 510028 182370 284734 194172 177309 334709 252381 757593
90984 169124 218840 382437 797074 664468 769428 638983 783582 530357
959559 954964 746222 548463 298234 374920 587927 787615 787677 786636
132587 417058 136321 987312 190527 102976 552804 550442 244278 695700
875616 148405 297313 110372 463685 127719 116306 593164 743813 493658
538447 85338 928442 605512 929304 975646 766369 88731 279414 641357
489706 914661 231378 749377 611493 331022 751685 284966 120570 482890
522157 823605 939225 859451 768174 634728 874819 280471 352005 108314
411610 777556 528413 158969 223305 250386 954868 656138 93222 513542
507371 944722 38111 305618 276580 367121 580189 234408 222591 361711
11115 225015 899698 133750 382632 651760 427028 882938 452797 207457
613769 574807 361498 531776 428802 75736 742287 438993 70280 380527
249779 893463 436208 755487 636128 812054 529816 370069 183211 616080
641502 1333 515832 752785 506225 576475 123817 255537 771057 674132
91189 850120 498821 248599 182502 947010 970038 497106 616284 521679
17349 272279 24858 992556 699704 841109 920078 86155 304230 824963
597553 486664 294469 526788 930995 758593 908192 472522 458741 409266
150334 482858 603776 73285 885657 881411 912163 385506 724931 402214
89277 883547 414531 576243 774077 789272 629274 218671 40303 853029
114244 635332 492 839487 637975 424344 220511 56598 1562 725462
10591 102490 24639 532977 710075 114415 190100 303912 371554 985498
256689 968199 981758 402348 337889 140197 946627 299893 669906 434667
1730 509981 232968 605521 845426 628749 48719 378574 682243 459207
891059 67759 174408 684270 834895 514719 388699 195678 197572 798117
673429 855572 335264 78534 978832 602827 848101 270482 579038 977427
741086 400575 850975 10904 458424 522058 437043 877913 969751 615428
932685 963404 564447 86867 63631 89175 596779 957135 121043 416805
100559 761989 770587 628882 776110 536550 636392 329028 81986 84473
888384 969364 662895 299847 25821 473700 890524 690365 887220 970238
618146 528436 234641 461758 671239 408785 379671 648566 388149 854452
329373 556927 419492 608244 577634 993796 210459 975892 214787 965681
686636 184541 613057 810835 10252 63368 310401 741629 917860 233704
125384 230348 660227 986764 573720 82591 64716 514926 563166 485460
51123 50686 931871 882602 256370 705024 868474 534975 126795 594097
385860 280954 737829 408932 69313 480933 34212 653019 748825 38680
487799 998422 589768 554559 953700 701620 840691 981246 980899 361835
836299 369986 4892 843391 450840 680977 918038 701716 258639 800761
439910 373722 581606 96719 228109 925440 956886 911824 554007 695893
929509 452249 312282 587370 571916 708184 966864 489321 486211 760377
321246 866851 48105 219394 499221 697341 14642 620886 284381 78835
216736 689092 506904 482785 896323 569392 436248 964446 700621 835923
292776 568484 581933 216333 236805 931343 672517 328201 728988 560988
868445 345635 62929 266422 397129 150342 68251 99300 915702 224804
171334 297714 296001 505165 471770 734860 56776 865955 779927 406923
833190 793244 93030 600580 920825 664438 599649 905954 661544 201688
794629 190593 478355 650779 818442 216122 775746 905690 708786 350381
748966 681201 297063 327080 836724 171615 318038 76744 69874 194456
302535 778681 212516 253268 544819 294221 936938 381618 654649 712301
275934 659954 576931 340803 200888 403662 905817 426177 221004 997906
546751 989681 98734 815277 577691 365268 784199 876535 388857 583046
493146 396146 192649 948394 303490 950891 187334 715606 249968 739745
9193 742345 961964 123400 922769 802874 480998 256002 636762 141153
501317 160367 793971 516509 361810 626501 257268 486747 828011 849363
234121 581009 627858 994636 675888 510741 188912 193668 937239 775995
798668 972407 658532 275089 811234 865177 774863 908631 202830 101444
755074 115235 137028 652073 767826 498274 442126 390879 433837 570488
435050 97491 312816 866639 636947 382275 781290 646095 362700 242204
151154 593209 76640 925 750002 54347 359730 866161 38298 67820
300105 928606 212238 120974 142642 639936 35907 180920 583274 701706
755339 55241 942923 99902 726083 265585 838154 799231 476646 753362
334213 160923 98153 604534 437858 658633 364487 955748 596756 32635
54376 760539 803791 34123 228179 724505 14308 967956 639567 949177
400904 767592 642707 255900 356754 444540 491597 787378 401747 961541
368149 48091 830967 470135 312263 225943 670139 824632 678332 610848
492130 643848 900533 797636 728748 466346 994861 533989 514907 884036
347884 910776 216667 380712 519707 403807 571606 489976 273250 591119
258228 481749 493592 782709 372016 22076 133309 669073 31022 145527
339097 950937 221380 838340 529846 803097 990263 914762 944588 20115
216824 114742 826162 72754 245378 944897 689322 20742 787498 68014
421482 774476 793722 422848 773525 415314 767775 842425 964206 60070
363450 692070 41439 962379 42444 335746 31883 524652 302169 709300
951874 51856 256803 47231 435103 603501 261780 721140 485032 56041
318136 580144 294284 437521 305020 914522 747479 842693 282662 436997
781044 771176 898243 603014 618053 498764 726455 631584 646665 33930
600653 738765 692245 301844 977730 881367 465740 217358 591304 569175
985804 279816 20774 70861 642106 914493 181671 933482 363651 46618
978800 94655 383351 488183 671482 808230 997485 731795 481322 313141
47719 530690 144393 388684 904683 798879 653259 50807 755016 219608
690996 82070 318782 638485 845931 669871 223091 588593 794252 587072
404321 902827 324394 214654 684221 626518 488593 200148 300055 379661
540176 923726 991942 775048 130094 245797 497150 795756 582781 324373
358326 670329 71928 319099 959938 594779 853086 407561 978738 588691
342191 418471 450015 454120 769635 955221 903543 594664 332138 55929
330987 718088 740261 670055 901143 400521 809043 398375 381296 8287
408505 647451 790202 755567 298306 970738 502890 364964 688312 925840
218128 345883 829989 482923 447024 569451 653162 31772 794793 148795
776742 129257 925112 152405 355574 574046 437663 369606 79546 701447
155569 369731 547662 615060 818037 59566 26368 361412 765881 680508
583783 965350 176960 64029 421537 874996 815244 786045 705711 990929
120281 81293 146671 494821 264580 320361 499429 214037 887020 75694
959246 539329 748075 217577 247615 519418 43520 123724 220907 103946
507674 303328 424686 390085 542795 204237 613767 669250 186565 643296
319489 203599 873665 501927 879793 303810 16875 874824 646950 140401
721632 983345 592447 753205 253112 520557 316958 341802 265696 391974
474153 224951 16721 697138 966755 59921 770508 930733 558648 27586
276052 833746 858923 869380 527634 602498 490975 969262 199886 116542
359108 59214 553802 858341 535928 418505 543082 917209 913302 35605
496382 855445 148635 398891 882304 347642 858953 816646 997394 16355
934831 591792 408151 796340 136093 479825 150355 295994 633896 498087
572320 685399 59743 446018 17156 324635 37048 796995 762708 244749
29742 307830 942292 36051 905176 767492 865986 335642 698477 583309
909309 827946 623867 251181 281600 593860 846003 763773 509980 248315
577507 98088 703316 995307 578695 221099 465473 180556 748644 201051
16978 606819 425809 330672 367546 479453 919936 995446 704351 451491
592503 858163 78207 365426 67265 870430 341222 883872 774229 835164
88559 433655 173010 577998 187201 389440 466484 99715 948828 333564
945604 507760 241019 15247 430524 653833 992591 323023 32054 361796
569329 738368 80580 46553 593703 406813 388965 355879 892199 905379
140555 406318 571192 252766 970824 920661 7037 553339 588525 773248
883970 447853 403317 713446 13744 835011 412407 302388 925188 257969
357774 640751 231982 11375 821070 846497 382833 192046 60250 436919
929412 102507 97350 66476 557112 136771 597043 951365 164241 950501
648732 955097 439776 809801 450356 387859 458456 723520 242002 806486
74774 107078 744066 177565 257530 843367 129552 99969 909941 335218
993015 56481 980838 957594 773691 889072 782043 981549 625328 933450
778954 529503 707808 406163 429110 539786 847508 763674 475683 145720
994326 178759 946460 340126 308822 68743 924056 961432 442364 947433
513984 682981 475105 937397 129173 261110 631787 265457 449524 301579
942427 800494 849572 224308 796481 151034 668273 85697 427379 132353
350397 421576 351792 293042 936091 570122 390768 628306 228282 408429
837213 16788 184795 386425 793815 76100 399456 174085 67616 186966
985245 994031 815927 887175 603823 190595 88959 83395 242725 455425
350938 61097 620943 818703 684370 227430 943095 163251 221725 612175
376899 549122 457623 103100 418213 541728 793672 211113 75474 648588
21996 279226 60164 719089 105974 384908 703021 152778 823568 245492
280517 707088 8809 324270 379202 388419 295967 845581 929716 532893
217052 45446 778746 438621 70267 739497 105592 481219 116452 832605
566910 877299 306146 397572 487667 61857 766169 497146 632257 39167
314666 913567 182598 176174 921639 630567 889505 36114 770005 480996
329600 698936 208775 200220 172575 434161 142226 260608 285173 507022
327881 903523 811779 809598 179685 297935 487572 486168 665767 574843
222474 630016 214465 26379 896264 432532 361258 78881 640462 140485
71496 581334 449416 140720 9283 717221 277892 46786 864240 197269
403421 971090 912694 901745 477360 751373 14926 137297 954934 182177
976585 278776 844488 308484 347389 426576 480378 359295 539098 896173
672208 866058 937003 654015 833311 224002 533574 175099 851079 495684
873129 328628 603395 725597 771812 417827 417739 423012 512725 269878
234787 26939 221078 998068 713203 758500 758308 804428 72432 7697
472281 739207 332691 903939 852148 886579 7947 558899 600457 464894
251367 901852 402097 848427 569144 786962 47815 956358 142133 851769
574361 248902 806507 538570 335073 52921 861025 95219 872752 105367
595975 763533 191490 502581 348710 980047 506099 940103 105525 45392
593348 96453 994662 486232 761129 955177 807965 997084 497559 907052
340035 914471 57747 588154 804742 686538 434922 354745 739716 576951
444590 737385 14092 956754 830928 139921 601865 706065 223505 315733
44124 317108 563201 19621 689189 65877 26364 50492 288344 775939
490007 430134 472649 754397 786411 210612 115842 604890 551584 233676
386770 377774 362630 992951 153749 237894 526766 532374 567431 163243
93754 482746 38972 453703 451039 144821 807637 200088 903107 161684
270993 963728 216043 229288 422074 796358 43454 535824 268934 251155
216102 594929 212623 308680 281253 707743 820893 258858 413285 394316
573515 654826 682705 535972 679863 200873 457204 830988 740678 567719
568555 302663 991262 726249 522873 716270 961633 354713 236822 711431
191079 566935 923992 232582 656836 248364 431622 790337 592419 871198
376013 394547 890902 970682 974071 984645 292675 148592 138830 44025
147835 29771 90500 973288 142089 275439 93748 78118 998528 228157
910794 108278 692555 695675 313858 893022 42781 667200 350151 439869
822134 165850 190482 645764 344786 445944 184332 666069 147652 283038
127453 911048 611646 803351 262174 779413 444684 236441 411474 237472
564568 440626 638061 324580 817947 547606 927170 729538 470040 698242
498547 578678 898645 143670 139137 334774 418659 52947 401364 156333
304128 533589 322720 378882 570736 26455 776540 713130 34258 256883
97806 79650 512302 523125 352165 202015 633865 969628 258180 761682
643637 978696 844501 97624 426608 643619 410054 860012 197672 30839
347557 18560 513478 592901 755458 363609 148184 175092 457346 269706
616316 558867 577648 841951 6506 672205 830937 639015 183014 998025
946377 694309 250372 489337 817500 568778 924467 208194 319586 183272
655851 71681 302035 743291 140054 611578 587069 472213 347889 442550
456106 745870 509720 216335 85512 678193 348618 287441 203745 511264
305822 244599 790532 353813 664840 232264 910977 721284 64877 29128
18750 460611 881839 654875 229096 855401 25429 371708 603059 206843
645144 935277 397696 93373 23325 903995 610305 395464 662746 432218
753286 391428 519908 111442 32689 853267 374029 187873 514806 950509
477864 739614 558247 136631 405487 346125 858674 449691 518863 275243
758368 6115 993043 105695 290825 64219 478840 169592 969849 582437
974416 173529 645432 832882 60787 935670 641055 782239 35155 681894
654411 60955 439265 465868 121661 254849 100569 816490 736193 727118
409353 760403 827352 124680 662602 99840 673755 743829 884424 73162
369173 29301 663069 218987 25966 868031 221326 53253 735646 228367
594210 673517 470965 356976 685741 861305 604699 764925 274152 675346
10211 486779 931496 971142 34688 60150 159010 38474 283516 889493
287045 888528 492852 734164 139812 309542 876572 81803 945022 637934
311952 189847 666065 240760 149851 901898 219978 956292 329584 448898
314298 362648 449487 527665 160015 300089 723423 442147 771915 945640
34920 203466 48123 870444 606588 637119 696535 254803 235529 316863
917419 907601 491099 907728 203612 571407 378001 332102 322643 79116
532024 470520 691058 27961 74635 648717 176059 274143 983526 907567
163737 273534 471780 62950 544735 991918 875070 785154 142889 775273
53870 284033 64579 430358 19938 521947 476798 954844 794312 109674
889910 183074 383171 35681 823166 787336 216124 491215 416913 284989
820686 242743 985859 278613 398163 446879 348928 932557 352076 220747
431788 294579 333288 184535 298713 202329 11652 676415 199111 399162
384894 497101 225719 362444 876680 760511 245029 560733 448651 188871
968619 311590 495411 165422 363995 145733 573877 964388 241736 593541
407798 406616 668653 866096 15457 869036 22290 225742 745368 37277
244608 491072 223472 207204 25683 764117 956534 807553 347835 292428
333580 497342 973320 447059 868805 667782 338196 281883 285396 440504
551079 586903 497997 564963 904016 472339 894370 431560 387043 746689
422838 328343 167256 532077 925206 228515 733916 912024 954458 341673
784956 713989 861507 761791 314703 674563 621907 278032 320000 313392
656959 998267 170372 782475 367855 430750 267559 549227 871281 177348
535754 583555 140482 653848 734205 284434 822242 543317 200657 752322
908119 951038 187669 895183 700556 843298 321302 337206 471197 742726
70819 37713 886392 121305 893656 906488 820313 645768 785610 211269
958316 67100 18810 664396 299760 448954 297293 857391 265809 707534
619533 670627 669030 868999 276648 137458 192776 447552 948772 643910
835908 423144 415109 239345 676188 675957 820444 314925 398053 366282
20208 624841 856717 734431 820770 494210 857349 345650 718364 368649
949057 245409 775250 358022 170524 951291 439082 491954 463463 986987
127658 114238 610605 186783 91237 537928 553276 976095 112061 529021
555480 861626 177359 838890 796001 380760 464500 142718 332169 976976
208532 897716 878087 658511 911809 23159 184816 741177 707470 112446
34644 107181 930129 882354 639728 707779 168895 88109 31171 288248
847791 105089 251054 263201 129885 342957 154399 725591 206073 596045
442404 530077 424555 774172 511259 683780 522287 304201 788581 979499
487860 94336 877712 156885 847509 477881 608780 860857 683265 732495
390378 9336 477153 418235 874538 465089 97961 131230 880512 929704
747457 101281 299449 529742 554037 198946 98548 386478 840349 112348
574328 851384 803426 766849 247449 179867 198398 305134 726274 178054
214482 87262 202153 747881 434987 765778 439013 655180 258891 676565
916349 218240 518991 865406 863857 101627 360156 89856 689084 316755
144414 595336 338286 494713 921348 671848 843044 452167 549838 176443
781264 453425 833577 613315 716093 616434 631934 809439 302660 115871
985928 317355 564907 139519 56177 849690 114549 976205 943696 44807
805096 753892 275665 177202 570861 881563 313806 100062 456435 361686
190507 856635 965950 383843 956000 639675 877112 350803 662173 776364
234945 468846 943557 954009 223352 210315 751278 33285 410593 740667
817406 564270 740920 415908 411423 245930 574895 220545 306541 311941
662032 677729 85434 525480 137847 852327 824079 962568 519021 7313
391952 285303 118514 675858 33192 24397 372931 972172 311849 840007
257908 533611 152854 895319 107176 714896 704923 837464 235330 85367
799959 905533 283061 361994 893568 752887 759064 709360 406943 531328
689393 13343 106483 963072 847585 374490 384860 131609 271506 123062
223432 136960 879267 565415 962973 416150 285079 470737 47856 440812
819515 141278 789409 340333 728401 952223 881274 305409 693429 365837
868832 609221 377252 546537 967204 882838 145162 992488 437846 670885
754216 113310 337437 803957 828910 594452 725133 206566 731737 746065
129122 49763 222841 408307 710583 661832 209264 603732 459545 514610
219980 400645 52089 909707 728244 410680 644203 365887 431586 335831
820521 673615 586983 251760 609961 688858 268836 880541 524815 235787
705600 339930 673714 465871 789851 981424 709323 26683 322650 547761
139507 122959 530146 453869 658387 250948 534511 505015 171451 896236
560924 938026 204744 907856 368574 947004 635394 164555 603090 286313
380225 821285 77736 171356 268025 946279 654362 852917 167000 421326
611175 971099 735623 232610 135701 249161 765617 853340 227876 289049
784976 121269 684000 536216 524224 470988 316382 972348 66396 769935
79644 504318 304163 863808 642184 17762 557846 64285 77432 750024
295608 960768 171681 40735 80427 13538 981097 803528 834475 508464
705078 892837 217582 874603 987640 830544 645018 936143 617221 736097
916022 95666 540908 238826 877324 607851 863174 199855 28421 824814
393673 736495 294746 465260 363147 169831 850421 231949 685275 541090
755250 402408 426849 444342 772840 619524 509376 523607 146571 419173
249751 603026 306761 593417 514580 837695 849500 874801 116918 341143
935725 708946 654735 249352 343962 732795 544667 14198 407768 165076
559055 555741 986286 200129 270577 921259 917698 512364 267870 211859
343430 89859 732303 363597 653625 991404 266279 197480 859904 41545
937506 783085 243383 883072 435236 56335 60191 505395 656977 382213
629618 778132 381281 772909 678881 745858 215719 65744 586751 568727
540832 893959 303522 362770 843252 849393 708192 863688 437322 572012
751754 41781 535666 644234 866289 586831 31307 865284 373152 491003
442772 570991 993450 114079 906493 432143 390632 599745 820636 739886
837094 113532 598265 332592 347968 643445 336341 194948 887996 511099
181140 76410 162011 215681 870420 38184 500182 944719 688045 42090
521923 559243 643702 789787 595366 645304 119486 984412 467094 494589
230785 309461 511087 207640 192002 347404 608623 649480 752032 424333
542401 357374 798997 535803 946461 257518 850437 192571 745461 965187
512269 236714 771018 347067 510796 554290 205991 804491 355570 86657
7393 492743 143038 101622 400202 424126 792210 864586 788508 126770
169906 514063 585822 798620 26419 16773 626645 187301 475366 659629
113623 539583 401024 286101 926747 526299 942991 662770 756111 835237
52127 448169 583315 647331 290865 121260 455771 473538 581 967648
594782 410476 354223 812207 684381 142099 773385 476240 282571 336564
552231 173294 757484 532957 290725 570697 941883 356725 971906 193408
45214 920667 939940 288777 375765 869250 855265 281771 603435 176879
965939 61543 501643 157909 845735 253868 254923 553414 333757 670668
336769 306820 454546 812405 571686 159489 551955 799847 20782 406437
757716 854165 725917 730398 890659 333929 423890 300302 791855 735162
936473 897954 318778 104185 192268 901937 112349 937320 8602 757428
947770 302121 154955 516772 348450 998327 508636 615383 890629 327806
360811 326640 105775 861437 48334 377610 557041 101113 422411 522589
375249 695477 791860 819455 395531 563704 48088 580406 326494 498823
342506 434174 220114 826595 346810 833947 155169 151409 348394 198567
505952 157173 91569 440106 113831 682125 836623 318992 771718 197289
464261 565900 60303 378347 13123 112031 770752 866637 811326 711254
669932 941966 114255 837398 237770 241977 259681 851440 652669 903639
223010 402690 715100 994405 84741 542728 792027 708439 989194 283276
741228 96769 845782 166985 603609 882438 354563 475606 619069 897936
570256 457015 587197 620606 138129 138930 364771 152532 7829 342764
520570 647290 754418 647704 273241 573991 102706 797617 448945 269440
359235 1546 751522 729610 625962 755672 244523 780848 658319 589546
314313 622534 546977 650038 816441 791708 186652 368413 316948 526247
643950 190512 984044 389123 278478 630243 994068 99291 846308 111853
340178 45465 51188 799208 349899 96618 66099 196163 483835 657251
465717 463380 686506 351050 975539 412271 852538 245065 318978 980150
722061 447706 52623 487892 307352 264183 143361 331677 111636 850207
282942 888456 482587 236587 206350 868157 953936 408553 552187 558985
734183 567180 620448 574692 194709 193357 43056 598674 225213 218038
79064 926809 255872 972854 353531 861235 139851 649987 123544 815206
909035 546243 432903 895249 253033 764817 311294 616452 406946 14383
487316 433857 311749 805404 315515 454806 570170 982135 445873 381135
357781 955687 930031 731132 306554 766724 310854 98866 137296 614197
181080 603663 399428 649122 252332 647425 103404 251486 974225 871813
793386 577866 562373 317649 95304 771757 25293 76302 662102 222755
555876 897109 919702 256905 849746 310239 407215 624653 379085 597460
433580 289552 849198 802476 500776 827094 703757 481451 652932 642053
6039 39652 220163 546187 25016 303400 953771 657626 840686 299739
857667 585118 897831 743867 826549 520091 967447 473202 159140 646136
731268 665808 30330 193792 313725 910335 976346 854800 3685 258931
933946 347348 989599 436132 746800 165985 361945 363713 776500 251627
960525 109087 112828 704790 141294 504676 434095 817043 746500 158034
596959 974463 793919 393819 509037 31066 590099 521867 856053 47444
419648 320227 416148 651973 169360 666550 977101 123147 684251 888655
397371 317609 911627 873968 995514 663172 4436 475759 288583 575931
453353 447816 978626 340579 628403 766069 57197 628474 876189 593767
504466 708952 386112 524243 511175 137278 698765 2199 500629 364324
844365 619642 526599 991790 432933 524792 588724 582166 187388 360106
899068 798564 38859 571326 969441 324413 261267 219090 708434 199350
822323 587117 94510 539034 816159 141746 518737 801912 922627 510404
617268 493324 787531 55591 462562 272862 180113 806180 914168 509331
960101 984322 383849 923579 86130 284176 280101 672726 892111 955724
435590 451832 245945 43188 524565 713394 449979 253805 562292 868525
834241 895441 509778 597075 723270 361574 874500 416410 254193 270895
243762 185975 21776 878903 820563 681909 557729 649312 310003 988967
727622 164955 171397 890652 280126 453060 395638 599193 586139 763182
832568 805555 544491 657204 3707 967083 502053 770095 960960 135533
441724 42603 601451 894712 216174 721184 345476 854840 889412 742493
74797 713324 652734 83282 472182 496568 236148 677618 481995 403838
862168 26186 808048 539506 177158 721646 757717 422358 1640 595490
261523 282768 37211 298860 868397 770843 78646 532147 81556 704475
957621 683130 281507 758861 623446 157802 708583 855387 998625 629384
536617 486577 350691 646145 363920 864482 520370 700209 987466 909521
836962 943158 933809 869617 599152 310107 762226 764078 58263 323623
715991 478025 628807 912198 760577 374797 217367 500417 143494 291327
190582 892366 729381 647738 903930 627474 650945 801621 408435 441340
96724 637054 158950 940421 20837 220152 8327 406128 546122 18606
28889 100644 905980 429571 587324 385293 88179 383815 229329 483786
581333 997772 447701 662377 634616 499989 26262 263934 155395 95845
464714 212366 173310 847690 139603 71145 461296 479392 376650 952802
392653 773559 777462 959567 373836 69530 69157 32268 326378 677515
61873 41984 647687 993156 853364 962727 675086 511228 237432 359181
435673 757316 439566 562395 534594 17812 712692 83488 292254 980034
858493 231834 535077 733145 994350 590518 633668 303902 228121 894234
627043 863735 727683 81348 753546 693894 119761 134382 432379 794108
718703 265053 355787 162230 831093 22326 278678 244633 862034 514562
73 782649 682121 649325 920149 655640 684184 769576 331558 794649
821450 786505 456961 821541 92506 589885 615969 811982 442062 240032
736169 172480 315640 58407 787384 340865 799630 596320 261087 294674
476036 232234 556047 620171 599189 78869 341829 582547 508994 969386
8610 598597 604930 279072 484622 491147 59616 253812 350555 714661
55671 493853 870092 105038 883557 254314 614895 942356 712479 683310
505760 565 64441 461226 462748 841690 595319 126020 47289 1215
992743 654397 849671 294214 26525 802826 517158 269564 404812 923589
478193 999128 731484 103337 758585 832132 622084 682621 84760 200561
45882 205504 568239 581704 202841 190919 461483 112013 59705 584058
526471 700160 506063 380984 334630 786039 69521 675745 170508 718827
831592 202293 216152 413305 863446 785902 374504 521346 52661 261043
859457 533532 175525 129313 745004 128158 220813 774146 3520 14749
153713 854617 430479 15340 699412 675525 135215 58598 341514 548733
126424 552027 488400 48733 25770 283514 927198 124423 93901 950844
560648 46938 457684 80347 277587 888443 923810 787050 613827 347089
338856 559353 586043 9827 26524 247596 363038 135024 584287 948179
244384 263960 476874 856142 222740 478561 633351 152572 59774 621522
693502 979431 261651 995251 710280 328373 534941 926344 318399 663055
562423 854530 162827 141751 460312 56090 644106 188042 560973 115681
120762 231620 957886 418641 259609 973173 751971 57014 310424 876408
117912 659371 205726 782989 855947 592387 609371 207312 917951 835289
512205 907731 113562 589130 757389 254701 81726 362002 845537 341121
227226 662842 108109 460296 78549 586959 901320 687243 379544 252000
635856 441973 416371 716113 135226 376965 188581 41178 537694 49502
886439 628672 943875 435682 244059 359225 848538 865631 111477 13742
548224 605135 366401 81729 198430 72770 264899 834192 367838 654226
70215 300329 306542 47068 223427 927247 679554 18454 998387 274474
371749 321153 560020 221509 373765 103929 950136 833113 563582 693256
255440 773034 366019 202974 53809 711118 414579 865879 678149 462381
914873 991581 353541 997114 95923 171160 481412 861501 793069 771514
634450 191613 509956 640702 945972 90891 485497 148787 81440 824062
758170 188067 423045 298089 516025 944856 740647 553769 768445 336420
288182 393005 37136 520162 789009 39395 38616 208169 534425 173816
343123 627206 358174 696711 773557 839783 765891 155383 233131 52630
730232 903296 291510 236806 9016 607298 390295 506311 341129 328998
705454 627303 887447 295511 249586 934245 31692 389095 969936 826066
97095 758111 942322 625535 936083 231703 542809 152216 355816 220649
164854 688952 118732 333709 548378 238949 489468 401344 892051 461614
7016 354131 139063 203192 232599 242048 123823 698335 253931 609647
403862 634158 793398 618085 40822 97900 265742 214543 763764 417157
749759 22441 158031 889889 234536 430809 284562 370172 514933 682563
227564 667956 109895 326411 121030 990966 74793 216222 749676 562368
354986 617136 514159 367535 760851 290831 190842 404713 509265 871800
490722 723953 10592 873368 496982 729566 820883 921455 356567 404721
418105 786342 197436 470034 716459 690483 759175 894899 560447 552787
548281 965477 366384 616650 524589 239234 148976 767484 292534 273672
504803 656578 226350 549266 770791 716035 860670 591940 542698 447780
720140 441313 751469 496106 653512 364037 17027 775086 255431 716603
189534 813726 881713 785873 940197 229831 494446 930575 947255 277143
975380 263434 696537 133910 830439 933726 658317 875035 324346 526175
879003 37245 540794 877044 547841 795854 958957 449238 938922 197157
798902 123189 146765 937688 670729 86877 191677 250281 791398 634813
839461 829257 342270 851208 502974 424667 530585 932919 308858 684308
399313 49542 712214 200725 49692 704571 72756 413713 41196 681567
589568 417923 370002 754806 462489 710589 193539 311963 937565 260551
10740 946628 706003 78251 304493 142025 755263 644262 940924 607607
725793 710331 899700 998091 233847 438429 824995 667777 970997 378381
85363 343059 670837 217771 877147 393400 654376 924748 988828 244372
387074 899716 214772 250170 927462 310489 37805 649263 390243 222125
177697 44847 925682 420022 706138 945630 259337 553296 703724 5904
916625 934498 443697 603184 868796 988873 679663 123579 653561 269213
333665 536098 627480 423143 467632 371906 282448 780419 949492 418787
625582 629634 499697 957500 130430 546642 891889 763781 71217 965130
238478 792973 969224 441000 440881 214433 686389 856731 493613 193713
831660 28608 746566 507131 391215 585900 98075 433012 279058 533296
898324 77315 470659 230959 225088 977094 687291 287592 857268 14165
525510 769187 464536 834841 912895 63013 857855 156514 234050 944298
154670 548961 309377 903065 589040 873385 553961 399813 737526 589009
398908 738116 741375 302504 759133 153332 349717 591324 316456 23615
463429 655044 156665 61286 857566 811830 231501 405099 823322 634436
245273 962749 229513 382164 727233 637205 214604 593151 905849 946632
619212 33167 221581 966266 936903 569201 651767 241864 167024 958287
907782 677481 159525 596008 130016 606922 246892 254822 733219 827588
713801 68774 101518 475219 237358 170877 90412 800017 48359 706519
490444 592532 75964 845179 559250 913644 695283 16507 998649 342910
211293 753593 92584 331477 503032 307170 180212 23250 927939 37525
384739 471972 419182 796434 733794 996680 880713 484505 479970 571471
282849 779657 505072 403580 269245 276911 72370 592289 807031 596683
153777 631963 585703 279372 977375 201745 784043 112363 106081 933406
822875 388070 282774 481870 242246 77340 473500 337503 833734 417185
727094 583217 932904 720689 243715 724156 844315 825395 444086 368768
581080 973541 105464 312175 798384 237040 916245 631327 362051 330054
626191 43619 186685 19654 614801 955779 84075 326031 779137 275256
756201 111091 610537 621123 914800 47798 709209 309231 809458 60270
733217 568479 717539 529052 817808 312914 720691 426844 344690 590706
644679 935585 2420 840706 814744 818141 638852 66359 802415 780957
786910 468270 708346 688258 917639 648900 635293 244045 316182 205759
760525 465319 494469 685733 323981 108198 746153 406457 441588 25274
264021 136782 795342 543790 623957 645102 72949 861494 738641 340370
323511 816191 47841 948223 303916 692444 316243 713492 341004 808650
360997 724751 656025 729033 449603 285372 198116 152487 550738 28414
593080 39084 758247 59204 351169 837168 652483 746316 154577 465550
251298 5929 429366 391374 980107 950532 540596 565430 447627 574399
487082 845651 741677 321060 198856 261317 215 130271 666553 654773
79737 311254 699587 382079 977330 574003 889384 913464 178421 707565
722829 844096 990072 919791 908928 944451 936209 305696 419733 557392
678850 44103 981851 946894 817345 516449 739652 57465 487962 874939
309037 328540 750171 510081 174052 980157 175036 573354 317485 933551
398679 840115 599038 663596 288972 787969 215789 147873 915553 975960
824808 966971 733435 933051 870381 486837 911436 781979 489320 559557
621687 554081 564964 108407 961680 396082 484221 762355 457884 960003
853420 680461 124241 957255 163049 641599 882607 752014 536541 935840
699991 554949 14765 859432 14232 764975 958374 170100 65977 757168
586456 776272 99032 568565 476993 659499 532273 469121 636233 49745
876786 194239 29467 879115 660819 272369 975888 346474 791647 515960
255971 42215 244031 214689 155101 217137 651875 342217 86419 833292
805287 737270 711166 253424 941839 120186 132632 406691 892192 606095
645779 777 118340 199066 295468 677165 765726 331440 306392 189295
91004 787821 582993 247268 872576 309990 297129 515381 533953 900918
212331 3502 478039 696125 31163 440998 507071 943386 104301 515972
135848 510297 321579 339603 63723 688709 294860 959540 322631 293127
79536 544289 618342 371454 302726 517073 138439 704311 248850 244785
362457 875052 910752 187481 431202 342321 913312 326075 129248 571092
573022 484192 781912 215118 722807 350884 318730 573571 267498 208664
730420 46712 163208 793673 44781 936584 347473 922219 338636 879541
581426 675546 804666 561870 129092 565105 765017 22323 937250 899526
141071 368266 802533 820692 619736 480401 658294 600722 44945 958262
834424 142412 14445 950412 503344 270779 58386 144624 51830 463232
192543 979300 738931 845912 528609 242350 786665 206755 80105 725670
285327 992028 112796 341136 954788 700314 19325 738936 488825 732056
162045 892432 399104 654601 130365 44349 353988 475640 907987 771595
451282 282692 441427 509207 120481 992184 595897 232569 559679 22725
680936 761088 304733 737618 753140 261633 320587 281793 491074 468714
781526 30560 935273 504686 323696 627780 300807 17885 776851 167971
408316 705404 559381 724943 921690 884211 562674 404187 552670 337910
426120 430071 915683 431046 715362 108009 659268 636176 302134 779124
974998 252777 302294 258275 754586 373312 182697 614508 272717 662412
112016 477620 234366 748919 705964 515843 621144 82099 740037 326414
681035 319199 991346 468884 596088 815163 957607 45408 909115 123013
993074 129278 368017 966940 717067 461692 383747 329970 729667 782636
419447 522689 387982 704449 766585 461339 542650 701456 148024 698686
931901 645713 135960 56072 165392 36066 621823 182754 216436 874657
34506 540925 508110 164427 938882 492492 780202 848441 792508 452435
585385 608749 355855 543197 418389 420195 667549 111454 613193 897686
905531 278631 104251 452592 406619 204752 60855 43209 221500 184250
679971 215735 340663 787545 266766 850077 412753 301556 793468 264268
835613 517035 756818 700386 360111 865129 870360 455735 947542 474508
496492 844338 284815 97034 157792 260563 729253 224455 732977 541100
107186 699002 389812 81501 394637 406543 218000 211728 831895 430840
80423 638168 875280 5061 756173 279003 289550 619522 271054 429449
977069 127869 16766 552313 672211 972308 771384 352194 23835 908718
248148 185674 331180 458941 32186 515815 614014 983425 939387 918405
982078 122702 373984 794748 525841 453507 13528 38320 574456 377222
586061 408981 499414 100109 130110 314115 148337 82903 243385 743202
676165 948571 842875 989707 488655 275581 771558 921767 460183 225827
333973 362354 22332 222250 291515 737922 290486 480656 841856 439010
225218 795259 763815 547609 744896 659044 237122 59144 92677 987974
536999 12571 385882 724080 656776 154660 117733 873423 729143 966336
255480 672446 913797 278046 996010 959975 573350 382555 557157 945896
681770 150895 317882 501101 798338 130757 610675 881864 722857 17211
607453 740383 459012 774559 785374 334386 688541 241301 465275 761361
722732 50231 412264 678249 400907 820009 839745 257584 11561 393464
767290 496811 647004 428744 201136 683440 103269 440968 91375 201403
34185 671425 426363 313128 513729 48125 741054 3772 269054 865810
367783 680585 778994 147125 421493 903954 432389 231781 201117 864780
287986 9730 759048 242236 451956 238298 765508 935750 281841 694565
942211 275555 197448 369244 807329 430553 178014 161399 668771 369948
630736 193683 108280 720150 622308 799990 626440 759674 629595 826346
198595 111448 909166 273019 222149 186396 766616 211245 629182 657279
57841 932396 974352 533732 439364 127060 717529 571393 369634 482672
456356 499977 221494 471290 74512 569782 93148 834398 779772 821101
664319 406714 40937 32220 258035 144190 432706 876817 384364 830133
554315 435766 589884 345197 257570 425664 199740 334988 490357 298655
635997 177603 507401 982282 308928 611102 625824 977864 883780 107690
974967 969940 776024 590033 13314 207010 794847 557716 957074 431381
104200 608459 241957 197163 884854 745972 883668 128645 219134 886687
813223 98584 689534 242633 329825 814409 998935 267145 462462 648040
473256 978655 608753 618914 678640 432907 210222 585880 156216 486551
393348 831655 800005 51600 420943 646880 471364 854894 382638 719136
909614 478719 707277 913180 450980 195817 911115 646150 680788 714394
138909 526616 980028 593147 332430 425404 554809 517598 328849 905030
612984 496879 197010 768138 760392 566301 782121 846869 732330 143539
66735 607095 615074 852313 51978 257846 132483 584499 456039 502960
669807 876231 531483 28322 252613 209841 404506 615103 908140 923076
151478 635068 287107 884515 279278 984888 617186 41087 487841 798665
813964 140500 336883 816817 282367 597981 567376 459407 646460 200784
886627 260670 539353 987035 209653 808095 33466 770021 233948 15759
637404 802603 733328 14394 328980 864793 747811 668827 551307 518003
418297 740717 210418 551611 473065 637970 942134 231382 881757 989492
457176 650362 617401 570128 984514 356096 530885 129413 604332 544101
964346 264707 152091 440319 499910 407604 829925 109551 413417 129089
698428 520603 795177 14218 235227 992258 526974 804899 217147 855815
379071 273280 120955 258356 348955 422449 481713 782212 378826 310336
588990 422238 611268 281019 287075 538655 472933 20836 557394 655926
285951 794180 817090 393564 247824 175418 189066 125795 614637 157350
776556 216211 413059 208136 203252 818873 459757 434712 972714 826880
505847 899378 467054 754034 971479 810660 227727 421833 745112 589757
786511 337332 87018 554348 628118 565526 2704 510986 604338 33592
927465 668610 962194 239083 484960 999528 631222 76375 170292 861627
606683 26401 780092 813074 469611 49955 955936 483863 412706 518592
321285 63870 164780 56689 357783 553111 847896 2058 854266 405191
324390 346846 774631 845182 602037 460333 907169 599012 910850 964858
319210 491415 296717 416628 332028 894119 203091 439588 513868 936137
658402 54505 15474 234781 646618 411778 511337 634406 342367 534691
445518 81935 905423 665117 110039 331249 932612 488570 549402 352177
398530 822446 204290 587410 256920 183628 990000 558571 268351 936368
406269 433662 61893 338454 155147 796720 952504 393115 385442 796213
20045 451609 696407 17430 779440 66474 888233 805533 447347 224770
168120 285572 619579 145006 673483 57130 200594 114469 361299 140387
306092 513711 307536 865637 398292 57441 70997 946938 394871 40791
810901 391577 53085 500082 342718 353896 314366 971558 552599 230021
755066 326127 942449 847086 212874 837201 86392 551411 329196 803698
999034 531985 411091 775457 895940 450707 652170 305017 736540 207895
598749 370928 961557 740208 768359 747279 87845 863019 742216 430463
996930 366181 956972 737379 417716 848795 467970 526385 431837 33972
418289 902001 169268 493075 736261 848036 973066 656436 796663 773068
262805 99343 79517 459227 838928 503804 300476 527481 37246 202594
235662 721740 790070 628511 896810 876608 755678 122236 305811 327522
720177 11554 806348 684821 925972 894587 578838 573457 848217 151006
413393 167118 159279 504217 137171 695350 825184 249763 950905 363437
507675 20412 6119 330309 404856 608993 554944 667637 355829 520448
410954 353424 383035 825314 963119 788469 72941 511049 878462 692968
939404 961112 102548 38710 493793 724137 525177 50515 454758 405603
832588 604654 803476 408492 376610 762485 159697 616496 511499 923299
973997 443529 345869 929402 503027 287961 896273 591529 274816 573235
222454 577946 995443 198525 60624 784715 87755 37699 69706 674373
219397 703481 731204 990291 183537 970015 888485 528682 513786 590638
112188 491524 141423 394706 775921 532157 979530 212951 258675 16360
221587 113180 352449 560956 36949 297148 823498 920437 933439 169676
569386 632910 417237 40252 199699 551771 203855 669262 54666 674961
80367 135117 653015 306750 961670 260949 455790 634352 315528 520767
196085 188824 220282 73404 14948 713893 149376 186283 491055 901901
754999 611886 611913 342084 550598 610809 14090 890682 95183 918294
69627 880173 911570 791770 926909 361875 939999 830430 560267 399714
879479 705114 450749 200666 516141 171612 689061 54030 611888 764227
204419 937550 685582 302055 864665 20100 218979 792069 45309 384875
248243 375768 830694 958251 485917 767943 469298 351327 68634 213263
278867 615964 265227 969761 693532 796516 744714 480581 595583 62792
457850 266849 504119 180117 694998 865659 243998 129337 839695 82343
922864 625366 342344 964948 479537 292075 509056 161585 315538 112553
487783 275741 491933 404688 367578 892914 660231 323407 206699 366632
96049 626538 211575 943679 602685 541256 378422 967769 559315 359017
677755 125290 382144 287301 601876 222650 388028 583455 57242 708420
818990 116674 829186 616151 903530 435392 416452 798095 420815 117147
213890 793348 26856 597140 490274 9272 360857 878600 471811 658793
177331 824222 713079 682055 356341 360388 357264 630946 849139 572455
654519 850792 151036 853397 515997 364669 663698 550470 60058 786240
607439 14854 809363 889047 452413 240792 965929 340008 243231 707669
7544 994698 7204 833627 173521 705733 187623 94952 564068 48453
673484 155023 603463 888499 747497 89486 982472 5495 893334 507468
103390 414636 442585 580383 83244 143965 381601 661571 884450 679335
993447 11384 282488 232681 342440 592094 868478 881530 942908 313664
896219 60075 619742 88678 24533 437394 274498 731263 687849 277600
350370 170065 710074 126786 500838 645169 490074 988577 906090 128403
587289 900187 783028 683347 282806 829862 733905 963507 246605 253080
427994 454610 633026 155847 133061 588342 915832 875806 313376 302160
759658 647020 180681 330606 715189 132633 90316 528637 918526 998609
162275 246596 307046 295989 657146 466626 470427 838371 930875 688125
123531 718250 657667 704211 395456 809576 347268 386412 574680 875787
322376 587520 597967 312824 496372 922262 318119 316874 528781 318258
756494 823677 206588 534056 253474 294745 177528 919750 192391 138104
548944 687879 324334 222118 835705 734276 405312 146242 427023 725319
508699 562552 568810 316826 115519 975695 532419 879135 922985 612895
642620 531763 174019 517147 609094 475099 724178 666758 788863 143028
70105 523505 733055 170967 207034 975674 908316 74321 934425 884831
93874 700794 360940 283241 162274 271002 228973 175034 687297 970906
140765 264264 48215 731700 510528 421717 49341 231631 901381 24805
922494 462519 875941 925424 510716 454292 536200 396677 87692 581519
388599 966828 366990 441952 75606 249473 768536 538635 727195 950044
21310 359343 284335 329896 286143 190026 237745 862164 599611 321646
410833 436867 183288 989411 513883 892934 298712 176326 259062 207275
905769 70097 183326 477414 594529 942702 997027 458253 886245 486945
209260 832582 859566 423226 940362 812811 967147 901242 946548 626031
335251 124656 419748 169521 267656 390754 943541 210312 566661 398282
27621 851448 771297 656370 630728 268505 980288 659797 135747 56507
549617 637637 134904 465754 339066 432654 145436 84759 567568 243700
594189 602918 46009 756081 873107 423058 779071 382545 133909 790527
242091 24316 258622 320268 883103 809553 504001 195446 401765 625226
827975 329770 626342 871428 71220 285236 93670 1110 229157 646366
684337 561324 722944 592262 312514 524920 462794 719299 155292 412998
339710 759517 138704 738529 951175 214715 263946 564737 635077 546900
757163 681506 53993 68730 508491 550852 153643 320965 536598 336107
612502 321293 391334 959847 283496 444958 521152 779368 171989 197183
585998 190776 730294 417304 734640 293802 629755 966796 607863 68773
985549 823434 881057 870964 564181 607553 606085 974353 162408 433714
178144 864889 86859 434239 240713 865204 461356 430103 77872 361062
224698 457652 900460 950511 990600 8584 982174 613127 947720 507391
197617 595873 903823 540468 900827 681864 128090 793257 514611 983773
860229 471339 803872 420977 612010 765135 364184 975342 708585 978518
61958 138176 700476 163707 415268 110951 507633 125032 616917 869733
830974 522771 250087 691495 982569 124801 768067 805182 362281 692086
113374 632133 482101 84983 26400 94958 590242 385927 318161 744745
237731 970032 523959 807544 884169 45818 378767 561264 268357 38871
429673 408824 375185 446843 124018 9479 63590 916176 868169 964458
171236 35760 779836 598945 375509 262452 15584 887638 302994 375648
956394 129121 49002 35005 288376 597031 36725 5544 223570 748211
851795 984055 465724 710153 522177 939053 455434 564367 754569 876902
16551 658549 866257 664559 554882 704424 650452 237825 947105 335647
13523 798148 601907 679632 612189 106250 429464 50344 917322 157606
181576 757355 812321 432716 143508 912712 606090 121252 803516 92137
891950 628609 426333 545962 357955 774905 315888 904641 583278 708490
637269 947839 709855 55905 665920 187923 101681 450469 302159 702615
789864 484797 208587 654668 502917 139430 85670 699507 710567 889759
567015 460456 168396 159712 229127 879148 466553 691537 371786 65490
836687 704198 614855 597466 431098 716509 829992 23095 236827 74198
607286 263912 220228 925328 207502 483969 82627 910293 223471 853068
234002 178330 651772 518578 501514 260081 118879 770242 670296 234212
756266 592186 373366 931824 12817 236643 49547 169094 633709 170477
965229 464853 149657 520168 496258 412233 275275 6801 637990 487903
954810 820192 428406 560708 270643 647634 311260 802140 180659 77887
607647 451164 678664 525501 583878 890756 22689 494156 703523 10025
74569 271507 982095 259288 755934 694009 549718 958313 952340 585608
824154 754222 42026 225591 834763 797893 551567 416821 979864 156490
462000 99217 393991 875250 16111 291928 339422 236012 259832 421762
440316 111426 767347 314701 167499 616977 830036 189890 935638 543005
262606 529000 587855 146483 919569 972123 285357 101255 27818 47379
313619 675154 373840 251339 227328 904356 693333 965572 22377 603067
212443 876043 611189 516693 811077 139188 51614 343875 299906 768312
926746 89299 861952 359924 775994 921523 230951 505920 814953 295997
615182 988839 749028 123212 63073 769289 902763 923391 34265 271833
443033 391774 55039 939192 750494 246785 812748 207586 93716 261947
455834 191592 178092 190423 798848 674738 968580 707924 301833 324664
197750 391295 912333 233071 437034 355671 680568 900524 82791 82512
546640 147559 373324 537409 292857 690251 841883 730348 986704 206023
275327 842062 55026 39830 647507 336096 720644 641667 856632 943202
250939 582663 567820 848805 181836 900411 935165 142240 526965 454697
610579 328677 270605 654589 427943 294288 476958 377240 308684 269494
488839 412808 654864 79613 289345 981674 318675 558473 36145 327286
499312 353849 176393 804223 929541 268320 704545 811455 938296 212081
528950 569312 354186 372909 354520 490866 511417 405681 143856 16497
693085 939359 145983 111887 337708 918034 962040 608414 897925 895848
593892 369103 607158 656129 623769 985539 186460 945148 666980 157775
627400 356789 309879 470046 119963 396357 114334 6420 246821 88479
420657 98380 656900 134462 833445 678323 540198 919544 132699 438629
384033 309820 111859 416266 213190 487965 135429 614443 772606 64310
378047 711898 375987 27021 255638 31347 209 48786 614747 850538
374982 425347 165216 477960 171140 923082 306943 746390 230122 776875
800776 647350 598350 488637 144656 696705 12283 450841 5542 67161
343493 37607 304483 930640 540138 200053 288576 495491 325183 595261
302959 215483 374834 924341 397600 990394 754641 867800 456905 960715
113780 953419 996151 320637 987267 313056 515590 775961 461923 517519
699130 268584 994270 680745 918717 557191 610445 501508 216249 962368
81827 914061 921358 286219 307309 427125 750242 241193 989777 973814
206153 166258 610552 430360 808326 962653 170913 784981 5833 402012
683107 960343 3480 756650 537869 850001 125515 17367 127285 990543
819431 77450 196418 675980 41378 86928 644089 496055 68102 297861
453724 356525 3261 271210 114429 58199 549216 300556 295068 513229
673065 804027 945051 588014 80636 322997 881457 168573 326085 99410
793867 364892 183608 414955 896942 708431 593638 24363 310484 327912
69682 511166 584031 608444 729805 383617 173070 800725 652213 22396
470917 728072 579588 25113 796594 647051 999512 352581 439730 378076
558145 601993 575021 504636 401692 394123 606519 688936 642473 178480
366624 237334 420322 470844 272225 87328 412338 948392 845171 634624
689918 215249 124409 256023 424890 250307 402666 533513 897623 979878
954397 472973 244929 870563 870241 454067 996915 261888 641416 698579
685336 628192 407997 105514 950427 37896 689345 164266 620617 793665
321117 122643 852237 720048 504275 805176 771673 887972 365310 930318
685748 373327 457955 559656 979503 114222 317491 776504 658431 882947
524848 491740 987231 655111 345397 706398 293051 664454 151978 18341
785888 54772 997014 174860 678942 272111 742237 851550 759427 627690
402294 629803 210146 279902 755728 455888 633319 797317 232670 680681
409902 320329 620054 135186 215764 811071 634435 312771 163389 379396
418118 120090 729494 987733 317339 869514 975714 976479 205706 143808
638734 919382 682873 427218 676047 262870 248197 563172 383640 953315
710971 619425 379223 619311 763374 768650 60209 408405 196795 246955
404346 314675 424321 166403 206543 123652 792619 927319 75361 651646
223667 801629 488067 279225 92406 366285 891359 908882 955472 406977
298785 941686 515870 121603 761505 490960 675388 441349 466614 896930
726766 50146 381215 546049 495550 290703 407218 662973 533619 550554
76659 306743 870475 180918 67804 669585 420173 871907 311642 680644
191022 577476 682374 998309 687360 762707 847200 536584 319628 160028
482458 962465 74932 701622 124292 242214 50463 300855 458831 578480
436716 112670 675601 154138 837283 897204 580239 191497 196605 380976
695664 117287 290787 637575 959635 934488 258219 570443 668327 401702
166359 45674 727989 966217 25117 761622 671329 776806 849386 356865
581095 51620 986112 251195 488078 312989 768540 488469 911619 515219
968427 454235 705991 734707 75522 265054 735830 913613 634559 207984
74164 647218 931475 422355 739549 513538 867211 200896 907355 336824
186535 265425 334065 734146 84991 481287 101475 913577 536286 565110
552702 984003 527658 437571 29425 795083 429578 793457 921658 633999
800897 877898 82707 13326 371750 424258 72381 819361 616716 188475
911314 910481 993665 360377 297570 839823 848309 567584 428304 104508
980841 450246 691493 350051 42854 602308 175545 771954 419349 369905
618975 296578 746945 659246 828576 329057 214233 211594 991970 361920
161432 583943 232620 732365 60287 289303 85591 121828 719871 503606
62759 516009 921487 858030 962435 452753 935213 913782 106287 88173
518233 650403 945464 80031 204196 895819 799147 436382 577241 877407
636972 908033 60540 140536 556915 196224 897437 44222 472959 491797
766277 686657 833742 460922 387543 208660 116141 122864 991322 375811
96761 412041 644432 60296 820306 444583 679584 517736 550864 409891
312713 860037 24702 305170 421058 645236 508789 509887 741702 767257
430590 999839 163767 14253 944128 747467 302437 142012 234295 775188
328953 7979 658959 405207 50029 503498 66612 521838 630140 707566
10864 729204 254243 186440 764253 26486 401659 567416 292071 727351
594359 283988 311662 521602 687812 331337 457987 207525 53449 99915
730919 168368 489052 83012 782009 171856 514393 96794 41237 643751
36326 708076 594491 292955 376329 2111 149113 735504 172770 189353
322019 214978 305824 389018 744408 32897 40953 501736 622952 590520
884164 297152 606972 358452 118740 735514 473089 125608 555479 221608
856805 262731 642626 191348 172234 5120 887433 445372 450142 465886
882093 177379 554128 209321 755956 239718 17103 838554 326064 282060
960795 186221 860302 348127 568099 438647 793930 181332 925807 999003
201804 578588 844085 151460 25120 742494 920604 713250 687166 100371
209661 944901 183168 204286 396020 310173 720304 626978 566713 118203
934970 348017 996832 516123 856788 662793 765381 637687 914366 628818
627549 344907 328902 162211 689994 569776 630910 28913 258718 683767
740004 85913 674945 854794 673468 773968 178209 774104 992303 556512
875680 788166 736424 407949 498044 672754 745041 731978 636361 653397
100563 207098 864376 140551 678545 891371 246217 364183 472525 828510
522969 882065 442260 137675 129576 922489 146895 111962 935414 144884
927905 892410 741203 918420 387666 288417 204929 856308 809746 248344
539121 940709 836185 43097 72272 987479 313833 793921 333491 776106
327153 238157 548183 591925 412960 726606 724351 902804 191661 917396
77160 449550 596697 883022 661380 315955 730138 62156 310098 108757
986728 316079 53907 215211 436600 757775 936387 232573 685610 258767
25901 305541 817373 156931 278813 267948 852312 993295 913454 75170
939662 740324 315757 839779 486260 425405 187080 547660 237293 160867
911713 189166 139000 397489 877361 8354 596189 129218 776148 216217
992165 986955 31442 570959 692642 129360 140012 89466 780248 853481
296448 519673 613993 659641 388357 833064 988983 962863 918072 352832
940187 367180 600201 560045 82302 354018 888016 338222 527735 290623
585524 996221 999184 162377 680067 333880 8482 519149 136094 266370
639602 918826 670435 315088 14962 161039 319137 404284 279590 597526
502771 39236 512710 482058 858690 606554 419404 696922 844003 568663
817346 656531 198967 716437 762025 22012 412746 322284 752318 852754
291881 627402 336255 439707 687095 381622 999548 177458 840962 130313
610145 951728 385789 264898 995716 109981 582276 162861 255823 858465
696784 874029 540766 413908 240847 404587 639716 677897 65924 959151
94570 975221 652081 387036 766276 209963 240653 497622 209345 499971
383563 177462 923091 476315 771179 937109 282464 99857 266423 774453
664500 802259 589462 226665 278086 367453 586395 977203 95329 464095
984626 110306 532955 374064 115835 631282 194518 753794 675380 495457
867376 558779 38963 889111 310382 94966 249982 2007 64942 198522
385144 451648 486690 590463 471438 204919 15881 599519 549869 375644
967109 182180 364912 761049 497876 733243 669874 511441 980993 858511
604257 750161 771243 91345 505346 443462 262260 370907 168986 154263
726436 519416 361440 913895 846444 47242 830359 125944 555206 554430
10715 218851 506438 686388 543954 931032 387915 219801 951680 317311
155495 733977 429240 100148 451082 806032 382006 171499 880478 347381
820845 156594 23658 25264 146670 436701 201950 196299 186435 822722
90729 999609 964764 182318 25550 938173 450316 894739 717426 715799
668357 470959 430854 632933 868046 214547 793683 213206 854093 596345
750691 561258 444410 557692 984791 389863 369965 261933 391623 117528
959009 911580 32538 505097 443190 556433 593386 100164 135475 889973
6033 804641 241148 287762 411651 510552 953954 152096 7135 205627
886680 689340 690057 772799 89877 941449 954088 877313 77814 970790
89397 397601 919133 869391 719443 131058 721878 713108 898855 637022
708521 910374 232551 312159 666849 94155 694466 963235 598349 10499
847181 298669 223867 781069 619379 210338 77651 945612 405996 295770
683141 567595 894784 51544 796841 729741 214984 649421 87384 72559
66087 319745 909927 789672 587679 876630 707307 291761 107215 726682
563297 938227 506449 732941 623534 186900 191321 460243 603152 467840
154245 965459 536043 458588 361325 257242 150327 797854 855422 4312
761885 118449 989775 933115 728698 703332 723826 27116 500408 237439
472320 949495 182491 594912 569847 436044 824336 726461 595195 640252
106217 216035 987049 828201 108826 128078 48174 106902 875644 834702
337322 620600 263145 550457 387560 883745 70978 651794 174490 394730
74965 26226 301138 580033 990581 101241 678704 735411 829783 629877
769311 438692 753768 132663 760673 415042 510727 191764 112028 681258
654688 442830 97977 683497 616345 905205 588928 281194 290948 154070
31090 48794 704606 364352 883432 565298 277796 988511 410379 320772
814575 116262 416260 329759 708426 717432 352758 796893 397166 420105
26352 288539 902554 215302 348397 660365 747834 223445 71927 611837
825559 56845 6595 614238 808879 682740 399636 968132 453241 420462
359252 798675 783324 752796 71278 520074 843956 528615 85525 873798
762426 24286 433961 417762 136493 923320 224563 792634 158940 636276
822440 168733 982721 129342 116333 16522 874424 197808 355386 336190
793251 53915 829656 629237 705299 19930 70346 856476 996280 743136
150676 122743 159587 28951 809311 661852 959297 311734 400256 488448
680616 626276 778237 809740 859491 710061 150522 396208 564043 282261
744585 961462 931977 931381 280823 957009 704027 221404 714863 52772
161732 281343 185397 408640 906102 82259 345597 972894 453808 624094
463064 283796 575670 131786 602686 234305 684972 178693 233363 377207
296628 286917 515246 493713 973146 757776 155223 196988 2507 761285
624891 841024 685684 220657 990161 806790 35252 638467 378936 34542
970123 996567 479257 832198 698063 35327 577204 496411 902940 581136
361513 29748 857197 727392 809708 7307 109212 269086 840017 589552
295698 666782 849464 503060 512378 866684 308348 511033 187520 969129
345420 636639 160759 352187 196406 841362 384447 442611 722340 781192
709982 311161 307130 571273 945248 297437 546816 595189 146221 669149
505633 800804 810944 690906 150285 68913 306719 971999 428336 605675
159195 576376 252477 30066 918728 785193 952732 587775 113386 766801
405435 99919 3326 130657 384649 957623 321932 172580 747026 365730
997997 148732 392712 522845 6864 177759 272310 627119 684397 988836
684245 81696 415173 133090 818189 89305 35065 126414 345720 377617
553053 82426 265184 713488 514223 377563 362931 870545 250267 455414
586445 666099 335953 934459 257238 671349 45863 393820 534935 276419
808632 999382 586416 725494 554979 666170 752670 529788 792781 895635
886097 475919 465017 841339 285011 66201 482662 523270 190530 168387
292867 160266 824594 15427 803142 941283 703713 782940 38186 559642
547234 708850 554636 683240 850863 213341 293777 655849 545877 27419
154141 214041 960889 684982 933884 126815 36120 217940 467569 308649
91059 157549 29422 549447 125958 489029 935884 712442 925587 284853
223747 255140 667036 196692 718189 531044 823963 571423 406155 316207
70770 364356 18150 105275 281739 968942 431460 837957 281119 964722
782437 664162 365400 829707 960994 763582 655813 940004 50077 582771
92573 910150 55124 56124 772853 185500 425462 565884 242660 553994
6265 934512 366415 795980 360357 360718 365713 753373 168314 975512
529202 248645 998763 498113 276809 813654 879592 447316 482994 375894
970596 556186 627555 710524 832828 387920 770719 214516 705080 900916
719659 281279 700359 255687 537123 508390 132808 61016 43176 738592
360024 712538 328294 568284 869116 337541 51181 98366 619694 858164
397974 593723 560223 341312 343873 331179 640048 21594 320389 330947
624594 16760 572402 200352 398356 906933 726297 623903 288021 265887
520327 170650 82657 462938 985449 422285 541840 637658 541763 69189
447012 483342 566946 872939 740575 199758 555182 965463 343279 774675
997355 862625 441389 64919 519202 5920 777904 683691 848623 656726
695631 472386 881636 225925 964762 190452 336768 485429 549677 114682
787151 688349 69256 588256 429481 130829 891696 550950 301039 41623
774621 741497 325403 791780 581023 966176 182474 946828 967050 727680
532361 860342 447099 492636 869897 338145 99172 428099 932069 603091
159922 376015 412491 610458 260189 472460 521472 850140 103486 953085
251151 995158 581919 429265 421264 284766 235757 917225 313881 146441
408393 426398 48882 358403 774274 287888 389230 604836 939135 541357
722843 270263 738760 885234 178753 501855 584297 781851 768934 462240
118960 447458 765411 428547 612965 307582 31779 278738 899340 670570
959497 101395 245026 760946 392267 754435 317990 447708 23494 167200
882272 129061 551574 626330 759190 645218 514441 294252 532168 61348
168767 875606 321954 523697 500268 754496 148868 101455 726853 344920
52598 270699 492887 251529 764721 215278 582467 16028 693295 5341
483957 667708 390152 933180 196953 799531 821154 959363 702455 180433
767764 307261 721040 694892 416588 162752 428746 952544 288388 107028
339137 236516 742574 101265 44230 824140 287501 631811 427150 472479
273568 105316 155136 35003 954368 585544 344734 215117 863318 901606
751691 579169 496507 833077 218655 459045 252622 577415 331653 125403
766062 600069 718851 382185 331752 531521 646954 704329 96873 755599
283556 838693 252179 531430 488894 800822 979351 766396 790014 44004
739593 987758 623032 345992 430736 868592 932775 569143 609250 184445
699454 334692 829685 446227 627296 480692 686744 339384 701852 47238
54753 775578 399377 277523 268537 487437 144309 667407 870921 135389
570304 782665 180447 888464 40948 879912 800821 823743 291971 904902
764490 595716 8347 27924 887902 309655 542905 326939 980476 254498
518618 939753 574726 183798 530137 478972 870659 724529 114085 125761
827585 92966 519435 578075 869762 141691 431621 103896 470771 853383
261390 952033 779144 239383 813970 408951 394015 332536 434899 73532
592468 578406 347550 697815 46420 885675 933328 762768 766352 978574
890942 948430 153035 798707 871340 792054 74675 224215 205103 146209
20531 298964 309650 529139 980799 792864 49772 434208 978670 595175
555335 864408 863655 290799 692654 484552 440527 507765 682911 399013
2252 59664 400903 277321 409632 238175 2043 295112 921244 278891
697250 90717 875817 757761 656799 165851 29792 207983 497379 712915
74066 194153 496782 719658 526289 122198 47016 476959 542350 192699
187318 114575 331887 912210 794898 467333 107614 983075 122649 87760
644124 752405 547117 56203 816388 218754 566120 717555 826679 55854
226441 614343 680557 70494 778020 874799 147782 821263 207764 718792
418404 403222 539720 236006 231353 894711 739955 142033 492727 72344
5335 689008 926069 371084 116735 238728 655755 282472 349804 981641
315230 982812 168119 353221 55469 347167 803968 78250 679786 108645
636394 54726 751889 738226 568307 644608 931923 815706 832813 497890
447762 594234 35393 693671 426012 527817 252969 796157 817620 819075
424897 331691 48626 838953 5671 255397 765060 489654 137947 487155
276755 635139 524095 515787 795121 111254 161599 995911 554799 590864
413542 35351 238812 855971 447638 487689 936585 150747 626877 881243
119346 330532 700624 854983 107522 937038 95635 918304 605035 485635
225437 600412 567505 41799 199022 754914 909119 191710 794824 238173
661467 168716 960674 550353 658218 586444 802716 962878 526352 869621
633739 534276 253460 69057 710233 268573 586682 537912 644725 984088
606538 704106 237189 254414 214119 966995 787824 605549 661611 122406
517255 328305 981837 134258 725691 622123 146756 895198 877503 203672
557217 838011 819184 51746 54938 974382 926765 151837 575618 226251
221660 340930 709786 99795 283133 330854 76010 939907 532761 669274
322895 396200 385524 234606 864597 662375 797649 654125 925583 891862
268108 339810 623212 391270 465113 903849 367175 993092 897733 974959
554961 997351 856726 17494 955873 893003 969222 201570 883721 580966
762142 171745 727991 840548 518746 864778 960400 818067 612903 421158
590675 228409 358665 11860 480109 601186 576996 675426 277668 549966
805627 95462 587439 427257 398403 328634 356980 402961 93677 36453
94460 204188 835022 661718 667025 164481 515804 780084 686091 12072
827640 790605 918493 767500 702359 599586 300762 348002 806102 784407
877718 276032 716696 886639 139560 867542 991573 383444 490359 587391
513422 928922 854760 868268 344836 177059 129717 843116 713857 62264
181281 433896 553785 302962 397352 798334 536187 19682 488074 30077
783066 607066 256554 574101 806393 439551 481724 682799 833696 77496
294690 292561 657895 335052 393331 570507 438339 904454 90898 103230
983245 736842 245730 45890 550805 552169 326237 580108 179485 104198
718825 998610 390655 214331 625826 361385 910995 908291 90549 302292
713730 540145 526361 664420 825061 933264 403392 712778 592758 546128
610767 769335 986258 667783 573069 728787 469524 753769 164326 793882
498376 987699 818358 765776 677697 783393 684513 18152 835211 924091
512140 29823 647477 317811 37777 247623 498896 144661 768639 890337
629619 436503 483499 686888 378377 439152 803322 785814 454501 932260
814192 260876 26883 482759 292834 513955 148591 296739 305007 167795
168260 490569 871264 836986 866282 47858 948896 243758 331385 370398
583002 654391 612161 880804 465844 491325 339905 223095 534931 69336
139523 140192 711325 864936 882082 663666 4877 978566 910774 468933
913832 466113 422122 901525 875582 16646 690290 400153 385378 431724
647911 652894 608068 122574 101725 377975 824401 478204 115676 153825
7972 478776 395311 493100 665564 771400 464950 32898 90154 845806
268898 337598 61889 597485 448879 643206 687341 896538 13498 836929
684980 676002 664717 106528 257455 628995 660147 405816 940177 41061
989425 69050 291192 383124 386991 646559 380285 907555 447518 611434
941139 341989 526197 15189 272923 92796 893755 208705 773502 559451
230978 835295 804379 897950 610033 109464 586057 75776 579403 111872
68716 393112 218295 836044 655141 428991 664373 46591 790203 185898
458475 596615 855956 666520 65826 117604 560674 392516 415009 428426
574505 507019 278043 171810 622066 433342 296388 991720 217893 993509
430758 935968 455249 803189 489923 41876 635489 106435 37107 292462
441872 736190 655215 171711 647562 88586 717554 635285 404635 901131
418250 105979 485039 635876 143285 751736 657959 687595 844571 454112
840201 64627 438527 236955 794404 119202 135572 880736 185449 258582
825905 659663 636618 450502 426602 517292 706578 497892 376948 512562
725181 134186 813931 578541 866016 353232 407889 429433 390230 999658
741019 29411 771318 117228 2088 39732 256688 335643 244708 128058
502996 477272 317273 809897 433353 225459 793622 469137 854545 58863
838592 490534 369324 971154 600489 130247 996598 740595 277888 771769
674435 85917 247570 723119 260950 576811 409072 780890 678778 813008
239880 484196 881700 969437 730549 215231 909897 62161 821088 382544
48737 86381 137884 288816 534991 888621 315355 302132 656180 624592
746777 823890 796965 739990 44891 804069 946062 115584 316099 947499
80325 966733 764944 541843 974829 437577 983600 474997 869352 609268
279589 881873 659703 334120 99561 188778 684259 664898 166036 676800
944427 622261 690631 650769 988908 233411 177283 630318 566345 648996
883058 683281 857899 429289 874853 498521 419224 141299 909835 453201
710824 955473 224271 774030 647605 370582 994567 988272 425991 623888
925072 866246 255343 181443 524693 728320 958055 433495 420919 597713
635844 25145 435566 921864 494853 306450 194410 45170 479700 49922
1602 735410 200671 901000 519078 849327 469822 974093 258165 488742
882016 4628 676440 659963 928129 642644 769101 367069 927074 196725
351496 972965 176734 41878 199541 288312 783640 89612 973624 578355
487575 9941 515641 909674 97601 61118 969000 216734 318953 568553
264071 390318 578451 405899 523453 683998 488142 752488 222773 358970
812082 264361 580576 842441 649307 76902 42218 572024 470672 692710
975969 110582 281748 723689 905774 115599 423537 882386 900441 113341
605939 31773 377738 314987 919634 496570 709399 574115 86510 772874
109364 65900 878311 98497 147085 467289 586047 333529 329670 520298
321155 595742 275852 948551 966227 448753 346970 115378 57640 293020
755408 308740 8917 582673 377102 661881 303149 904166 981708 723799
152488 429559 65799 308824 818349 558627 633439 281378 531363 865691
164048 779595 235173 712065 237564 355381 872140 897981 641657 396140
193401 619030 589749 921236 182338 721199 102262 467131 124687 56470
493635 44163 160440 411935 530062 122710 412803 705341 322048 483698
563629 697418 18622 825987 570369 509236 844082 924054 182929 428265
424701 972228 388385 673878 909743 728455 382067 998487 901407 939686
954893 923596 576669 531578 407722 708410 502175 456090 543151 877455
591300 396550 583202 255272 756662 395690 304690 318524 826809 174459
171336 368733 188695 468677 837369 325289 368881 462081 65738 133111
687364 834582 534818 525946 705122 501626 797431 648019 68612 437862
82457 516620 443804 305006 127687 261928 704216 582671 293917 137944
904188 702434 437916 38518 832940 208717 880087 304829 544495 425283
194575 823515 861224 357711 18902 310924 971222 758428 291987 790039
874415 921848 240145 146623 634831 88645 410275 728993 786350 22720
575449 953865 546599 603368 847169 29291 601549 363638 37967 856174
37126 742849 11072 63484 92540 165635 871913 721746 171440 917835
817389 557459 433768 798087 86230 61023 389628 499213 688878 196258
777204 612590 370347 558928 94393 787836 654916 102583 483869 190846
963708 730523 340327 286937 610216 374555 148069 196419 934572 583311
349831 538648 903920 23677 799928 701986 760235 764790 872030 797768
153281 77572 549241 336697 635638 284461 295160 682822 119668 927055
749746 906009 613345 957276 612834 993020 671912 847280 199345 631324
597952 119351 163528 190915 116054 73699 303042 140180 415645 613012
867028 110396 369683 579564 823469 546591 602583 506241 63895 241227
44608 529804 377029 484749 558997 395107 908988 499656 18473 107308
75265 902371 515828 564402 999525 805403 303969 339817 546351 12974
386036 201554 884046 638714 609582 270562 309415 961930 722283 158756
332024 860757 738219 485448 691053 90573 556650 652982 746761 58334
154705 281905 319520 480415 56451 289028 140872 376095 812997 70985
566649 924077 167955 175500 191558 218217 614753 677927 739277 883137
534097 879740 638457 562113 161840 997577 17393 23273 982279 895712
985547 801253 969117 998677 84219 558757 295296 551420 120350 799405
320020 299534 854988 422950 811014 558216 46344 728708 293077 164828
193232 831415 184671 985214 547045 464526 922243 319934 655298 977956
807568 640324 277060 845332 212461 919273 829899 557945 905793 92041
166283 334210 986740 978030 453295 247406 873460 15582 530507 585197
753801 484288 708752 825966 450364 784081 720318 404730 327093 394687
567665 795644 876948 655022 380800 620427 599911 192525 466344 448953
854451 443557 744219 789371 13931 506573 361148 687012 205227 78075
720886 880842 797766 547592 994686 46261 868681 298823 843783 881392
728670 646255 291580 595468 185456 149075 570198 838755 329151 449747
721874 264716 834301 621460 95387 429103 29624 978580 717651 736983
783464 842536 310602 629439 774994 839470 172540 47479 992430 330402
475280 498848 472280 819341 249262 610018 352803 870405 110751 761051
541757 716225 585453 712150 96213 933092 397887 213343 857406 639532
507207 84265 657160 491283 230808 62046 1186 408851 775286 946851
574691 603437 987174 110189 389605 818804 250300 10042 849229 394221
231117 51872 305166 107915 102921 916144 499005 922136 124208 806133
950326 594208 712510 752220 934237 293746 714404 835238 154308 472922
24120 57076 935852 827818 307580 359011 987857 255985 318550 287303
869270 537422 351714 869869 117296 373011 478491 62738 639515 192372
553545 29944 555125 950054 440206 446530 585591 974695 498511 669551
852750 623119 336380 641242 190594 954921 655272 100910 783070 710246
836939 888191 774074 521187 966285 863135 814441 134772 430231 224618
723701 409098 518724 924153 936604 635529 830303 816507 836672 301119
728719 524145 140639 775639 858940 966790 489557 53459 184200 528076
383872 618319 796457 128532 696433 672007 594071 826997 804711 267376
544311 72289 227980 312537 493549 290823 504543 958198 692899 561424
610442 922419 314535 398556 364617 543911 246861 57987 8695 825299
298740 463754 666100 254330 439709 524032 453187 636566 821205 364743
740964 802852 533383 644734 493632 695501 113957 636313 443102 29829
776937 498728 674239 209395 989295 809794 184682 540989 925752 819231
798639 474252 593484 887143 630445 831246 892597 958181 422626 339363
700522 629690 100587 70547 131841 413191 949184 948945 2530 228729
491764 320771 479788 377278 95475 350840 57221 18290 306700 159840
339756 170424 878523 730591 222305 44529 807134 896354 543787 129241
453604 113932 984268 810732 688188 828004 902146 224553 47266 600130
40670 382820 4842 977035 916515 501832 264271 202080 196404 652606
320338 896886 644983 150461 915046 7923 998838 45406 697140 679707
266728 335544 29597 270807 297904 973230 955446 630984 104108 20107
155934 698017 904051 216830 779707 146464 623135 780193 342980 508803
653534 983513 780715 423033 180067 531571 885229 210319 731790 747355
725522 787 447553 37878 389211 303284 88202 604309 811643 434897
381022 242556 319383 744122 548057 864877 239384 959401 445340 969631
81018 972388 178771 337996 573191 408690 85781 271775 239033 724352
633539 917382 783005 138564 582062 645468 11315 6320 526227 250317
226853 16294 815561 833637 326912 901069 391276 777603 88368 301167
69200 728973 175614 883213 19373 881198 596100 114087 778002 501580
844807 541815 737048 864045 314077 460943 883653 174161 797462 185807
365118 592179 341032 360697 310963 180372 72630 992410 384681 468923
69063 9326 220019 401300 282919 402840 982030 514995 994780 353381
419565 37826 47866 852431 157082 146602 956287 943988 669402 403503
95639 12381 255762 71595 737629 785533 959171 374852 596835 134911
488649 406145 365704 180505 590707 227773 405183 854140 53193 512982
64028 774139 669496 972202 303178 4814 507815 35630 250101 445996
750142 259473 592986 224616 167793 100433 83744 373927 159224 560787
690208 764061 908419 157099 461961 790935 685458 551178 641573 339786
654715 860376 225947 56615 696250 595547 954601 506322 822129 655631
543715 823816 463834 768423 907327 494110 11973 382278 970502 587095
351804 259956 900752 947686 115024 925804 901939 246733 251174 41804
648628 529644 603376 230293 381918 517338 867741 922200 830890 279065
406920 705758 677619 196737 833081 304584 540248 562508 607761 158427
374373 411965 237441 695194 998786 189866 475420 130291 406290 574428
344575 67118 737295 732184 632166 362129 580287 686944 308782 694566
248783 325444 63719 799837 183813 603616 424077 470166 979744 846192
895900 2260 923769 787229 59211 966171 501000 196260 835102 291035
253151 546135 763687 183147 369817 304020 223014 554556 679536 897922
392775 28639 386627 770363 197654 533133 938367 5693 814644 199659
326935 738364 179704 930026 965408 235589 691122 101283 56734 314113
223479 487840 906522 214261 689243 872908 322734 74155 263828 202174
488371 480172 95765 35639 63611 677507 557785 120893 518896 309539
346347 104571 877277 919498 708948 896998 964143 408333 930025 607194
560541 224505 749063 907639 530340 197250 2305 266499 179306 191570
14497 565679 548475 683191 911662 329814 349753 516355 372696 663318
120356 185442 963429 536800 252313 95510 28507 217784 402181 595285
699928 491437 538800 302397 557811 606909 883890 900649 802348 569906
627673 21141 163135 789319 940923 954553 868652 35413 410935 86158
514650 200861 55663 645718 499592 780918 777469 145289 574997 196967
375821 19920 781218 960335 372941 291206 314064 233187 730360 986350
446842 857588 642219 644614 415362 154119 398277 567708 174321 225002
179088 550558 651440 960925 59369 264923 658416 20599 525683 646411
428653 935562 376392 970060 768488 852820 535342 122804 465507 14758
32984 269469 921431 556637 585724 226719 70042 423563 764314 703560
380843 742313 789059 601185 187750 227356 926262 207290 414562 128143
784639 137879 310746 293225 662755 301625 109727 604136 708766 334684
344042 628037 382580 635695 924716 817094 743353 687224 727610 302047
32332 888602 116983 743651 45717 224449 792275 17146 846782 817531
515671 801991 338998 303154 970478 184184 806813 284891 566116 801643
18321 676112 162139 704209 632525 905155 646523 792219 310152 287982
305146 797252 240279 578098 938087 562389 843952 746442 224519 117047
837486 465215 279617 778439 655167 303227 957204 593538 692907 30121
54924 883650 968153 838569 231923 542966 875210 611411 301369 441094
738497 68894 469508 658047 699010 495223 895954 278473 708517 626575
648315 347016 521196 865235 93932 471624 935561 878507 330493 851302
617416 327817 753303 866713 37806 440776 726789 117776 433099 912521
182832 708662 246770 940429 29576 582840 757667 557426 181650 421763
865756 136872 370592 849899 406761 652244 284207 708960 45633 103118
446343 437753 833530 373988 707626 376452 389913 934435 872946 93907
665482 799493 802818 379081 293873 620290 307811 432075 651346 33031
429989 211340 838564 322322 337031 458839 165213 18659 938646 279619
620223 882155 296472 595508 359362 555605 148569 413074 860968 572876
117587 342831 732541 646789 942750 920134 94204 782840 144851 163713
970986 883423 176586 128923 4501 394386 620177 164509 236306 618908
790289 474850 276457 906324 54810 347699 802457 628903 769360 801298
440038 795724 705159 508493 250149 759834 376926 400052 288365 827753
13002 226246 36591 329998 475862 538911 847037 663468 838185 547611
358645 211255 652555 458566 442262 808809 245137 272952 696606 400620
665728 454000 154347 474193 20121 23932 359231 994774 464671 356979
908609 390367 147833 880750 424216 520990 585413 320831 863606 600669
516050 549819 600111 973516 912193 594358 298725 704876 994460 339427
837522 938041 129840 688350 456113 242186 553581 969686 213266 316716
325606 359757 812503 232052 684703 151863 95179 58355 803732 631380
183883 832945 65000 670305 867767 606801 330788 88733 554981 638643
464321 255030 425566 538453 429898 768547 117832 293918 652820 839433
689704 127568 103917 646848 733603 235591 241382 598529 926821 803685
2541 57735 304127 436914 252244 769995 648809 996288 347321 76439
735921 821367 708126 335580 778125 117211 798191 930056 635393 294669
802627 529752 673713 890593 944048 249881 88216 150380 423236 854759
265869 373116 880505 692774 587449 140291 554337 945525 526543 688433
564762 453229 576877 345018 831011 318523 540996 102099 928758 988532
527156 331922 863754 429970 654369 606081 983742 622722 432271 3500
744757 226699 188010 987779 64156 512593 916910 379125 20348 126569
420948 242071 660242 505907 30323 922079 273996 821531 213006 723631
116933 182830 791085 210703 508289 910125 276379 743308 493280 599939
384783 624334 43788 674774 706958 106857 246185 749032 655032 314795
843627 457536 470085 130186 380000 719942 723431 480953 473144 285441
410020 674142 499019 31426 967021 887291 740186 535075 395379 764722
903570 418315 558423 102556 331566 276950 915929 889906 900420 293341
435144 840930 797968 285260 325051 635902 752750 652326 458027 314468
783607 909991 551317 309809 402045 41249 109694 895172 193729 301546
218984 950835 969567 242796 101010 632795 7153 995433 601475 367376
558615 369266 47553 573393 194369 506795 616189 981604 975138 132220
560352 714892 689447 840162 237039 995156 102658 916598 482504 176126
880521 849986 541295 736658 854243 766669 305574 108751 208144 902210
2572 814652 711357 258195 746625 638024 880141 918979 487398 589528
817143 216280 596160 299448 93241 548878 271749 373749 351097 937751
45928 207286 826102 871392 894797 763606 769716 556280 796824 20539
318908 640123 475940 238612 384708 837985 935801 719799 264248 498447
218017 327350 452000 563195 184906 614506 362380 821994 398784 726034
855481 883195 552384 89040 790756 116907 13692 885464 189280 832551
422325 975815 435216 289364 871731 63666 647733 384527 920849 491943
259805 705637 379110 481835 435806 501974 868002 578172 816066 726668
398869 193634 647466 668418 692936 744929 149650 235276 484570 936383
661219 220598 787812 485490 882410 124616 153410 927502 256425 380175
254164 770742 854273 30631 285962 720235 831852 792446 641730 639695
423427 31892 59492 445374 363192 603938 594500 104579 29722 248672
569385 246468 222930 930151 434788 534048 74585 308733 603288 27800
794667 435137 883343 38997 180546 759833 992658 842782 262139 986606
916971 753569 398383 819144 278351 510244 473879 259608 577147 670070
725587 98675 585269 846504 382305 103904 822080 423307 617394 353409
983799 482887 826666 77745 316325 822640 546803 503283 785385 987179
614604 840868 398276 206396 494992 314354 928306 366861 533741 969122
848804 68772 650710 951142 682529 28694 548128 931164 243443 617150
870538 139204 993189 107666 512714 22427 217562 694246 358027 605699
638013 85261 771015 454088 301803 801035 405622 3427 857488 859393
242460 310335 913817 330563 609577 266185 839359 651420 312938 914060
650582 131644 137954 625975 645586 802421 825279 463104 334332 189660
664568 514268 669921 640108 416171 603723 167029 536084 292711 155955
985964 268441 430832 828727 150614 445530 991490 417145 326401 487583
263358 625218 967947 394380 270209 779718 25958 561169 585711 666766
429500 959442 476693 266145 185964 88533 53384 357390 775108 278309
267367 664232 338559 211542 735871 215870 160899 222223 232913 516139
779470 568127 829576 195270 877878 375394 419138 521309 53962 520236
661009 610850 668568 646417 216463 396540 619808 350751 264992 712451
823967 430746 603375 550200 899082 41900 145692 825997 333089 10829
204236 603360 295906 547018 753091 124519 129010 768616 383561 705167
535179 25882 967612 688668 816455 954584 843547 803153 96234 396517
687293 955288 15150 591963 834929 291908 37249 676900 19690 922440
966158 732546 435761 694272 274540 959216 495094 650657 477887 909059
548437 692273 373062 426750 432024 225279 475677 143328 909264 432189
846260 634194 378262 216928 72621 236364 319857 657789 152600 415619
827144 896782 12552 437369 574586 332088 728079 341368 756219 449731
478289 390023 395871 489406 537172 322619 821725 426754 275600 607046
655068 695158 183758 471004 804734 885570 413701 392729 820983 419727
336207 846789 934571 263852 568133 819084 554132 140607 556776 359721
663745 576176 574811 184515 588814 590324 664767 904261 85946 630311
339948 276677 207316 466918 369458 463672 958985 610323 58571 600853
967011 280329 503832 548644 317920 3795 693558 424581 650932 831281
929515 406555 597764 399212 57693 281766 965693 363506 413848 73387
105046 452460 336337 739271 496201 824614 746298 314491 506056 215337
831781 778077 621018 850850 621365 241358 767683 814926 48096 598653
171506 400134 503779 98542 48651 934860 673783 296838 554308 5070
584114 410853 159615 888222 686391 949148 439368 593259 264529 201810
536071 988739 687687 787725 655718 812651 410630 127714 235101 288560
643413 235692 526993 760554 64321 280331 169312 222942 501312 933452
134924 222285 384093 307532 335189 391448 700478 305594 219922 908660
1135 854309 477307 207694 855399 11710 23466 576293 279204 764223
323168 662940 866265 340605 567849 239996 567174 67671 951057 256537
465553 567132 15626 779171 650873 975548 914903 830214 476966 927550
766564 482790 333144 357853 163018 230700 662959 215850 968922 301476
418931 381482 242530 828653 657244 110871 249740 862597 131240 96637
702442 498471 186320 935520 120666 416320 388409 77602 653456 347952
298617 120534 61559 865399 381185 361175 265029 374731 701785 191758
608755 548610 405026 134858 12635 859177 500589 404047 536346 329106
682498 843120 516603 867155 587504 823660 312149 64799 995078 709896
956140 355953 891266 433860 708068 537969 519635 372040 479354 851601
65277 450777 513813 174485 713021 474353 124528 785530 568976 629426
428950 891015 802862 387316 47216 625301 275277 738162 394168 20012
439301 28415 605739 381286 209380 506861 275522 16359 458347 829243
270338 41731 75751 809668 645329 229005 123073 600787 314408 181114
609994 550995 26081 454796 763809 595763 64488 766790 785554 128302
729104 536505 525169 931071 665494 452430 261099 927514 774955 692830
704114 130251 632538 468338 11887 756935 652817 122437 603489 323796
104790 876870 302358 42273 161633 948259 128200 892978 250175 166398
131580 221122 691035 910270 386324 823657 774415 185485 369288 437932
589738 908344 867888 744382 255404 240710 457344 274040 375395 567716
230675 362382 181099 503401 864393 827113 58517 555802 242465 705272
673395 487624 974017 940672 928443 798052 293523 473270 920372 956653
31332 678535 103148 229496 920757 699222 445867 853670 321644 946224
388280 973900 978247 393968 140195 738637 686893 856021 280395 463212
148195 543114 931795 999729 431683 598434 891113 354896 488781 260992
571883 807715 321831 525309 162526 253581 851600 201300 353693 457329
141219 612957 890347 797954 158155 108168 45058 850225 492196 594501
611999 312121 619290 763761 978062 806008 576237 261601 383049 206104
136950 662865 646524 551812 372608 453551 603864 362966 86491 537216
836843 592016 48927 547394 275228 913578 97455 701197 653872 439110
394307 129878 296243 186457 484838 607118 579549 969705 596797 163719
880817 989386 738208 713069 946104 261447 634112 763266 434182 405512
111381 130551 747694 825955 11709 906027 162524 517192 915232 837821
259778 403892 55586 281657 103806 645285 594832 607538 595724 476034
666149 92847 995955 407356 334743 276963 898918 537807 513337 612291
659547 903734 398554 522440 272874 150030 829820 21707 934553 793824
37882 3466 292125 693123 118808 157901 384950 593924 466255 958302
606415 239595 778680 307181 433565 987004 799896 984851 120227 562252
861879 37618 734556 335719 387541 890030 199343 28503 759808 255996
622817 877284 999291 831387 559219 444610 563365 363495 72347 613869
904628 670517 271100 281956 996622 944920 691712 478252 737296 85340
393962 841691 279936 583810 549380 159735 621743 191454 757650 196053
573213 4703 741809 345264 229878 260860 879162 679691 378853 682296
535671 259044 518180 339044 719664 835267 153102 434991 174773 447319
809502 929428 229944 499440 668607 338204 673882 397114 526581 57391
681373 447647 156354 518111 528816 871806 352766 39082 553367 912185
250077 779214 961716 261492 4807 622802 544082 772398 871474 557714
345697 288183 581290 904620 68929 874653 121589 663767 960945 674971
451263 742533 874436 1521 807469 289301 970970 925512 132838 223075
340277 151160 953881 744983 904750 188045 85491 225337 789045 315779
448262 304858 291633 692239 56010 229054 869254 201233 998021 509535
665664 186631 803393 707233 340622 257373 162724 936151 938406 269249
451624 783036 112516 851300 997129 909107 284253 903762 722709 714256
289946 644220 363317 701423 132201 920493 59258 751909 10152 783363
297529 549665 509959 429031 625633 909034 209985 269519 883434 812286
811916 888816 174240 163408 171342 84266 789058 249239 613703 426743
164254 199384 743886 475164 939435 466332 900573 874256 118305 886076
963791 919703 451348 155667 643905 715030 496945 219683 583642 350484
796521 449892 479 250798 829216 570447 418155 825858 243463 127968
654830 55152 172679 157245 259341 674270 879026 512200 338659 322542
587564 192794 789122 358168 42622 357011 369471 246465 159938 784839
587415 838749 37654 220095 781545 893370 212679 833707 374368 988262
481218 830007 686904 80607 598092 249592 749136 81725 17309 697189
552273 819215 547694 134615 862214 710558 698475 384531 818072 904781
294547 139815 930070 960169 185466 649928 232876 914947 381170 197632
676537 53136 167021 630897 407144 881004 207469 275026 639281 90047
790946 743288 933733 197606 103315 258205 608600 578509 773406 769349
144930 788250 856054 548320 61256 5410 710773 121227 157386 280440
713820 629753 104998 104350 246592 824608 902113 807200 112156 267796
470121 214244 709308 125936 828568 540560 770163 253707 793994 573157
505159 196294 175205 959002 958978 398124 549448 631184 257698 826915
865469 827966 793690 967683 940670 803065 43826 81904 157510 767756
890529 653338 122000 45221 648269 348740 584636 536469 915292 272490
296979 605540 163871 289168 670525 596499 123576 969196 424031 613802
512329 393011 274874 770967 395499 68970 248787 360685 146017 123614
308901 388274 58539 688913 122561 20860 503096 376358 516539 225873
978806 647875 410760 476030 994721 692511 182872 629480 798852 105983
512001 265586 947142 103401 98057 81370 425162 650564 654495 418612
198442 878597 159536 855469 844429 783587 162588 66971 649031 185423
633716 676971 90872 71591 581534 100871 595221 49980 121372 363391
620658 924644 36758 941813 779267 487071 364584 400059 22330 765683
725555 464089 581474 940737 406569 211130 716447 865768 587178 367966
798789 933218 414865 412789 110309 731567 498810 943681 977901 294631
677335 15029 954610 80753 621965 284887 155487 653777 180245 254931
385059 188768 62728 681483 65334 965820 388612 513509 174270 200718
704359 584831 462193 41372 204361 822589 146361 733531 854899 37995
42418 995265 339638 495421 777101 116055 128422 119858 732235 64732
11981 204337 261180 506202 784278 357076 138054 583847 593309 143305
577423 953298 533243 471093 211769 952919 854448 935199 205154 358468
340662 655845 474281 838722 450204 677937 653853 63652 773023 892558
560693 490939 6058 253913 869841 351733 206876 339785 943994 600470
715090 361554 672005 879731 220708 399621 798306 373712 417638 278899
571241 764075 482644 376995 910746 29464 233577 541944 999319 397960
955844 772596 130685 546588 553650 155480 968397 521919 791421 354881
494118 41567 190687 896307 189973 666786 418473 795615 380133 287720
972062 485284 510193 906671 614661 320851 655201 303031 267693 819510
611699 556098 466152 872543 306832 254333 44464 925576 717074 954405
397038 901196 235392 117805 269082 785556 478309 50968 270563 882356
461499 753049 975433 7567 268989 924165 758785 73525 596242 402239
798001 869115 734676 359755 821632 788717 733785 30147 218631 379573
146448 967675 719346 934400 477024 525622 78208 537583 808317 94631
236792 466146 551883 953283 151113 187356 566884 835824 602913 638599
606642 77523 721617 92112 271460 246503 626806 708880 594740 161965
345510 589446 206296 824076 299312 736133 998678 321687 445811 722014
100355 537353 890194 536472 336421 308409 182468 154666 450394 494727
348204 980695 610944 143995 844633 675271 851692 143113 878417 842293
602001 687675 991017 129178 386773 610180 625529 796156 579204 53707
992180 947512 131361 213167 142495 599271 167392 66632 746254 761558
651612 568821 669036 562636 305859 950081 261271 572979 897168 411800
588512 205192 410323 931964 572842 524323 579631 663212 353523 425208
962627 308666 48734 726755 680513 773685 162511 482428 720394 632195
433154 241307 267422 75477 989858 581819 828062 830899 565148 693102
66326 592899 210123 786845 557534 81952 904998 361637 714719 741361
291190 627287 372551 911180 81170 551468 403725 443974 932973 173589
723668 725802 546402 866516 512871 57536 928369 842560 813982 599723
155070 644013 21620 696536 117253 995685 173597 154275 423606 976673
275957 103275 841807 919276 658971 405761 78021 384350 171001 538288
655635 164046 813276 59630 44506 271986 411675 677418 44471 758974
644711 520749 13951 622699 23619 64095 270382 687463 136956 875266
230121 102521 589232 145815 572898 844778 11682 624735 172350 493072
645092 141726 871959 775603 190489 911044 661896 891164 546406 370189
142128 264984 899254 372529 227121 216445 83129 950435 543847 28636
458779 672792 666840 83674 427077 267067 688105 437270 297192 501458
380493 6085 235848 164557 740253 390933 627539 422857 657133 50366
612232 880112 557098 680133 362957 771728 874376 949010 712551 435393
359366 96728 326114 755224 341721 831745 749624 998159 545214 991756
438740 566459 757835 508552 363758 679129 529501 87742 561978 916132
707270 1570 178408 147162 531998 386076 551225 290197 763006 482964
667290 14761 734135 256871 165298 940812 758015 448796 935152 448269
737927 533253 150469 755101 265793 755348 158520 116831 400198 974101
39473 703108 328312 381875 226838 702904 872644 37353 31233 590942
734061 802045 241083 997447 842850 262110 980273 235613 921541 768432
11134 126263 192821 375758 123371 599056 61257 654085 146757 702739
539019 968091 621022 113306 114240 637960 966265 919505 229103 346270
288805 750057 380475 709422 294954 779120 253634 811408 785776 745863
921192 932480 738717 128961 999354 62114 483592 734155 993013 656668
35135 860368 705399 91192 875535 656321 523570 344469 255412 222597
892156 531617 57144 760144 723206 948199 353376 715361 385209 463988
26931 772362 983610 827595 522195 56970 103345 175 563668 169224
655886 110015 476077 963475 400078 242276 96704 503975 209928 627772
968729 145142 313786 689678 552013 133229 412362 746766 532551 397262
217520 890223 758913 439361 737164 319317 157142 799013 51462 733831
672393 476770 357633 539094 32721 706970 759559 802839 434528 121631
190132 402587 323942 409285 229580 837523 527904 222887 677542 821492
249480 382782 872046 164734 390636 847528 877229 607495 528973 44186
489293 63420 712707 550074 21593 634659 899656 635874 517773 662701
161644 417421 806410 476696 607397 109791 857180 696085 485625 852869
675020 85865 86035 702059 341498 689666 923533 34170 116895 121155
56616 230690 706146 295961 408931 581908 26089 38801 528055 314922
910491 592917 11186 804241 229301 528125 397710 397093 863345 364117
403969 9674 910043 797503 419882 968411 977271 666728 229048 461906
170588 514718 747868 908516 401737 39712 512289 573253 814832 167775
372355 620209 945903 636522 269119 474267 559650 530702 613281 343912
200921 763650 28970 270648 215823 669851 545916 5201 129765 894857
293404 485938 307207 143649 741189 795640 368780 50300 600214 143086
888963 397506 578373 187195 722846 380445 75677 870956 674837 890498
764006 872376 39758 998450 517361 639435 952916 588003 879292 691868
353504 890915 891886 323645 525124 949185 401128 522141 286787 77708
609116 198961 338245 164290 672908 895343 204860 796675 440428 168531
256343 400947 728935 856971 842036 306438 577048 605899 51037 41436
755004 244234 611334 361337 689255 463334 759232 910841 78463 961465
914643 942392 25161 936650 702729 745408 409633 272787 897337 992820
37927 353134 62571 477555 227295 699224 533696 303701 890353 9638
574908 732864 797565 233052 969512 295883 20458 998857 218204 39111
518381 764841 577608 824664 60370 489592 806587 111382 597377 273328
495665 497173 308341 181271 324094 252979 535373 151687 692699 819866
664763 985031 546166 283684 854131 134632 247598 679897 591723 814529
208924 671107 62065 641197 41262 286451 332154 348686 758753 315570
143812 455816 138222 624280 484860 311467 477899 443607 857954 245836
589953 106625 705389 571314 810922 26446 912722 182358 887690 37734
963755 98167 611362 756627 718173 983423 337966 126689 277094 76190
918955 637610 246110 784863 864226 105208 940828 465685 476649 871658
749866 481390 877726 170517 873123 598418 606265 826304 472153 130462
816800 638288 593726 967627 82660 328225 610746 809658 259521 589837
787991 603678 298600 168941 273081 315857 465909 372422 731771 407647
726902 57433 872135 516491 412216 136218 695748 27510 36849 302430
131122 786928 956828 513071 808712 778261 58389 289989 855332 491815
702550 742243 512182 937182 83520 863217 644525 759721 468589 595437
596871 496643 592655 4718 265108 474837 891542 452754 74212 385276
427811 992051 914279 438738 39938 524910 80469 670009 910189 593525
155369 283345 601525 673633 784377 681170 730672 979495 44992 309381
237273 501841 14881 853031 389722 486139 360852 744484 174815 290690
431559 894980 401649 640411 450744 898000 282290 158055 295286 425921
241243 946253 739835 944466 807980 840458 339574 235796 708243 948482
565584 688463 552834 828013 57630 448844 528229 43799 27316 212330
729438 22480 531540 527321 959407 167911 825286 16536 625910 761388
892499 674387 93093 610824 384425 486149 322962 564566 482318 203949
998663 327584 254748 106518 416695 298791 232085 552731 274038 731379
440246 999610 530733 808063 526793 896326 994200 536502 146715 435889
530771 606011 40173 498417 935917 878586 656811 266007 27191 728156
951258 286770 160870 705930 44727 961120 996714 509186 942161 875206
5256 618438 832829 748879 612888 297302 536686 778317 342664 515255
26347 831121 95753 344491 106211 179622 663658 131206 513491 956528
411398 148205 528208 31635 13670 371754 999543 487146 381318 160733
770931 145811 194388 56744 894281 859703 986638 60639 300661 72814
747188 228442 66960 344181 527971 521597 991475 127021 397698 743690
450669 227153 606551 283880 109730 755707 711720 678115 879220 999909
524715 870732 491370 885168 908358 444227 13992 562270 248387 812352
751533 229003 242398 858546 267868 188744 366141 965497 387289 102520
927287 177580 280935 617467 159716 872298 221419 826450 700511 36172
281780 32316 13755 774911 774310 647352 992392 368867 904327 638995
695226 359234 106922 839371 458942 21361 877055 379481 510675 499025
765832 412221 787844 246087 844770 529990 765700 706593 200691 188178
821156 644246 726881 952748 164107 614549 875372 22741 181938 814862
226597 897958 804646 226923 806019 755203 494456 974924 624073 607949
167936 629989 198049 839715 441256 123099 381269 276610 807230 123315
435974 330066 620927 612270 989410 624210 446084 316842 830280 475452
403577 563436 239919 650683 413811 983527 493650 318855 512860 491191
558502 414641 17674 477641 235333 693528 206329 42076 811094 188100
350675 686353 868535 284185 691026 34583 719474 65680 100769 288437
473862 6961 954781 508198 265161 672151 401372 54797 604211 117484
129317 610652 544179 333259 423929 748129 66500 440392 697133 867804
81137 737583 890062 56399 827629 679916 108859 624185 858907 282247
157508 492075 493157 45916 914915 387027 431764 466815 612898 850102
902256 520916 740804 13678 171365 176005 796849 529814 548499 213775
480143 827234 581764 942243 152805 827627 31215 592736 610851 724638
376254 23768 204833 86900 557713 879506 593233 545998 770028 666253
381914 178885 70471 7381 405870 231689 987683 428896 913840 975135
682898 563693 189132 181077 37543 30116 543845 716954 207600 105007
725861 397952 674879 936803 45109 405579 784748 441906 142865 380873
136512 152102 57466 39852 164602 285259 317565 110855 495248 94819
337595 913659 165843 803684 888997 742017 720697 958613 901550 510417
189518 601934 272781 277278 38402 942678 100554 204735 498700 78955
443865 168560 98272 737016 599597 447444 782862 265564 216142 834277
563890 712041 718174 445376 544681 829828 297332 695376 143044 124674
692975 644751 513528 894231 848957 363279 513487 811399 78639 312407
801801 549003 602940 201060 134682 153935 434370 44541 113667 622473
719312 120598 518799 597236 460232 808100 741694 434055 52589 727790
539297 433722 992555 187795 885305 98591 931157 423031 924412 102161
474462 683825 222209 813471 584506 30360 341355 832657 436497 448616
219784 869345 142617 64533 365011 6994 266762 179231 51277 45360
760574 925901 262339 626878 9217 688145 38597 185035 230784 58974
862011 941604 543445 100197 788182 555858 166151 568563 801743 964536
293344 848388 12317 386751 162649 472553 105935 21780 988430 619093
49074 497893 253530 631904 817040 727097 129947 794296 63053 156429
47641 530262 544376 563181 388111 344676 679238 182363 308185 473418
157497 493057 500377 931506 984778 877405 906831 833770 628944 308000
699792 363567 164026 2596 399374 781378 930847 996335 322028 202738
21015 13114 824422 568784 833874 837088 252184 663986 414497 806025
511299 369467 304629 197692 494178 941568 980844 940795 748209 213881
792599 32163 822634 735944 241356 989844 929385 75683 89104 750484
940671 669234 36273 609642 718344 616578 41861 712756 277050 187849
953607 602205 914923 359120 256748 990314 124169 195119 290717 712773
396035 826703 906297 168439 534062 102842 54549 169799 366216 975059
172411 952645 3471 294737 227135 729678 168529 102560 88082 561182
587118 427909 986782 231475 235424 746041 503984 945318 75505 377325
474513 679659 171056 704888 883008 377829 812733 608079 631878 305732
922827 265658 929381 330747 835142 261026 623334 425719 932588 650230
683131 471267 189223 589554 143811 871048 856954 736338 8400 868070
186379 452473 97442 271093 164024 974196 680166 824921 77607 783722
164169 422089 182154 20969 548284 804770 984367 9689 250694 351480
643922 512418 447500 645259 452552 537001 435975 684274 442720 12429
299482 486026 521822 599584 280438 712419 487093 780035 356895 920203
876424 572461 18132 977242 154600 442551 619519 293673 830191 228790
818041 174678 568724 269142 802573 586396 940567 628712 225481 110272
140489 811447 860307 911749 242690 273697 237151 415898 752884 341155
772365 574360 759990 299274 545372 164646 730880 733043 449217 425556
725468 20058 404991 697548 651303 741998 332370 203318 691598 678845
500179 448179 867810 723410 299193 216303 556082 843639 119420 809416
736092 515442 329919 283465 273766 277218 642149 182053 282527 411132
483400 199502 628695 439224 798488 242248 844822 651367 186096 341010
850841 558186 487048 339718 770975 189923 268803 340 335049 833549
520706 123337 413860 771041 922751 847340 703294 675321 762530 807967
334789 526876 225287 567612 864739 451781 78020 829726 302822 403931
903900 828179 994961 329174 681217 427298 291861 181593 77786 779708
396760 342793 647831 333525 232403 934515 554721 131069 162165 177402
81698 672888 157948 926275 983958 541748 88470 106495 381205 358974
472612 245498 111214 294852 165394 393161 871757 340124 427750 655338
95565 538238 917405 416957 601313 389833 115776 159654 668742 446759
936313 234538 767715 876328 86536 820827 965293 860153 791482 804665
212708 539616 72777 115168 565607 709886 104175 653527 756812 514501
281856 621034 197472 96133 684457 974914 549768 828536 824356 290979
539378 130689 650896 595291 965345 215356 644997 262060 536749 136687
370171 185552 60367 558760 571091 970357 806519 143667 2152 684448
258123 980747 375032 975998 990357 817107 26858 120328 752442 587159
389043 203519 831936 557845 905184 147360 544359 308689 714241 529119
554926 851843 349163 523587 632174 891055 279267 475692 264512 25978
683905 526139 699676 985494 245563 982359 813983 130675 323628 12264
579851 516841 734443 193392 996001 540716 872331 396254 427484 34340
39060 515528 375753 189422 943737 757495 366065 783306 585895 461925
663300 59967 211262 724217 760276 239960 580698 856858 21592 668037
533235 254347 522007 99423 544002 200376 463007 643590 862388 670825
300383 127600 910640 472808 538883 749930 772162 426795 535431 339677
655509 114764 843441 259124 207516 237405 483405 859633 624394 725616
948446 403175 611457 531952 138346 533068 470137 499369 677247 341822
626951 646901 382589 57289 294286 393686 250679 791485 679655 222446
702921 588920 379781 949513 90455 104116 199556 763029 976311 608263
528665 210380 405399 631952 835706 170671 613258 285647 183057 825785
58582 292713 166515 968589 507934 337938 20060 280736 388234 496323
968007 528287 517626 668223 337714 104737 601659 543700 311681 718473
497401 674898 210422 175324 306292 987729 94683 703425 731852 554915
778016 880648 237501 492259 508664 658510 849785 70250 748719 948298
780717 183107 339662 110128 435199 833971 42606 547078 787670 319021
375487 148520 459215 367335 19911 661374 676083 372274 511727 62889
11382 568290 70709 882124 16019 867286 912736 112115 987135 75990
612790 461153 232596 328792 143766 643957 320171 915992 360030 38363
237493 195393 719403 138857 761414 940971 363860 729343 173480 792013
517726 968485 529577 350139 346631 628150 860172 725158 744463 639618
80142 596954 992415 149575 621502 841556 673763 160926 940601 228656
152829 787212 473723 118259 85300 985143 263180 481639 908762 121198
94194 486584 967100 862453 632811 873819 822303 79750 908542 260355
710453 487103 287443 645982 501044 739 89923 872692 790576 679753
112656 585684 85938 158480 154817 463227 484829 878135 273930 184922
706620 759668 284092 255954 336854 299438 920374 969928 459611 890992
854619 855538 991510 451929 891332 485463 723619 840890 799563 364146
554088 5447 811766 735649 951162 977881 987348 969010 356305 157174
92612 760519 340440 94184 215795 30827 825029 465789 162433 199885
223265 636528 314908 837999 883049 787655 265038 729554 35293 467963
489006 205657 499278 281537 150423 508954 340427 634726 72641 970316
578628 43589 770018 488879 920867 706802 442113 720462 620001 785737
119548 148131 917078 76308 429953 349307 258502 482277 472771 958732
145867 724220 227055 53875 397666 138353 521402 918572 938915 413210
213091 443737 140088 415299 664049 649471 614566 858802 249246 520086
933840 643886 956723 916768 594592 244303 892099 497772 419410 936875
146465 439389 722842 847350 92010 78464 450757 880155 542807 345481
334529 172548 557357 760238 108463 152029 383100 985277 309712 765742
889940 359719 356683 484818 988256 95903 873099 710169 758276 995229
770891 464094 691342 772143 113393 275174 586537 103257 820763 808776
450781 568449 957934 731553 518454 836479 373019 512497 214710 189256
318619 791920 230327 150501 591413 391576 504857 350325 80605 440003
76325 318784 94844 599721 603498 672431 50793 155581 857024 311945
287344 872144 148620 420580 352478 605146 520166 199731 388497 1652
892601 914203 688596 218764 88916 832870 596891 23639 269126 305005
628571 56870 15607 195268 333739 282814 175594 832784 379331 905433
728039 12875 732797 830868 551660 681976 554254 254306 325397 235228
814571 2281 589865 130991 955959 547343 809065 138257 332502 671012
549626 884387 735009 124640 780209 295526 750115 749598 252853 716346
311920 267370 393148 717512 916257 566744 238096 399697 200842 3881
969901 74369 913228 978813 748486 731552 916298 109705 876763 591333
42283 618695 107347 584994 209311 214392 721062 426495 918822 441428
780896 672585 225838 825585 496842 245869 327438 892687 848837 349995
986702 87374 120190 925753 722401 614097 95826 226672 737458 22587
110782 921630 432651 618745 440954 716566 277728 504012 743145 814666
350917 413421 546397 669506 641457 13132 435735 188873 727814 44091
893390 695897 871778 863112 267178 627572 254365 681527 384490 101251
307296 483908 351069 720957 847599 484275 542169 556009 3257 33377
819806 197525 234286 719911 511941 51954 111336 16820 244428 843610
801055 141408 85911 869736 458580 10958 252468 150361 992699 983461
637381 394953 160410 291674 447283 380733 519045 541635 145942 123386
16822 125120 325577 984723 542566 162578 314368 738984 461775 614585
137531 935860 572357 664669 834826 857090 903934 166155 9249 706654
391468 600830 183809 358038 813993 726826 121015 270290 822941 370341
166938 164379 821060 652470 725609 680971 898021 729422 723856 552993
314375 432680 674298 383157 269014 844848 838202 155085 721881 937116
249796 93737 173422 770739 306900 26506 209613 131985 863337 898163
804177 914778 181396 345146 380431 662379 123543 6052 412694 854026
751796 796747 536670 443809 506688 270761 266285 43891 645128 899705
110193 633396 548867 494738 539864 65169 958267 407885 235534 125919
524346 313382 930792 797086 181704 682536 923155 638521 569786 758979
579936 640708 629332 474280 418503 713331 84987 900444 604774 648676
321025 256520 753186 542877 603169 818295 965181 761935 107996 303801
402024 327227 255089 39856 548666 284047 209504 443527 483043 991055
208176 471060 277057 288267 616266 344702 266785 620534 31046 982179
876563 376028 521500 594094 499250 33598 645652 502252 639939 825013
943137 711740 936837 783509 979236 32166 159385 781138 247038 910025
647636 55785 700324 664674 601271 738150 470910 914011 154777 747025
501368 59836 351540 45349 725682 960431 61481 441602 675647 401547
472544 51187 382035 726582 433031 144785 775622 19201 522351 895694
907290 6605 215627 553585 811209 557801 122732 609014 583272 290343
468792 716661 895914 249620 41584 267167 402730 424925 142728 162788
651561 371592 70319 103694 416977 479215 819945 254650 659447 904544
417400 673198 377744 744163 757301 208531 314391 138011 888953 822919
441654 75480 103068 87997 47008 658527 441479 405242 438234 315824
339981 661191 544304 692886 991957 163058 17582 21416 984204 379278
662781 960965 965124 621459 16874 788864 329541 701984 864797 469213
794614 715541 448048 898047 981521 194192 426630 593823 851706 561129
754906 662769 792553 553294 128539 761296 947761 788714 866103 10175
644182 717500 118634 838695 430679 284974 211757 772708 138316 267101
67081 402405 387344 451612 569223 320504 52792 830403 946094 508902
94597 676680 664900 243939 763170 514558 72802 99093 864555 436362
171052 251595 362030 372970 623729 192296 522 553041 4996 898239
799698 779471 310073 277207 28266 624124 600701 810437 522790 594386
483764 669667 577380 674532 531670 497850 952430 22767 849909 719565
779027 960982 888961 580131 93976 228561 118907 960110 147198 122825
814922 770619 906383 626241 835124 151503 424320 958708 883034 610435
204351 83693 334878 373952 984363 617034 990070 725971 557247 324117
72727 578248 588690 726061 237625 803289 13302 703839 853646 913823
628956 686235 653205 748059 893209 642389 537099 407586 626656 127851
347852 196553 272391 542974 444193 7545 328364 576093 584841 492848
947857 685975 749424 209038 54682 986477 580017 684446 387590 493531
343560 286035 206927 407589 258648 189409 124564 735593 817245 370605
192870 578139 445051 571675 465156 728931 745766 80335 23405 557627
2768 656922 612847 761749 173209 337229 246284 885067 63095 192041
628847 480833 607239 474882 448510 538199 611050 847661 283585 256912
600346 912531 250473 59944 362258 3743 351128 387446 826916 326860
452571 805370 107048 638943 159982 343445 734762 222526 647211 756153
120073 976982 213361 3290 655349 721047 101840 870778 846657 745339
71995 654862 470253 602603 367415 500751 606693 267653 41031 350025
648296 951242 88998 588833 818620 147538 902176 435814 985719 296069
28509 371117 473506 310205 245060 160668 78882 665650 871689 39452
414435 526638 90521 539631 940873 483646 651548 912365 519181 780279
866541 970147 330327 884507 941222 463611 598136 681532 2883 698176
481376 33150 345863 627234 135197 538059 287079 861960 469195 197185
21142 870396 516019 99152 917778 419126 792951 189585 776518 520923
60516 951541 76611 677606 549478 103769 590170 383435 500567 754933
719507 158531 827554 532886 280987 391808 288180 453135 460161 651395
887024 845428 831801 758 855172 918861 129613 158466 956583 189527
682988 282660 573464 49486 841313 248548 204569 345170 678305 6931
318335 29308 834853 434766 889701 420207 701019 891124 153983 562076
456315 762152 747079 928489 82825 788706 922041 208361 573064 938785
985256 328091 671211 648283 343795 260212 821310 651110 917629 120787
111685 257583 814489 441665 529760 599919 690004 182950 723462 515141
971564 375955 548909 870460 656421 465656 876083 775000 110229 916159
419397 159770 239458 487492 726146 739047 990798 854592 51938 359786
622096 749357 327399 718664 167094 791897 640847 498841 531106 814151
184136 255631 678030 826033 997486 69494 228125 378254 951241 550381
263729 668682 192507 286213 174910 256209 559215 58253 205494 658209
365432 259468 20485 52770 86105 180562 744611 495975 508299 691257
503568 338444 436409 518729 452421 247845 94073 729945 135465 365358
574803 69832 324173 520277 995610 164167 843439 200462 93458 13113
207888 931417 330028 774929 505681 470077 265790 305254 299795 473086
119852 17534 708017 600006 852762 510020 794873 273386 217714 334954
367491 797546 689099 846897 983426 178853 647238 253310 529354 36155
605815 410966 34512 884039 253537 270364 959155 27831 857983 432592
953038 496847 711859 929272 146104 640638 371526 924487 646389 392715
507483 358510 99246 547223 440633 972623 966427 778175 622162 30055
131308 1365 66164 225369 418395 981745 985954 748388 200856 28966
586487 857886 609687 381663 626255 555811 698738 807285 510163 865431
8046 570589 324720 59227 165141 452499 446853 266418 36127 443091
469605 583753 62734 400706 434848 587670 369721 760336 383375 946800
181931 45732 916500 356018 694383 179797 472098 977927 59179 156792
528938 860522 116375 539824 948855 225523 584667 813688 403826 504791
169444 372707 774850 866547 950123 113016 220126 813619 575997 7940
527541 42956 300575 861718 459229 521771 27353 659106 398426 744830
23713 73030 185019 845038 355899 626306 458726 214267 568088 362878
933715 842476 434499 771938 445946 597010 57579 194048 284277 746948
458523 859730 684889 872612 408073 595612 858552 369429 292478 621893
791505 40128 843070 46625 764846 938252 430755 147929 484834 549353
494230 195634 462167 473363 450159 6012 470967 676652 488111 666347
515540 776552 921994 584108 130384 660295 568551 9728 394536 634552
428585 221843 472215 301452 512653 590947 152406 365151 212449 719337
790804 587254 749213 619201 597816 933416 213150 318100 830749 947079
293496 237321 747827 474010 442690 306947 577373 415795 215673 841758
908530 663362 780669 512015 331250 191033 244773 852616 961261 436130
862931 870613 374343 665089 433996 961173 185597 569274 494932 410972
280762 704502 445608 726735 761253 195377 2084 785858 744400 298111
973605 353152 684668 977449 324284 272148 364026 562703 326460 802453
633092 99647 803682 126236 828971 358490 740421 621468 561080 959515
522410 25752 146717 487405 80962 941479 46167 947313 268695 773632
215694 214174 505656 203698 720430 8730 273303 241312 545312 239787
650687 852402 355789 496183 336851 819592 606236 270527 253751 66220
190824 789531 707035 810579 622981 525223 617137 808027 408729 905549
989239 103356 412368 540149 304373 443534 702445 474131 164135 67778
142888 329382 492435 477711 224993 876591 238541 499569 8949 790997
393563 382253 424220 72801 337903 419970 641380 807975 48022 293062
292944 354211 980964 137490 101959 634371 701587 310579 348786 984985
729880 971370 975770 832370 734536 313049 839185 598732 191753 993563
332205 91461 37012 149710 602231 456772 309955 184299 674695 705704
515332 586744 88461 779969 955459 436394 436728 29980 554434 723922
102909 949733 813648 798421 201981 299300 693716 534146 720015 953450
125008 429440 97764 579554 491238 582768 819086 263063 821320 464390
802361 356962 833827 423788 127179 242074 761349 636336 558631 96592
608928 269247 215574 651963 396097 286525 861232 794314 31160 664556
283643 31118 467007 851222 369988 399155 887819 853620 829861 64531
537261 254585 215015 183928 194895 218946 444202 209531 743526 902563
451754 51423 145183 601159 674411 458341 977869 835530 961488 945226
989902 765157 876854 504044 618101 477180 851105 717052 172458 7640
661689 894 315482 454384 243807 1020 705933 949557 920634 71387
880771 4639 720696 739446 73533 557926 771055 228301 732461 309957
249571 618987 841857 793520 453305 456963 358901 180805 890525 859297
678224 775109 402132 471167 415606 860937 264025 34681 446915 963934
935662 86339 183037 645164 158211 666503 158664 155227 937107 536297
974176 187462 78241 750627 140794 783937 445369 280885 601109 251998
758359 964648 297423 388982 964527 297887 779926 853816 189693 981078
929473 603993 411713 328855 576815 685650 471589 412089 174701 176558
377728 655914 892633 566604 62472 5480 73312 443651 232275 614330
921220 593733 16082 689851 494508 197234 70504 503847 598913 678990
240187 540920 587683 849748 786062 502900 201413 911847 90763 198405
774967 691051 329113 377568 6294 120547 888550 415907 950645 326991
329966 641120 410243 146650 609000 765678 118354 300186 121593 662924
867736 917805 393810 938750 431650 481104 881237 113388 168100 839851
69462 80071 482116 5535 296625 787227 14650 726010 638124 537498
56742 311576 29732 697781 281593 775889 542146 817075 554682 910737
89095 56121 119492 122736 682816 485769 609196 620074 441610 231567
110666 601836 687805 678943 890290 286700 149711 593325 956718 423905
696102 888439 672055 870984 279815 818211 859772 865660 304260 434509
218943 976551 375623 478819 303798 957832 462610 820709 174622 432332
333019 872157 81122 435296 980875 298868 651655 10602 934915 387945
840788 619079 380341 417568 357791 777944 227641 544985 656872 473591
624252 653810 445119 481333 101249 407107 25954 754528 638046 414037
323424 800093 537360 291301 847460 960466 507556 670931 892252 947237
828182 717688 425387 451692 586334 979708 431141 862090 476149 54598
727216 714158 975136 346285 587965 672411 673534 95665 970144 888185
974361 106891 60571 914392 828906 118793 268504 658471 793165 905931
391589 655888 178669 466579 891294 30645 426282 624432 39178 139923
293109 269405 695229 770290 397151 70257 462975 713974 293443 211399
96936 422130 525624 680411 289668 443496 684174 372745 255071 487309
422453 603800 520844 861717 851846 671859 539469 562482 151509 424797
276343 941489 457523 685621 157126 50271 92031 389508 394660 127358
214748 285201 386570 757541 678788 496695 794131 991224 175111 833015
992831 800088 648027 296629 343670 528026 550448 773831 729662 120154
101774 455226 90177 645699 346580 559535 711856 132593 30555 395467
399222 898496 812205 426174 164102 231758 80234 683266 39106 357946
865554 820438 936472 515458 201540 628064 873367 38543 392957 31493
824912 318331 277777 34294 875 482988 969925 422714 593280 280189
703766 452895 665290 947258 319794 391064 561463 822158 903578 20560
940351 522493 80809 756349 344478 914543 273443 956909 74713 136906
781062 785895 37920 495402 714329 482117 96425 51697 515117 460708
648829 607866 91070 319451 317417 995734 824520 422781 525290 903256
940704 26075 829932 399659 840247 814455 833916 428817 502017 764414
385829 90077 391314 645734 998396 808117 618282 89199 368151 78493
213140 104491 846143 779366 914054 444486 314164 422003 855221 526265
351228 914462 275074 828095 641652 280001 342231 49990 924690 526819
745642 17688 965224 611694 76255 380268 209598 799333 987181 79209
983194 97330 476916 419482 428998 885233 917251 369859 44453 229601
338103 311653 58484 876388 870495 640811 985244 593963 501941 885558
257935 229126 164528 262743 364602 33600 478197 542538 411292 30005
244546 881452 251253 519343 546045 734 981861 711391 477048 669582
8476 514498 46642 14276 262597 79415 14324 373240 379961 296989
467988 462678 940270 95427 736854 476515 542029 35291 331284 829682
851265 890253 596398 466165 599129 606171 312272 274337 402262 37631
825808 899482 786660 405657 444246 293814 479199 793378 868870 927489
386636 493306 37287 588176 805772 144154 353351 908477 28518 54075
31941 921468 733786 270745 740549 312898 738844 209032 780691 536204
864197 509922 754207 417838 384256 435955 4714 660256 615404 184788
438273 283867 435718 406434 326188 866005 523576 451992 257165 479411
833095 259669 613423 535360 293803 424226 17961 514044 588326 957561
300546 307323 811859 545072 159561 990662 809332 560705 170270 867162
939014 161846 850922 748051 591704 206348 712795 60711 809165 538163
163201 453478 222519 679913 887050 99163 493578 681930 992910 103822
229822 158844 507908 397342 898502 757330 835308 637678 960832 174978
78125 706616 44456 454365 487133 416704 863998 866724 826932 526263
170772 152908 135958 621184 377359 8055 401918 138212 910631 900825
719624 2975 369897 862031 837715 683047 389705 187925 833333 367653
284899 856147 430602 21704 158715 715464 158383 242059 818880 403854
803268 206622 934953 945666 333100 397770 844301 947468 477256 888503
254014 461516 43782 612842 658318 196805 803675 591175 858230 183350
873848 135279 311072 146981 899387 941383 251909 191587 951149 462100
776613 955538 7355 45546 380829 132661 434103 902530 266115 581428
465816 840048 274442 845959 363833 461297 712630 10812 823662 424445
187368 72023 529321 682371 316237 695264 223937 469709 196188 655205
62265 211602 532482 855140 458534 390142 313705 11066 346157 922129
776729 26313 924251 535377 205392 852732 363016 571208 567977 172674
921928 309416 223745 479749 861000 79837 202384 431125 22231 772351
194267 412868 158374 390402 422769 514847 947732 241375 527538 321857
514623 78262 766797 416495 239287 197379 253939 72868 352741 201451
302256 523793 253469 589407 319400 962231 206420 710951 309417 403837
606576 739631 905269 522339 438103 206069 256400 404018 800899 245246
573011 798671 581823 366975 957779 943470 586359 479033 873472 569358
742486 460126 945085 311325 1203 932734 516813 703505 330122 500153
438311 295924 542040 531129 123370 462343 661711 46425 412688 876814
118888 729533 264678 505308 464035 87438 15636 562311 609182 821807
935466 127167 873623 253728 441032 946453 465760 992889 592147 336188
604794 957144 143695 996537 444776 831767 946264 43716 281818 966639
516608 21320 371874 648808 112409 3407 704110 504907 20101 159429
132101 921815 26607 571941 927538 807641 508277 891888 147057 644111
368093 393817 424264 397220 333008 610469 197371 410901 37839 111468
451669 952338 94399 70185 354204 206985 110661 473812 557963 394369
201033 951547 567226 302421 527256 287142 10331 536300 978698 570728
269680 44677 71461 585746 714689 439278 54364 395182 447355 211545
907970 489095 23489 787463 544653 631233 428164 628841 480344 550263
452268 297331 743183 166928 671034 689168 906926 314568 315895 117958
267459 950217 532248 823296 231560 775844 515803 859206 893604 741026
712860 79332 222471 69789 628988 14525 927716 635585 334297 94116
129143 933656 672944 631783 104589 940173 133569 790942 316672 205702
534678 613296 824431 418274 863433 31622 623206 971247 490747 558412
56934 93930 236411 284403 968694 751407 988894 86325 870711 679553
890274 13220 7611 506950 327802 196757 114999 136988 300567 865988
972013 833790 10627 665310 926656 887993 317901 158799 640535 918056
448732 7796 553465 788281 332367 398444 135137 545254 979408 157996
825942 994922 879096 255939 366718 449765 759346 940967 272458 498196
877380 461125 563385 871029 503161 557293 279793 610725 355987 99719
67494 889611 360434 768842 937640 453513 259227 224008 802402 522710
118457 572391 736811 373705 767024 469150 290055 982216 960239 918603
568480 556508 702159 58348 938281 827311 836559 74278 11028 316774
312461 505900 571790 799584 285787 145454 342893 104268 967677 628803
498387 978687 995908 732624 319689 354483 357818 575545 13501 30483
800400 508823 541040 444735 341780 245753 637592 626078 901567 923455
106906 2955 60599 762479 114983 160183 202152 750087 642177 707515
367928 392270 965790 241562 204471 667474 798203 442828 556867 231896
32749 409248 951978 265019 374340 524604 521757 496827 11589 357696
105284 348155 60091 755918 674682 869351 980469 464753 140118 113985
273606 309049 992695 771957 224784 844039 628619 569554 299957 863508
218109 219288 37264 586548 63184 347794 750560 371425 868406 413957
809773 665768 932806 792332 181301 742267 985444 722536 480530 180057
537461 457206 152562 501623 66871 277172 416403 64342 143527 474515
665578 391309 286404 964275 237706 174318 433061 481383 561402 137362
476178 786503 926904 74224 361423 859673 340906 604528 547025 2752
339310 388444 712198 784755 717204 845754 166240 878775 419679 653672
353016 50814 766874 161826 340746 226444 101057 875165 798906 274024
387076 419451 228406 687789 140531 880068 556378 208752 153694 699455
888365 814076 427836 167056 496090 607746 728532 17862 659361 398683
1267 330015 246527 820109 884621 60628 540356 871292 571844 638095
336326 848220 820751 956979 653454 958269 402607 658761 245080 167683
403098 301184 860315 205525 630276 978657 988936 166051 770053 811529
400666 525618 960151 23366 672130 731181 170823 932075 28454 533247
905994 257112 428582 600455 379787 683887 281374 808466 526409 623063
563140 697953 764564 626634 642341 808236 868766 204776 818917 670121
67293 276245 171306 595294 5300 840305 777036 41528 449000 754078
874999 446855 124069 699458 430416 47973 857573 38687 371787 748497
287578 538562 761081 269045 329810 457579 536405 907845 990200 825317
600382 856234 201377 640147 832319 369888 958690 754479 342704 238399
401959 909223 689760 492325 426081 730735 142403 817865 463602 282085
235749 153252 266620 929680 322616 613053 234492 227492 952679 588867
32043 924491 29891 485595 418848 722830 912341 531502 378507 636132
295780 669565 703199 755506 316041 124990 631591 461446 68404 918032
377962 193515 586669 552322 564574 730752 24525 947288 777765 907824
31759 426017 664331 728459 192322 211832 562612 207745 49911 498639
481277 223658 622366 373996 382499 676792 938831 58671 997423 917460
430973 774216 164792 200668 67140 909625 460110 957242 495287 606638
32545 561783 609131 594042 807161 959220 217886 667395 911385 547462
715619 989895 116176 179917 419764 797401 708709 903420 55017 803316
613188 201254 92422 664282 862295 525972 30520 347898 652088 360884
990459 531299 187805 815979 872226 681069 73918 260411 660359 896775
218843 759784 611097 227752 945923 575523 903870 634281 418252 781247
886022 969914 806816 350847 416061 867303 649628 156427 460768 246160
894605 260877 936733 861129 319529 106948 995620 582892 50982 999459
708211 657106 270123 175592 741963 112121 457807 810360 337732 182901
225180 980976 234625 543502 617696 739753 992321 153459 258688 940798
702043 378543 761105 875402 584898 385845 617114 902714 387482 607651
772021 172306 462189 612835 810097 172929 142693 954664 881095 950504
642084 441960 471222 105524 523025 110470 169287 656996 592044 91927
543260 784289 21329 417643 634000 352103 272031 92753 291309 892939
494477 475343 750636 442861 628984 686850 293920 760458 784299 482319
771919 13545 91742 692240 532593 34816 728342 260393 510481 668888
272032 568721 251040 334264 575252 969535 690100 696628 465475 244913
328505 926693 275225 69516 288619 219897 266595 972512 934442 360433
780718 499491 329942 365680 922855 454500 771232 474753 50362 566950
595071 249985 339147 674917 228388 377059 510104 915224 782332 540707
607722 789346 552689 509277 32329 956404 248258 450229 771932 732725
628962 109621 412248 544725 198610 867813 615708 430598 369930 355153
771793 35594 591110 247250 44644 60766 288082 947054 213336 592904
291362 30811 995811 477573 218070 865937 337849 162678 345188 675402
607253 682342 670554 546944 299944 267525 509735 891429 559411 115294
526950 362979 112948 2140 423672 655078 48163 762037 694481 613187
991710 517008 185018 681039 823309 683545 261160 122106 562653 936119
822830 807781 730289 406572 601853 5559 787319 869744 849598 241866
456133 418585 544636 931634 75115 940826 432885 654090 338648 300002
697145 844111 252473 78471 262292 882164 426569 185725 937226 899536
634714 640854 88887 928328 771522 657217 117740 875462 827527 204838
191154 793902 857785 751260 431833 976096 257291 544085 285886 801642
708592 773755 485122 398851 995016 460523 307308 31080 38627 800020
514596 590240 564142 625890 124834 851844 45573 617974 445079 168878
521119 382541 242177 712612 311570 569592 693215 88442 625155 501786
237368 969398 38351 633293 447053 836821 389311 205598 83006 998295
346185 154313 501577 61455 368912 524465 50598 923792 62842 559958
319939 379177 17152 656288 120466 96839 195198 544571 519651 755995
696244 662837 596509 935116 672756 314213 15751 257694 899595 136233
836001 593825 24759 89181 548417 670552 696235 599059 904497 632088
694326 535468 276532 562471 395852 382300 484748 595941 497635 39302
684992 835806 147749 840392 112891 654725 430768 367785 753883 530832
968176 223678 280360 198084 518023 965974 163273 818910 232479 911182
678467 542926 311092 581679 849691 668461 885450 251731 198185 179163
331751 776745 390729 210541 547008 542960 583330 307304 985909 869759
514778 297337 32214 628091 887351 273664 619673 957024 155197 330823
414272 928056 692411 383596 139174 265087 452495 847092 119835 821317
284457 761799 537102 391730 419402 723209 142059 670191 316463 795258
616944 712002 661430 861675 346167 199983 918229 379374 257487 584806
465246 397898 496727 75268 135969 292146 517910 411502 68850 648084
818221 383757 77609 976905 904219 96885 572601 960165 770701 718142
527672 302928 151266 295530 563540 655306 251580 732993 124374 584412
928245 637192 725200 190067 990203 680326 865504 470353 205712 66465
907980 948736 991368 444621 413970 852134 301845 681982 171204 799487
874744 527031 527734 972383 180180 84742 58155 921042 304491 901987
185476 495857 154404 633660 306334 232299 623962 60110 865897 785925
128616 61839 708829 988922 838713 785696 359745 814924 480489 851475
968055 436894 984761 733774 130311 187982 64052 576315 95859 839920
878549 225406 294616 523572 733126 900324 682206 272213 386766 99731
413024 683244 784047 301969 227347 770122 21146 256239 389181 730965
461580 465019 78788 120141 440947 829672 299484 622006 120949 780292
278918 938806 336086 171870 211279 23552 332894 666275 731437 209166
686614 16365 347880 973193 338662 389057 44657 516360 822230 52208
359048 109421 65589 666400 643341 608225 145177 40789 225217 700967
248444 580054 467000 505386 71433 403486 913166 982446 603187 216440
118312 151499 129429 514608 154089 143025 543976 708238 980297 632445
375373 713610 329332 882185 743598 92860 915343 406872 249259 638360
468751 184716 346272 352785 853322 888322 671183 909533 36946 380530
991541 845900 246176 697502 757510 631832 798058 505832 655876 199157
726886 196897 113974 142443 368578 510452 3968 714339 453387 500221
380436 426831 96861 946698 333247 294765 791010 857513 497725 129658
942295 536728 713415 279060 695556 702318 711327 614421 272085 50428
554298 721523 135991 4801 39838 450235 526706 873715 267442 365496
763817 239347 887191 655784 649607 634346 188061 761142 445191 767298
33512 830042 989188 831493 252140 162282 241843 595371 177495 336296
725427 357840 244702 438611 211301 8390 800261 528687 546440 485222
847644 18220 384572 807748 753075 952488 121244 860974 233512 454175
202172 95979 70034 267155 158690 914795 246693 814783 138695 519858
360792 324392 625061 670268 29974 50987 657807 322752 703261 554544
803421 751043 198342 309043 575910 505772 923189 678321 777031 83154
660523 727135 684158 399478 200554 410837 529965 838068 553055 424133
632867 644950 519348 946215 106467 317115 578157 775882 376140 215103
767256 42422 700826 727686 247149 737071 351678 905744 305427 759364
79743 663151 838562 739925 195767 152073 325877 32119 273202 961017
195713 246570 820524 43358 514509 773227 68328 994513 485553 872999
343624 511709 611294 803109 846663 835382 470892 983142 158328 356234
532283 375492 602540 877265 161941 784905 929738 802522 454220 643502
999300 925575 901919 8830 228439 759553 26006 655985 897251 409922
409644 337515 774759 995004 809329 545770 18571 982495 593092 455772
554707 107855 639207 158659 637914 494929 373248 251778 614479 319322
878754 728966 823460 831509 849925 251445 348715 423376 767296 108277
770026 927010 432356 63473 275559 719188 619735 962479 591924 129719
156343 672473 90781 857234 303415 573359 582723 359543 456598 940523
983552 660798 626201 677261 22776 848221 723257 195563 136535 805363
240399 675619 956815 288456 513463 464773 97070 465161 636505 751103
751351 677940 180733 946930 506543 597819 675508 698668 354158 769795
169170 777247 548907 394995 150957 968628 204020 625603 836427 432744
114288 913287 427062 920479 146480 850471 414643 218156 553599 312508
239767 208801 796771 392820 741491 334661 52817 421457 963038 235285
506572 106559 990815 295513 10797 661290 65356 950049 483883 446751
333686 932465 873011 784969 542438 259550 537339 42843 990804 486762
59427 40482 835008 557137 805800 232363 480435 37089 832026 704447
860971 684684 70678 34913 428096 900982 379422 793454 769619 232595
760452 693282 217252 434453 586500 832897 127774 429362 993127 480899
634288 90519 885447 808525 49820 648399 941467 779941 648557 251007
296781 955555 578958 188867 680337 695714 812825 976709 483684 877966
640301 252341 299508 869419 590181 558210 78533 566769 726203 405265
449608 365916 295916 523468 121744 286435 629932 866253 351901 373317
209829 274243 349690 378851 849232 261687 846265 268986 896753 911980
966752 10675 350338 169705 171254 104269 789179 121711 911828 395325
521592 750680 582559 804321 366620 985255 115974 55439 389789 764307
629297 877449 126300 244038 101525 17255 777416 793826 805756 402509
246242 404998 836155 741956 716938 47807 513082 575165 920778 321197
176303 51361 691161 388434 185909 948050 132115 127560 546957 322678
769814 502737 287584 765399 593764 363013 149606 640346 543492 500489
474232 424645 301562 887099 545039 250177 19294 518714 433211 849497
497921 6949 650057 88236 75782 657643 919476 259140 190944 795637
536615 62900 393570 610499 487798 745409 391747 760091 690065 737376
232347 464980 562378 957857 157054 749139 669338 119676 574545 730146
170283 90787 691444 343016 184989 766937 737490 434387 59328 280831
446702 241444 5451 206353 868297 159334 880730 689570 941319 74075
29234 795481 750265 39184 841331 77249 856328 257066 247292 316235
354808 386078 287038 933054 351154 686668 199192 240776 887245 533118
508536 259003 312314 858562 1019 589870 724321 351363 694784 648751
744213 182858 364707 251415 943050 360197 882653 134905 45133 459785
382949 418485 576528 581913 804508 417836 314324 650236 738652 976244
595648 293608 481337 944297 658038 901885 288971 138110 849906 38750
694389 605796 121938 566191 866907 664085 995054 144121 814545 802915
734613 661776 596380 484661 975626 757193 582888 252390 600194 65581
178660 697376 724559 556752 811566 672795 723843 313616 33518 503499
484202 6820 278238 834328 120284 535893 428855 79863 960584 864670
184807 926229 852971 656801 631446 337877 267640 457090 11855 629630
216759 579054 242259 144592 314998 692145 177625 388334 805320 646451
677204 783205 274237 332710 640132 640569 811549 702037 633527 925839
981392 436134 656473 414409 507409 687453 439550 509898 680656 34032
724951 453315 685289 564971 285778 751874 304242 334228 763786 438374
994649 842367 947716 195428 584150 536939 724462 229929 628461 821228
435848 872119 850393 549613 342200 179541 208991 415836 430391 734764
498019 29183 469626 559921 136207 393320 821846 281430 629835 428978
648013 883647 476217 304012 76003 39710 27337 10519 937183 321032
472176 818001 192110 116454 554147 597666 856745 397574 161730 219876
556472 25054 350866 727990 796625 110700 240487 806371 265449 985379
7426 290975 968592 325373 877495 890052 234513 625069 718116 600666
608115 784965 103319 82585 212316 401093 828305 455865 652281 858888
432905 424681 133468 44138 924715 709640 279866 827189 310349 387484
597785 200854 188322 448133 650167 939543 297011 721093 599829 68509
211843 31467 74537 459056 737638 729071 279827 444158 380062 12213
217681 186052 835513 260786 164721 410841 353530 523301 864618 947680
334263 591348 257994 918059 794338 624649 796895 965473 459865 92464
108689 976458 929017 640320 996681 340151 256555 335703 199333 734052
473319 208349 599860 99205 797314 229758 462044 916120 221292 513458
874767 289762 484030 530958 867461 947956 389474 835108 997304 191097
335868 688094 842025 451476 914105 680843 361495 77969 472174 509170
609082 462599 995921 486165 343749 438299 994701 512440 13441 164936
493926 783098 800974 971772 997029 779769 731881 663132 996961 230035
72037 980103 253100 542237 494924 997712 665567 55270 712655 556111
635651 177093 161332 844374 211616 891438 561012 855354 117726 356984
310914 488294 804529 176288 672179 134902 202281 516586 458372 461377
643510 385061 604579 989899 619606 756247 69337 206600 937948 693845
881637 808205 553411 816966 973000 640421 786202 680306 159743 490980
540798 589427 652395 853972 611475 996761 478103 89322 837567 704265
834218 895245 611585 644112 867670 588311 655468 862105 389059 165931
509986 217899 282414 222944 712676 236930 834855 352222 283194 453327
632321 879669 298318 704339 964233 643843 791610 586575 867467 438363
547021 123613 698328 397347 888848 584697 5193 195684 372326 875524
956015 228881 573883 290080 614919 231026 217460 269867 409896 546580
430625 207835 754958 770788 122813 835985 156978 992851 274838 388997
643826 7365 692476 277697 613668 198783 680722 32219 881008 881733
304121 447583 314146 43059 771242 469097 139867 93130 731255 746524
944679 580451 79033 58228 109993 151419 50790 540306 289048 75012
227883 906273 322306 4558 380300 171482 834239 214191 234488 282420
336859 927236 334700 790704 148769 659938 191521 403777 800826 129274
988077 79790 932082 784206 988394 589131 91636 717546 228803 456296
450167 13504 763198 816945 683710 411781 452730 511275 111560 45623
778984 598689 272770 668549 43775 219604 125288 211686 497787 734769
242932 115688 431862 168431 371413 308883 173071 472856 188872 648585
713579 811882 191070 795184 28577 277354 357739 493470 891357 207499
463247 579352 89336 929194 57125 318292 212755 103360 45358 709245
297378 478357 888199 815905 251292 542165 725545 79943 305139 40941
899869 198131 90320 725845 28108 834347 598725 328806 935948 506699
573558 844161 101217 185265 404479 971088 498663 623013 45288 727263
482306 788860 728522 344359 408466 240437 925120 412113 518099 317579
602429 727807 399740 535765 764638 813919 735278 673115 398790 154351
197509 545703 786731 312495 972961 217693 47874 478092 709569 890964
296211 490271 621385 545092 69856 343078 429106 626393 824019 67201
183794 734712 512651 900571 803230 169414 469553 264500 284134 412493
947431 924650 835400 690779 714670 986511 336101 340497 622535 187136
528814 898142 728365 901014 362010 402148 675872 624729 912490 618350
792405 722032 658693 666755 680559 130883 875991 803902 983238 793631
897785 139362 130859 305949 813696 220947 599344 629328 628604 55777
706535 459627 114621 64661 539051 380104 774690 212148 85947 979546
262189 432596 248424 633878 179958 82365 655976 494831 591062 801746
539137 37608 601265 976773 45437 408876 514465 979335 27053 619482
817849 721884 388180 677597 378506 270514 417182 680152 766440 979201
827383 508643 724836 197165 969491 971633 428001 261579 548633 817598
308504 811724 60104 391055 355230 690116 339807 259761 434435 429089
367404 833224 698141 798226 639102 610797 312305 66269 482661 99389
706131 191986 836387 818597 513414 290630 916986 56300 399861 656856
640809 10069 472842 922259 261939 727409 245649 520267 489877 813181
51673 333205 818861 925282 498261 105511 372504 439105 156828 429974
313874 4905 921761 669427 405573 456442 124912 66317 45993 324524
636182 769996 812310 241975 696964 770540 831499 299102 361903 804460
854176 460221 702203 502320 33539 613505 680079 295700 307946 886355
314881 927531 695855 123004 387428 251147 724875 874642 962170 798634
756020 992904 697165 267503 291480 796966 102617 167405 788431 900872
331502 471052 326082 983584 510900 653705 831923 636464 233837 487049
968560 735981 436970 940836 368693 421066 937375 928589 162654 890832
75658 298393 206572 530745 820211 217347 836454 679522 276165 521812
83954 707272 624964 337671 774023 794955 653190 148478 856699 327667
288100 497986 195927 62657 879598 512977 786217 896717 953268 749981
758848 882095 187796 571041 668403 154346 958395 914333 779897 271295
692343 613932 281630 638229 351894 278010 536681 621152 461190 736151
494900 185009 611134 202345 815228 257070 846421 275902 293216 909514
941108 84621 883068 685400 82433 912790 653369 482642 603280 21802
175187 166197 960265 366254 558374 207891 556003 975873 730619 346655
297910 417702 217719 314927 398316 186218 535427 682643 137014 69476
623390 993546 649384 283701 709797 477264 133481 946859 527677 12640
478026 354495 614492 112355 673543 231385 699850 361561 186508 430633
936931 536252 568283 510361 661706 541610 306034 79526 80438 707604
106881 70556 920068 513592 948335 345176 295666 36691 144806 27778
93833 758106 187435 896877 498316 337930 550215 477729 356254 645198
55723 935556 396580 640316 273772 73658 22908 177698 619753 11111
250646 939731 821957 517652 456216 1218 951505 303994 139490 327157
413423 897105 906657 6055 394236 119035 152391 328460 654797 471201
694721 263681 560257 629567 142242 693571 281776 343002 378889 206365
578465 873173 70638 573560 62317 216654 945201 864561 157547 59879
595439 58851 621189 634849 775871 51134 880849 644249 581707 245343
651233 465589 235397 410867 274373 683533 24775 586820 496538 715874
858095 24276 858002 647921 315409 451213 697913 939490 148664 77268
487687 810872 238004 833275 869132 624844 14596 345135 194446 82513
73511 476194 928155 506165 935468 540686 440802 988246 655801 73676
54106 139823 419292 527147 456990 332835 635304 894692 229433 773484
476404 263777 90337 640400 17363 935664 113521 894006 269475 53242
769401 323911 171893 548050 521749 44960 177126 672934 362724 723048
184599 330471 162630 393877 144194 546739 692499 969485 953856 677322
287518 660597 947063 942815 244366 920168 815112 754175 432144 810965
925707 337757 978525 247384 765420 620891 857312 972973 149439 117368
655368 607478 650925 742472 501681 924743 286445 432424 758471 169479
243042 8554 401076 109795 693587 118746 459477 736788 530092 277775
134002 515085 252101 883534 592406 689123 593920 821007 355094 352052
718231 867942 462516 596313 191735 690731 782677 984143 823477 943726
848286 521880 409620 640296 801931 41256 229001 58117 887838 523249
131421 125285 59757 854484 464591 804928 758476 261640 539992 306247
642289 784363 17375 339409 731427 830000 2874 905913 156101 717448
537062 191699 997675 126401 466453 199917 15981 803533 506251 64399
888139 528604 421506 465423 724578 379625 847040 474760 409725 831119
332101 208051 272987 846399 488933 918581 107759 901834 667780 507748
94841 887856 544388 170079 708031 773308 227990 694569 392073 258731
27507 911060 425418 202551 522235 134643 580537 384750 222267 690532
46108 785103 735182 363732 562593 340942 894624 797181 362737 815702
134381 416246 957473 695785 467925 880949 244828 862266 500877 55738
279821 550952 134706 907760 529146 50742 612484 767774 210294 52257
991129 450518 728750 104498 921762 295354 41282 839241 431301 97200
133946 999146 711435 850667 939878 953619 459081 613745 515875 701531
885753 47684 186331 412195 386958 297286 115391 561132 295441 190112
382254 937298 231429 532332 788859 148666 870352 944867 144421 69316
541877 922104 63655 889519 451722 622057 72992 28604 2871 442037
86244 598929 11984 667390 631789 578977 849805 993351 993656 157512
322936 709083 876922 692134 339544 490720 256085 964134 873188 230842
235223 627826 663780 862582 521427 767100 72917 543852 572698 453912
405088 367526 858294 918948 209936 666042 819850 469408 697990 251256
816004 788647 147514 455630 742768 321972 249216 267255 317928 327720
720367 626172 888147 921343 37800 683076 602566 292739 844997 119410
581552 75267 36832 338599 898693 259502 612079 71253 547308 309548
137572 747802 386886 333224 834440 345502 883485 63302 778009 884
795958 993213 798521 830190 816506 389120 878344 848346 138549 177743
146573 429955 315287 925301 448904 696204 648718 896026 205831 194692
864719 222560 810600 234685 897523 291405 398452 704289 530548 113468
125535 659343 40642 985261 886110 735763 978454 755770 592313 332591
577469 209612 350016 583047 710701 671719 910788 282730 360226 347727
753674 566828 972730 840146 606060 336298 420591 810091 376462 85921
59319 268714 353337 522569 490595 461786 769436 960473 965235 602189
290232 299994 353803 423652 562687 739564 427200 327320 883092 531564
385044 118463 578230 185621 350817 212570 376312 135527 967880 28566
360355 263414 783300 149039 617157 619303 32154 342234 934824 938735
539409 328042 112200 274964 471260 454059 235282 424474 689813 258124
847316 92396 139404 299243 856621 36583 837254 909219 124191 194078
505173 681495 389459 879583 645369 276444 877331 583104 152142 556335
992348 734110 621148 626869 837107 404966 621716 817221 391657 236698
726012 854502 904554 50085 493218 576765 680997 846429 14417 410292
963859 746471 201098 821889 402799 527836 751543 151694 774362 666276
474529 563585 697304 264437 805356 786335 22052 100273 467917 50984
250492 493862 137336 717835 791968 373211 77483 602776 564522 582319
992999 861757 663640 317400 85135 178263 238668 339942 783493 91829
422749 707664 439855 556641 941271 222089 852801 740241 828206 56228
389744 955633 544055 592787 183004 714542 889938 527982 101645 415388
62190 861300 844932 860786 285013 477111 74611 935263 300317 231830
224218 174999 70612 865183 227691 401626 576116 154362 947548 880840
462004 114492 446100 593483 443290 381939 422587 731562 423826 126650
655955 969875 589970 556540 544560 10811 209519 401962 27037 112886
552149 813015 895416 797778 959551 837018 546853 179355 236370 233206
874372 12837 153149 27082 903201 366408 466698 861208 793190 459852
70620 180972 151442 357548 541891 167073 993865 81867 614127 11404
139788 452163 697820 241432 468536 849458 352887 343327 426005 414331
121406 743688 659252 865982 721946 198019 807812 268370 365673 353318
620297 35087 14055 485636 340623 92088 675550 62827 597060 880830
496972 252788 91772 592499 126570 682958 175837 929965 127713 183820
54064 195642 574002 393947 568514 630240 5993 338842 350758 551057
437299 992525 960604 130708 624154 435014 627950 595240 210589 309901
999199 992214 41581 503330 274122 673607 807788 232245 572506 187720
618823 84974 849983 405779 746076 339219 897358 45390 63998 962165
571454 181991 285504 152683 588477 365898 575977 421857 206730 778965
653959 188086 613049 801994 879508 393981 985600 128651 294643 777144
645685 754433 28031 254081 785931 118485 851782 239136 665367 265883
109986 114536 485900 489305 20073 607493 861784 259986 112413 853731
30370 620320 91687 581565 650317 464552 443202 868709 554062 847610
432382 509439 13684 454978 298248 965659 330995 944084 49621 660503
584732 966100 84116 321453 252446 3201 822347 494286 367037 839456
773157 698928 784759 579030 712250 115042 729364 65083 84442 440096
858237 511840 870927 441214 16873 897233 150236 385394 133613 259520
207868 914679 779745 396699 178644 510768 350899 588066 438003 247105
994114 874644 965683 985077 278709 401699 536797 905167 317156 868958
300565 587763 817371 916221 858613 216758 448584 683564 183139 189169
177902 71858 172283 963816 359052 168483 802443 876453 88499 191536
627570 661855 6695 228685 400777 845088 668628 862417 76651 89931
483324 31577 875106 893025 765463 678849 389640 323411 873079 80881
942081 968040 978305 171287 165166 397420 806879 782839 731669 770696
401333 267483 248596 715098 976577 824797 359573 621785 592675 392883
820670 214322 510690 308209 290513 958177 720768 339122 554024 197979
738216 629307 951716 114280 407446 638126 770563 642634 767338 595549
365228 566163 613131 691724 125983 83947 222327 236393 286748 79101
644624 401613 661437 859893 910299 243044 259930 889637 226336 178887
293714 314570 884112 567218 808756 719923 964912 973666 828774 645069
90526 496689 931744 33766 578436 48523 363023 786643 492483 127478
630233 664097 914118 359973 938693 336043 711980 404652 112941 30863
695788 449254 346612 206102 471206 39116 836047 502541 821286 262963
369112 904151 859370 568925 329611 642154 618245 40845 814306 766915
42936 617603 596606 252558 671379 947838 433906 779069 595078 57482
543087 155489 542286 50489 571276 191182 739738 276727 477937 177029
923986 367267 663381 935100 619826 389987 699394 157376 86764 562312
946553 210082 854570 719764 162225 707913 208606 260553 221203 987928
87079 532696 270413 626840 380501 367160 491796 11922 406677 137794
388272 733310 225743 343652 955963 445312 444440 123834 595434 72839
426729 163497 432588 444553 578380 457423 199623 563371 925450 715323
920926 879712 633427 37231 162360 652253 455915 406706 368820 933508
836523 574631 589900 405432 226292 606559 516727 229534 83767 630106
497535 137481 797427 637507 891993 605552 255047 420092 499721 944918
825765 247032 357371 642669 389477 413318 814041 930316 338039 40601
465851 657478 756482 543819 226836 962605 903424 130573 513331 607053
768288 609685 484985 638840 491854 271033 724588 134571 467494 714022
50772 48015 50771 626231 976486 105111 481531 966535 809166 402364
905535 817621 745572 878555 889842 532007 393737 944624 934355 27774
379964 124244 895509 11128 795810 731932 685360 564285 151255 525279
373844 481750 543075 7100 98264 645908 144767 967418 12204 588962
400129 403713 377595 982130 397049 623467 734195 760386 190740 963712
185574 41404 575074 59660 290131 240385 86128 880801 810198 156020
290121 313310 937066 202550 695813 385297 549101 369346 404089 442756
903105 789407 919568 959056 850356 242937 599088 770289 41113 121618
795982 881135 430955 230531 539882 127236 733045 668200 494430 786830
627916 804265 463749 10098 252566 82727 451144 662027 326190 91265
833699 175047 510478 688243 821277 313522 221512 249907 199220 857539
103964 829227 937425 64747 718678 936531 532036 405092 137990 120858
677572 81324 571603 888087 411662 283651 26733 107227 862097 520404
222288 934057 464940 260512 591812 373227 669727 421533 260550 347090
124454 630056 106751 668684 811802 375763 954384 361316 902212 200734
748844 799969 6966 753210 578220 657024 325283 895933 782727 100750
472580 474872 343736 665483 269407 399962 139209 293875 515903 624429
425491 625549 994381 431091 833654 14311 544764 463296 518962 579519
697345 64553 620760 734960 946507 450473 214971 230273 33862 366370
567081 107603 728172 524340 146931 275951 974609 815915 269169 460472
58429 736152 550195 212176 99847 240969 669629 643837 37972 488433
977062 932081 511525 124335 288390 535159 62400 156160 630307 31729
159420 760275 516077 199868 327532 549751 858219 830402 350795 706043
43168 763692 646601 192976 832446 861564 940462 246683 329064 487314
752724 940068 703158 141337 116793 196024 216619 61108 62991 766205
758485 42845 210176 803925 492053 473017 672352 836758 18448 84178
586021 870883 713161 447005 879700 199835 487449 571951 961782 23960
169827 474537 407500 744881 84566 251508 853385 249404 64996 73648
753722 894088 607010 744496 446019 827679 907920 794311 884191 692357
124554 473180 594045 152969 211831 318262 602510 77165 68897 205441
453250 132166 476622 387728 793687 193246 654055 518 312662 841193
606528 966772 174244 32118 883052 573252 897329 614977 52171 421972
342492 162330 480640 148688 217224 106680 464259 611267 911528 882247
917045 203979 222945 463979 723906 593408 46019 563643 542138 246028
122486 910492 899056 246703 380492 527466 308532 21460 590933 574873
148778 889494 555668 99576 784245 653993 131913 733028 839367 189417
174839 511841 886349 152812 628860 139293 434210 562931 129129 253869
528770 357166 879423 772541 663425 796337 656302 938686 464643 900062
136576 222537 139576 558821 107715 81590 191333 506495 806056 583064
539307 467597 833475 157318 986289 349280 53796 148517 167582 7679
962427 925316 643222 471604 61252 23738 182295 826961 535113 98418
729058 117358 434737 441753 240481 548446 764523 313440 360447 879589
903293 783775 955957 585046 648078 208951 406693 36261 159626 487628
707215 459204 406636 820734 846032 795367 862206 672676 341719 453811
843630 919032 965100 705815 21021 226275 116502 475699 569977 553634
745652 549955 451419 941816 294961 634232 28490 89183 268279 223988
792648 515758 456636 143742 442061 438361 447378 539136 576937 796617
28775 259794 790667 587336 535236 103960 988938 855766 919690 839939
441965 613341 365750 617173 815389 12954 774529 508707 428216 718114
60175 582271 315927 768212 28701 894669 445065 303677 57347 735175
277187 402962 244387 128165 212417 837353 657670 606963 175520 84607
162682 506935 47764 333447 298269 742201 536417 922910 510700 953170
626550 225324 42288 600361 18611 216407 491559 887887 52774 225554
297999 683214 100790 41671 722648 892207 367189 363830 784660 397830
49914 51434 188375 740809 845089 265811 173484 969980 124432 622910
49269 591232 475947 529671 473715 137989 965347 725291 833886 858486
912975 223865 43971 145043 4337 313483 596605 345919 395205 947880
971418 106779 729824 190052 247588 528291 276185 339476 723515 126578
41838 635771 918620 454821 656119 344170 741169 6479 353271 565553
175164 832058 158929 811950 267538 52196 76842 977240 690448 590391
118977 336166 719250 939265 118636 686212 432362 403385 221012 666753
649380 423964 834757 540725 908378 497715 181340 943391 169046 530294
238165 816977 242340 834502 86053 468057 693153 845054 517570 914045
792677 407079 43687 429410 71471 285463 864683 232084 32869 484825
695670 580648 966554 734619 610254 320613 358018 97178 641298 626170
635220 362268 263964 37611 338966 334196 371697 538305 13111 435229
849306 522001 442908 481785 551847 291948 961183 636144 545003 312089
220438 643546 668415 63875 350118 299890 229242 970333 236755 685678
735412 789437 82386 528263 66804 723179 791174 562902 788254 276735
716641 528226 286075 467559 95458 161752 23138 848274 967020 999087
297983 584554 512288 345375 739760 939833 646535 483529 351523 169127
138293 422720 364257 227264 885536 411141 236450 508960 523631 755750
12585 465049 245450 224231 462040 541313 140748 425696 717439 508136
148496 225198 722177 157738 469062 723149 80919 257498 60083 396748
534055 329248 380439 987157 397245 145330 714101 545649 571425 862926
166663 962311 727334 341358 952929 319275 550671 5884 737479 854971
19016 2974 527596 404497 206956 756059 162010 598721 994098 531895
726338 37014 959525 761853 387165 695542 955206 595843 145541 156738
284703 778079 153659 225676 167983 875006 467350 452262 516988 677091
982288 652115 736290 334984 672692 138548 296347 916039 522739 449607
964753 807706 65042 860219 988540 11880 103358 712802 582731 862030
140771 569610 174491 862845 49624 339912 59447 93123 977213 778655
455763 290671 611075 893413 612936 845529 929442 109964 639288 953586
409483 289360 245980 443381 840703 933090 23549 828726 55833 43154
895552 892344 805781 757114 991786 212137 864693 261045 975749 180989
877343 18229 880414 587273 83617 748076 241011 94606 644660 369757
792601 593872 363415 759811 378838 320266 628615 133968 958051 510832
135890 814260 758029 705344 44048 480659 595264 364113 9665 547408
932568 341748 469310 35063 146699 720139 862797 454094 926066 928781
4764 411232 271677 697876 453328 283866 855252 745227 452008 428192
895186 275294 251210 560047 703231 52585 806915 806080 547750 50711
702096 48042 754030 770605 990416 597942 684367 759324 261047 195384
766568 162486 411974 947675 778899 821644 496306 994044 188047 402535
172726 687596 654624 30329 506652 384434 13435 615280 594818 836982
487508 860080 660485 791733 835110 951044 43334 979910 38476 894490
402605 244242 237188 962406 877960 334917 33351 333663 948962 704128
821755 466189 911543 41884 263965 188863 859413 299937 503509 55273
817835 108661 710220 660749 263206 182815 588495 60596 518477 102075
212009 964525 824550 220794 169822 731836 954194 944587 277743 721589
417783 802001 176683 652864 257563 272967 226776 133135 546667 396386
370153 979944 754543 354991 858295 158049 313020 921655 811786 955783
594577 269821 547717 92879 338935 243569 24963 595378 977678 814631
958540 981263 139427 956623 141259 649372 277955 344049 791357 126347
722964 360220 936671 722548 928361 853356 807531 548908 829138 6031
443400 184831 53206 976049 12568 909785 990567 721330 366985 681337
387819 475680 927985 844650 948567 624412 825309 345756 30716 57588
927490 375809 661758 360699 949160 855541 376727 243391 728473 307103
388932 107183 523047 254574 468182 639495 919714 779323 340304 688992
723627 989207 491383 193999 17466 216490 804764 562053 438155 247024
704407 507863 33893 773953 814347 776989 861116 500373 866786 793141
96782 304775 258662 689036 426534 256097 389133 121169 869000 541927
156263 143993 459513 326281 12866 36577 975182 492532 10048 426554
128131 403714 380631 678011 71774 257522 595140 648741 543833 434812
555592 358254 597426 953374 699281 858673 827199 491941 672286 370015
551966 851010 469523 898017 261522 248051 284399 331293 720007 490337
905907 843514 239122 425863 950597 76099 738551 145275 911996 185719
677026 421946 160620 119170 469173 376325 896826 804978 820388 673567
593509 817259 585564 366795 862922 923841 529059 75882 533556 79141
144214 655818 354992 848664 91981 792763 808676 618389 179020 683553
603896 506531 223477 577742 167428 181356 165502 964048 50394 304587
602062 747622 81072 563946 698197 237867 987492 649356 784791 646187
176472 128572 390696 565901 850814 143945 912731 809887 117256 585357
631648 914660 463482 348153 828127 502354 2539 430218 705172 990637
981890 460669 145573 865942 344738 171622 134277 33022 264386 216864
273193 504016 965488 544823 752893 428568 449993 212434 778526 770375
679405 61660 700679 897405 66895 452080 940501 302141 893999 199872
535832 139594 141248 404166 277711 132772 887815 157653 909981 851614
770202 677847 935835 68592 850617 882011 958576 981631 392244 826001
533400 117315 643582 871840 254006 258276 376969 125537 949304 319729
850976 706208 20503 589379 922054 818040 708830 887739 99551 150818
656163 340194 949599 729768 260579 626234 646622 492033 427083 748548
113550 493476 743314 784574 992246 518118 727505 636696 532240 547703
618788 95208 625550 69842 521139 823458 66031 347496 118580 575891
162413 961109 96395 7600 740447 65563 574942 466902 786010 387937
359787 873825 319823 560298 112680 259993 199388 823382 124673 928901
767767 837218 519445 678558 478703 23647 527118 107211 740372 598505
656628 400688 479992 861430 62284 234873 911400 953271 456908 41740
381260 617016 792475 479341 40061 132486 448245 510094 255153 247482
802255 713877 786855 29134 46808 645500 535299 576359 597288 549109
540058 812642 594214 112509 283639 935486 552336 817513 848261 751076
882873 49091 90925 603874 115923 570352 241119 642198 364583 785883
781943 131002 73803 747435 906205 587420 105373 558341 404527 594795
65018 218243 315772 149000 546410 453644 570786 746804 347214 403278
773967 266689 152621 594757 306683 50403 415428 637097 816022 232528
701982 437494 742200 754979 932031 533407 67502 87093 146336 507281
672129 729359 343507 359783 966142 102771 577027 442666 341115 361481
690401 726486 903669 507018 471078 590534 587327 295156 294232 962485
661270 783847 446928 727184 909948 620976 21789 254596 265356 80777
804557 153115 763860 631619 646270 320426 481832 920798 989178 462925
36014 312101 22959 874787 236593 507924 399752 374538 688160 404334
232924 756607 501158 987682 340572 35047 75920 212125 59473 587236
546084 437847 847304 534618 579562 450114 425542 351764 105546 204511
549581 62196 892625 560998 235081 863742 436034 86781 554982 357550
485387 106723 73222 738881 360423 592330 13279 405023 509268 555372
392952 235412 664721 592403 253095 451974 820187 654041 409022 855914
638791 674599 930175 727781 344504 816315 955175 562507 840586 272598
53538 280532 802586 309632 797059 121004 761123 956363 265365 131722
268512 195775 907883 615896 86933 331353 639799 66214 512216 19442
751658 719597 260514 493970 501742 192254 938016 857624 397066 352336
369203 762482 509630 3976 663506 158215 315128 822790 292408 14267
177708 335304 981297 438737 905013 828932 791906 279020 636690 48299
17779 128273 170853 821425 524641 623431 287311 674173 553697 700960
941535 685492 1614 828854 802101 192530 527028 889198 36042 94906
767250 137386 690596 584924 154513 608985 522937 182085 943735 715319
248414 400329 242429 431280 358494 681681 50679 505573 83995 151925
985314 521765 489726 882928 505330 963771 788430 642334 464550 66553
562708 977307 134744 37524 25573 420313 123923 208241 801488 276637
409975 155937 844193 96779 622600 372409 832373 249279 355923 806150
549375 475239 618050 202481 90369 65714 328880 504046 387878 239563
491810 119480 312851 272573 240182 847038 361477 968713 925853 715942
276692 623220 872676 249468 512876 76144 147781 877853 429389 566596
52951 605672 899149 269052 375255 973244 671702 763851 124742 859614
716040 772093 610073 708810 69654 72887 177176 383960 747458 479201
345621 283012 46225 170829 155628 615008 315390 318206 269589 265966
137559 265456 625040 921103 967396 130822 891422 250826 931233 49918
47996 51508 33168 826140 68403 344592 229532 193981 54297 231268
72225 142417 598899 682013 163315 796794 455770 233643 965865 562010
230224 501058 116160 655456 322808 145765 396008 262325 500331 200118
110738 462101 492389 179310 517685 155414 505691 118145 317367 997224
308040 671838 790221 902136 546658 656039 198501 639291 165519 835718
93089 498995 659874 788530 206619 220601 85952 693917 762251 803937
966006 174208 510825 20204 44983 617811 652683 358685 727209 779496
9140 307528 942219 832608 723055 406344 227552 982995 892288 22303
267349 260206 644604 931419 388413 945598 203538 896452 239315 249793
481207 476004 364251 295540 723982 887176 922339 315769 229268 911997
586971 573907 692296 736153 400661 127723 82931 501244 943716 566087
795896 330910 278714 171618 24357 161763 158303 501846 539968 422192
717734 346561 550938 52436 212335 347059 170859 132451 449360 199769
154545 356379 379201 883887 942238 519383 972647 731928 901977 332515
599777 893291 237360 643392 317301 294965 828096 841961 908132 339249
435637 219494 208022 797022 607558 394597 946679 328698 690537 930365
56974 541867 714142 151759 933644 721443 337801 52178 637860 524051
486588 58159 350476 598718 846386 973717 443536 344209 952031 693211
809705 809875 652121 777807 319702 449742 996104 375215 198755 759082
915123 415683 160311 920357 188123 942772 461393 776253 150091 493742
616910 835888 87901 196809 914423 153503 701106 991171 891867 254649
155946 717625 684068 542118 634137 793390 725469 882447 873722 554448
32229 994709 477021 595706 9881 829022 435232 525511 932915 39110
424900 388950 326532 883628 333495 692581 994756 720034 321909 59188
423713 558782 760894 581517 21901 753426 35790 956078 398445 166371
597096 171412 233710 666382 153781 790821 162521 14203 390739 532927
743374 984523 779083 791447 455415 979521 573729 479124 584999 617538
459794 502196 618881 352348 59991 562468 784685 127109 789631 129233
496786 659290 690710 384166 380872 793818 187951 242182 675252 192805
267549 231626 396404 153172 792782 128693 882022 460098 914321 500648
248402 596333 796887 94582 544163 884013 177132 316637 962421 840494
783407 33675 687223 901615 378985 470768 548426 893454 796144 83298
83523 880836 293218 956760 633868 248034 748884 643334 547843 569262
694435 252006 448436 320172 822637 657354 707933 542268 22624 644990
268780 3323 415152 92588 498727 171998 591208 916919 562047 904271
506020 699506 460688 769844 894971 838398 699791 622723 507877 732792
358802 537019 219296 170025 79047 196876 9004 432530 268085 666239
473655 853414 562229 41734 874927 889570 174436 13696 397468 102817
519535 888017 338357 200846 87207 716745 914485 804675 519222 498361
242954 183570 464416 101461 708378 412485 951998 295738 546353 385914
431099 38153 281536 773455 141989 14979 783392 615968 234077 616635
279882 397689 485281 374117 218660 1673 660866 377137 853931 442950
449642 38644 227877 221373 595770 849999 466040 757914 248433 625299
867031 42604 969826 480231 295274 888230 966928 362872 596263 848486
324693 177195 75416 621832 640460 284071 168088 535114 336561 497051
162133 164611 138296 403694 903736 573809 448674 275772 980068 363384
552167 370438 51640 232248 589275 712633 875005 211682 250173 744094
867889 799776 621748 893906 530439 795633 686210 282467 404370 925635
568288 130089 887462 514407 867274 822711 209646 309526 73765 921593
575011 504980 349744 540050 590306 145105 354689 510609 919526 497777
877955 699869 515711 244990 193685 747459 725217 370344 149101 684796
845150 165624 49199 372631 903677 266466 958430 62145 535801 581600
756560 179456 834793 181866 116387 906178 139179 214786 71667 881225
713202 763108 173629 704913 898346 681834 645665 940872 986105 666227
428731 58908 898633 906969 20326 280550 461020 271853 159995 757351
666102 44660 847165 148841 983676 638428 558674 884904 58643 426620
697836 166688 874303 451922 259167 845090 289451 702767 475507 496939
990193 307096 326362 940154 812263 10941 760821 255173 334900 768612
819068 367562 680274 328365 795971 87151 731085 97774 32265 524329
947778 60136 753503 557057 189615 788996 620356 232501 247546 63246
521578 345199 186106 66779 247099 752723 927046 175978 503644 28455
755883 980860 981912 332449 373296 690676 742705 436004 661367 514782
804326 67769 482878 969578 690744 901317 467250 926528 479987 831241
546881 846391 141233 757596 43408 469633 710265 351366 800217 841608
577146 220181 472947 675976 910763 245444 18334 950729 449463 611812
210475 995531 948638 154184 112599 412900 284255 468618 52852 102759
327738 630777 531676 125487 643023 369198 132500 121830 854653 158851
379777 451014 912021 351271 927837 726621 365425 51172 376276 718630
419478 359067 320202 867394 364958 449261 775943 357585 152197 461305
514525 51940 905643 633830 821722 467772 627751 907908 839658 397260
774339 749892 524276 97704 267563 315308 88884 740011 581047 720077
958266 127020 379925 581625 21659 631207 694256 448248 587933 395931
509191 840126 633626 449032 33230 350995 799097 341400 522028 168547
166451 646850 9765 194687 932605 226526 836998 996606 149416 775801
479348 923344 138724 190231 239881 380237 433705 73175 765811 934208
785388 173960 427058 199501 854745 554860 395578 532960 737075 129709
564715 852571 316428 862171 194850 372716 655309 874733 860840 923985
650328 730424 594417 974554 380449 118794 741006 912089 712120 996230
316443 369952 854676 128574 217291 498659 848205 171273 55977 555749
7219 476590 274382 902730 759125 20243 108464 632103 175109 835621
954298 561842 670630 320655 741345 239602 478874 539035 265009 562063
880586 567297 559432 495351 138745 231576 794257 531431 536847 431240
759563 53192 927426 604128 779640 740696 556849 725196 933402 367133
903623 924607 63567 179336 227215 192466 385232 866845 412670 177694
832840 399661 355541 910210 628846 801720 747151 917863 536048 449713
509962 674286 296343 27987 934290 783499 637382 769231 117684 782831
470072 647262 353953 270392 278870 395922 813159 351357 382073 379756
630942 374337 734207 707522 8252 589093 359152 482060 754354 837984
3335 9619 185512 577326 974965 500940 860217 392928 748186 337258
117221 601387 118493 35948 970045 414226 853847 334843 308125 566508
414284 365635 365439 72499 606208 435497 900913 677118 53445 303717
272645 305019 236059 95186 867999 896554 86662 431311 933796 245103
593353 862691 355594 415329 874736 153485 916532 395707 388320 29375
27365 22286 476168 880031 208131 787989 932975 657637 879007 960916
344071 97454 359347 50278 463503 981720 675732 299917 35432 88275
624420 352541 78077 938899 228073 234731 764007 663779 593765 742591
803084 282182 944092 977936 198937 418609 550637 917427 290558 337868
938942 693643 146813 689867 713541 508872 130643 528828 947141 217428
994893 1887 826300 574573 436483 359084 23809 385513 243510 711948
51041 106540 930337 580302 345701 384129 917135 715840 84359 946730
325528 315040 533114 843688 483172 814100 637977 220552 548830 13679
894566 602053 637325 283008 608688 928738 667134 969771 436002 798184
618061 226460 914450 583968 593934 856618 590396 314748 774551 761017
521952 636254 893542 815840 18250 935806 88441 706008 740406 484534
474493 299859 615463 766148 384844 42485 723986 166873 526867 575749
524457 851305 727079 248899 974006 532473 184982 375413 317525 159398
777244 383729 806125 321218 782430 175476 164055 142707 382217 711792
994083 704869 991738 776158 925553 319039 912419 538400 611253 645380
921414 6169 469226 161188 382863 828093 549046 341952 778765 175322
81724 769377 585150 699660 112517 158512 779990 788120 185793 15581
203119 768656 668987 988100 357572 237473 579461 586855 453840 412749
432876 741726 689861 558671 759100 953828 158405 569984 277168 964963
952445 202630 165797 129351 60199 3659 250746 640755 871164 703335
934080 999983 394658 957422 208869 945354 631383 291441 533881 686174
928724 919451 773229 766452 643091 628467 698829 361129 265567 677930
319884 646637 422189 226519 442520 87166 226559 64843 984309 112420
970378 395803 154615 924522 199007 410559 896202 326451 825499 773835
160170 941082 32916 832331 161364 131459 37350 772999 427155 773830
670975 162984 657173 771300 921293 404561 982421 165950 870933 220567
637877 54154 797788 348444 462404 62494 508740 136979 872746 954154
714400 466169 277360 750773 945167 461747 85661 966881 285324 366523
222762 246553 786063 98044 565566 199472 591615 712632 717334 158135
701066 44322 808582 239512 755621 314244 851084 79600 260378 825112
842348 550079 636048 246463 111672 627568 330169 950024 893693 674881
34694 832155 540895 321309 395286 461799 674658 395263 575821 765947
190642 412718 975288 636851 374440 864255 397478 475356 24664 474890
835835 294307 460926 821267 982404 13152 385947 51039 862433 584812
940568 774019 505557 833406 208790 418225 964138 911609 40718 387617
944645 167511 405188 786721 359966 412347 486271 98341 492855 72719
886596 558879 911219 635364 118267 204483 383163 304093 724812 235413
711494 291259 146732 371143 391904 110164 956063 817218 385607 985678
822255 560683 961713 299642 385374 857731 496217 791529 509977 819063
581239 168484 123879 77844 693939 943926 561094 47202 998459 944954
297698 501578 19432 540735 318453 318560 966409 933171 45151 138551
973013 216022 589860 176661 535547 404870 888266 927576 48959 749288
814021 602311 547043 218277 359913 633812 336274 969080 774025 218941
98112 419448 344542 145232 171441 293170 677039 808300 863878 399984
287451 867379 137491 586837 500623 476797 145559 376735 876135 967311
54377 277486 381571 392042 861831 874346 90740 168706 733130 416789
169690 705794 309191 223186 673968 867616 954494 310482 827612 249001
862175 633218 897956 440046 939931 533801 288164 676330 712490 233922
170291 370836 523690 225672 870506 107348 588260 389865 891550 224118
663277 195245 65034 445478 173307 544147 865633 546242 877231 674023
548100 984253 322451 115085 664022 868250 519001 105350 876673 461046
427522 823814 833558 680485 788664 201711 376259 34372 210218 176495
194252 336306 803943 405515 418576 672551 416615 767016 703123 977571
762329 294306 21685 351342 104632 406885 96454 250 984637 226674
37007 484441 290048 489414 837432 730383 554244 367144 995471 576455
470620 94546 393408 288489 636112 648930 298343 813759 953515 128699
376211 717982 489715 361390 599941 478572 788987 203088 788536 616326
739901 784216 462420 383221 553118 209516 831835 703370 279856 185629
20990 833491 851005 223466 991905 535442 854747 637920 85094 655376
338224 432479 50694 841984 401316 889998 172682 548966 204955 300505
337731 594016 604625 796408 645741 2685 877099 415087 318035 391136
73419 393351 873492 776071 337667 104359 956117 695215 844116 56996
207438 398231 747045 116037 60772 697401 868815 304958 858255 79485
214691 70784 189224 606968 888692 45136 85049 424960 655831 812846
84688 986761 415687 811001 55131 15060 987380 414795 993066 288257
399910 56110 914149 951829 170855 895204 570918 297770 726242 772931
454729 182729 359989 816280 205487 220501 235895 180188 119812 968172
857295 549590 9727 772833 883762 686534 787440 311957 177101 180359
366897 976415 95328 280385 807752 39643 476923 995203 555795 622721
920218 358091 56852 987992 471520 456690 352295 156320 65721 840318
581289 332522 666478 391204 676761 292569 80414 515213 707569 426521
351265 181112 355692 158077 315278 610691 500346 149659 405844 426976
804098 227604 759069 789823 165208 400886 62441 149660 841821 4829
22218 449712 312124 156048 885243 84350 186047 35942 294372 299965
226091 593576 399071 380798 744240 405496 946621 163486 735519 995705
700143 357109 707333 344971 463365 526135 134063 758441 786127 223539
660510 924168 679304 95710 22742 524678 179097 723213 907575 79161
999605 696173 309386 895242 51362 637377 742334 877721 740082 562712
383880 309364 576077 881278 981449 370348 139530 537128 356454 416439
349616 146099 997703 47198 689275 979843 474150 863670 307714 83113
9109 328006 292513 922691 706153 270685 582428 406102 346858 837013
822197 445013 444312 505631 838908 200157 433543 668048 253737 730247
999020 503043 931959 464804 264596 446778 746060 414191 150657 729188
873388 731397 727116 582455 186515 918803 226545 376990 899262 336930
520561 878688 2857 746968 941478 721536 882509 464851 959346 852902
781204 566710 565130 98661 437631 970139 325300 164457 613773 526667
103662 891880 974494 872963 648909 126269 255338 209856 152809 474512
776542 485868 6193 638677 551569 355870 211184 521342 158470 485726
449899 170249 351405 306528 313637 814493 155017 676367 652498 121277
818573 289819 694332 608101 459244 893259 539078 556461 98065 221770
511802 463716 219895 779202 206618 8942 949290 56747 746337 827308
919411 500297 575175 856136 199324 834486 225089 604555 85444 880879
909675 202815 912453 577573 28472 550274 264114 228747 425618 128780
392660 57953 831057 188639 956733 559902 107747 524491 333398 916082
127548 844288 344863 654869 757918 838916 481613 200138 851354 879774
388657 446166 718738 439780 377033 446716 485062 676368 390361 951083
600243 156380 214437 726133 92652 540433 598819 205421 564490 950602
440645 949544 101254 708947 840869 984852 614509 568205 321130 258007
503449 142084 969715 206079 972822 179733 410629 648703 64191 311919
916375 580192 546831 908267 502207 224587 825688 779003 816803 141179
532892 86853 392499 757885 486825 318324 618397 5631 697543 972508
876222 477817 437907 153742 935359 680529 851701 999142 652774 458766
943623 933214 616534 602265 907613 783452 42864 576465 681054 362524
760694 844523 546055 703137 817596 121367 617192 838220 98780 658206
379561 709110 82723 252936 95474 209701 757718 710464 159950 698639
133311 452697 640608 752168 733179 83684 395418 470346 115089 617417
211744 696077 648639 931654 897125 213654 111276 74693 718586 392786
896270 513392 782933 674175 177530 59620 847939 612987 187941 199403
301897 101927 639492 693378 705779 887649 531008 826419 570986 966494
973954 31613 460738 320257 603269 997569 788730 766563 217491 594350
438614 433979 988874 988366 140244 471848 499717 370705 391962 616082
863049 505234 990984 982944 625442 460380 989125 549556 16150 549233
449394 197713 514147 455690 482361 58924 400897 666236 66190 25426
142856 83826 262242 813463 145810 284860 910357 694428 39446 282377
444999 522559 672425 866031 315689 171595 857340 805018 634841 728760
270466 819848 65299 225476 842361 844894 376181 764159 442401 685066
624871 793146 771941 633135 370484 379146 164553 67600 966198 620801
298717 456593 83912 34765 865008 493190 390680 954486 158911 413134
409877 978654 213454 512583 622700 207340 936350 711892 320779 977682
564744 309058 31799 542958 445253 249930 391339 152224 475751 142695
359651 905340 934782 356579 936656 27779 31415 588580 516479 515720
112214 127302 90907 657675 107139 93255 345244 729977 960382 188340
616225 555329 267771 742165 287006 534130 407088 927804 409318 25493
631519 829971 735246 804631 457540 459368 748905 139581 30354 146142
22413 472691 905966 212266 204669 976869 807401 392390 586759 844359
16823 697642 650264 946574 460909 376375 116483 352811 394504 537657
491015 610744 934125 969018 327165 341338 939173 434327 488891 912569
35329 95130 503569 765784 657377 458962 627067 6557 37622 5037
345319 14009 536280 118832 577615 497100 6202 524937 69517 169258
77433 533297 964655 72729 828164 945086 884670 83711 433717 326298
285460 128917 379727 697874 254284 629671 283315 998593 743335 632410
97535 978003 542058 337399 638159 180601 315627 93029 306023 530139
63604 689596 442722 72859 722226 28571 780588 36753 406173 886576
415327 691227 884759 416925 301351 26255 238046 918390 140431 57388
46132 756079 958478 251157 727450 542057 802578 510238 392393 127899
508984 438459 776349 624156 35847 859650 782983 66313 274503 537953
160697 423748 34900 846721 297954 188751 823920 804284 920822 626871
201658 39960 231072 182762 447968 155660 893445 447990 137464 163462
321460 996421 126959 700396 994727 844986 19267 380580 741695 991913
607506 943956 183383 867717 546073 562954 880701 431732 831893 741821
224584 572538 841497 480793 679291 67486 952371 957632 11389 13295
904547 447014 577705 983776 751554 9994 320979 134669 411389 46715
787756 889965 550212 506919 736232 516829 566621 823574 970737 920571
57570 845036 798505 789673 349707 526410 759526 264837 233145 305525
440233 675586 222531 887190 738107 986898 988188 416216 597063 11236
445431 783164 337906 489232 984439 918558 75045 843868 799922 385837
717698 508978 918626 307650 343836 721669 41396 103860 286955 555748
625940 371109 631385 966620 106907 795707 861075 567650 285538 769217
922137 354571 335699 453000 143571 990486 481439 57985 929902 755551
363298 864263 850041 855251 441485 538913 147925 55213 890515 932038
442814 297262 390504 774246 766039 678243 700437 976852 551702 330206
655210 611237 686163 731754 229121 356970 4268 266919 644055 407286
692587 283389 904981 289274 332922 387479 236182 437723 328441 308300
621914 705647 631122 597183 748690 200375 117302 838257 177108 786881
369381 836513 675609 591858 285586 103421 214781 74563 743873 554386
416636 997492 3970 269183 312538 944395 674200 652910 304517 464479
552289 680361 955017 568502 669329 815705 23218 148034 136386 774480
266908 962032 830859 956351 191658 731239 748423 547411 140403 36499
30036 922707 80844 630300 463288 478705 751602 855302 604668 783738
731667 91574 671031 221970 333927 342778 829537 992963 36008 78798
577534 990840 312287 452114 299331 771072 328217 970650 197425 884229
604684 79639 244056 900908 939963 145081 755246 368013 315715 100022
742371 920375 477535 427594 874247 625847 64462 779307 804224 886912
552177 105337 110253 985376 54301 877670 132761 112381 476335 241889
766845 321166 759513 632170 576214 987284 568113 898782 285379 753656
70005 965236 395535 76478 951297 43086 134952 221958 625602 938592
73914 18312 397144 164067 438321 157927 57016 727419 480503 616380
964089 712156 597270 320622 14756 308087 530052 859183 578857 953410
844394 573439 294648 973555 449904 901466 382396 845549 449249 256469
884476 89708 159499 361666 241203 641566 945357 865805 998810 119036
113084 206815 979558 110400 924278 820246 297008 695518 876996 377400
784400 511091 641682 982090 964024 637807 899329 562176 513110 349072
975692 962829 869184 484644 217432 723312 918715 853691 654655 822013
852968 338574 228319 387943 352125 889635 585177 907480 862612 954741
30355 898977 394962 544901 389848 121967 162550 632978 625112 592469
811558 113155 479144 351127 926984 955794 380629 459773 433049 822880
113185 884938 638381 338214 241442 551899 380920 371973 157923 169988
145913 905477 748424 460865 995678 656634 435058 756066 312415 385282
213526 176785 222258 628227 845244 307821 790988 664835 439241 689949
138890 194936 655037 923954 433623 541393 705889 990196 967178 953709
425606 177758 778749 472452 215961 737416 671276 472468 598316 964615
406701 172716 527816 704042 15819 140879 343242 528476 36044 465575
521389 932174 568640 628218 217902 724520 933637 919199 991958 9200
654954 76196 642515 809520 468508 589073 454798 23269 837780 415066
541776 176640 864004 460140 146316 606218 302748 795314 6165 173655
460167 440054 150667 298064 548969 72078 372304 480955 185564 392337
68787 221589 451441 982187 767613 745639 351999 726890 273926 530509
300743 300359 760622 612636 832533 937498 938069 879099 879407 782051
821039 928612 290955 856824 421744 919159 68995 279680 376977 508991
103666 826868 818512 801147 412053 135981 58841 283666 990901 103190
81086 328731 851350 68931 814221 918648 215572 433249 295407 997094
529608 56659 631379 34464 747778 546592 853753 700022 488347 956567
608069 735327 767612 740765 426748 358806 204935 326667 158161 654573
996275 579984 213778 176498 324570 328331 428687 290191 673889 68525
900333 261345 762442 815080 761837 56710 307829 940564 759791 228839
633452 88886 906603 439242 85039 926101 588652 384145 688523 860574
750541 698576 104509 972204 634516 631397 846214 788427 907683 597650
237057 904314 228099 404644 897000 553523 929418 200998 156109 371018
305378 712406 534972 193772 287716 151589 48557 931366 647865 253665
927997 523267 413185 738459 498769 600629 765573 716719 511199 68549
310078 978911 362421 611119 110413 376510 97788 739617 941439 705348
366017 289065 58970 309819 946256 101956 606939 483090 624505 889898
422005 604439 534919 511526 926097 710933 654353 672544 111600 491641
208291 907506 743708 154161 594475 435676 476266 620256 131097 553204
641975 34964 594572 443504 231179 133974 659331 537993 869423 997236
612763 263057 444963 545497 150929 842770 758667 163957 915760 375502
566619 924880 824211 574830 214598 285869 181762 254309 586101 678337
956098 867016 500326 3623 246540 340928 587743 981729 981793 342346
544678 651262 492097 43319 600316 533346 71285 369973 246433 907745
460222 983498 119353 480408 365367 122313 995059 318540 410227 905384
31205 425217 72807 332699 305286 843261 549323 744136 970896 77871
594294 944122 679015 206818 23551 322584 974691 440381 53103 407340
271109 914210 438469 540488 78855 824264 602853 626811 85225 729794
944203 852408 734438 993507 539314 690967 467951 903850 868291 857605
603384 113219 595969 550823 745641 34661 386157 517549 315499 709745
999832 4923 808902 705782 320707 382206 503688 576193 394100 471311
346603 202286 333478 945369 56544 756134 830983 595321 594933 421327
29296 478627 237436 267977 576731 878782 607574 973144 629509 300437
553424 359368 591643 68223 412675 234351 756045 333169 517288 439901
13007 923012 649519 468481 59588 329424 480453 945974 647230 982994
509902 870671 648182 542259 293321 694862 397565 912261 239514 768247
482548 469723 33981 261567 822065 882588 387980 291576 525159 736019
278509 234159 600977 807538 898766 223244 410322 773458 268778 922848
889520 569864 399214 412739 941955 420559 232268 878153 166437 400119
563076 402741 493047 146556 955432 193693 654021 226669 91334 786040
263385 685674 48195 984504 798860 594288 687758 818252 511571 823699
445851 614663 627209 557408 517314 523788 340714 370382 349920 941618
347411 750220 386642 506529 821187 155904 696506 44663 247410 342984
264828 59034 359450 703025 522362 45222 62093 842456 709015 514794
650457 696212 882834 840911 156505 894632 620777 523729 424576 227854
860542 458950 759835 119907 731657 147206 718988 28553 824320 384099
811327 556575 808677 856532 672896 738672 229187 155896 184412 668838
895756 668597 422335 591696 819163 237366 993228 632066 446198 335708
934479 643443 446052 885907 861608 491865 988277 486256 610131 315545
476386 859047 759206 917004 417004 683080 394820 833974 492830 939217
799123 403784 364428 747579 713000 764172 514188 813227 198866 426221
347314 398213 237579 801302 499916 77424 874783 845661 354884 957586
287855 18629 782262 785591 956344 729922 662318 444891 751019 933192
193523 41706 956558 975767 607563 229180 40893 500055 277309 219203
381438 990765 886080 527858 987574 628655 437772 447560 389482 350946
268150 90175 946988 927944 453931 239376 62877 921590 648550 37238
436220 807297 124227 66841 815338 404979 214046 850623 294373 785852
549269 19336 782168 209188 791223 708376 751045 395333 830033 68204
968238 935841 430658 116300 900685 37807 756287 94611 164958 467944
124891 270121 343829 619841 320242 562801 355124 779783 789886 350190
345472 731277 881421 143939 182806 910798 88501 20092 96232 777704
211000 312845 764694 898762 139864 47298 652040 490158 770494 44168
686868 118517 771195 495542 450935 279886 612716 364309 286907 901222
878065 841502 683935 352978 567471 47883 629696 166733 426636 367235
69824 391588 832150 76446 737000 163190 305052 260249 762063 668206
107109 580339 154793 112937 419567 952400 218862 837548 812805 433297
390163 210279 818118 329544 93302 124146 730017 790440 360415 387912
102871 602840 55936 557241 109634 606143 339210 45989 163926 585063
845547 104390 81847 693337 792101 412095 537310 596838 446880 153108
859096 467416 49766 327063 372636 237740 871372 391126 719711 291723
794242 7506 648827 759162 689535 778242 868797 940858 823558 880162
552600 254511 148214 29072 587872 405168 462242 164145 952026 618959
341561 260190 472166 934971 632929 936476 323846 584065 429871 8726
271634 77009 710904 496002 744941 553191 723109 182032 481963 394525
65566 56605 856888 587121 126654 413198 789583 828084 75760 66298
752448 936517 736770 917378 580198 675489 693740 883415 907761 219628
834822 166034 620529 170491 583097 690099 350468 370197 849777 362145
266356 892019 271491 839034 478022 929453 56080 113495 161592 278866
281053 612980 364508 164687 97053 329483 155037 368541 837433 501477
309892 511719 646189 213003 444089 484844 524014 95607 544792 531775
270610 544349 332108 330270 875424 996924 51222 482089 680691 512300
823941 851315 536621 882149 361752 35874 838934 715027 87043 494506
165516 295209 299987 758367 593898 142019 591830 945539 229257 940323
492914 646242 125058 789585 656122 816122 644412 839235 847670 95921
23689 520194 593778 881383 829480 253710 803999 934047 838512 841838
331791 919269 574770 302684 452593 563918 983444 449636 667820 510012
699088 146859 31798 552596 842265 400210 101964 723339 584894 448763
969970 764081 834911 81778 555048 84025 933892 848009 887080 10178
168792 832766 568049 677031 178306 407979 340716 117817 642129 826908
426969 870248 228271 591074 19656 602471 548159 944552 896600 660435
709671 888159 655196 911494 208048 231363 222590 382124 564808 38252
312837 961473 395198 766080 915495 535536 815841 404113 94253 271558
656155 660603 117463 961868 106663 990121 966411 128315 332474 569441
820666 633647 842914 925062 876269 837164 710279 909731 264363 490119
529970 494994 931217 594576 485883 311357 498213 668559 968587 691280
945956 893018 119510 307964 446486 17601 116751 965800 480345 132276
407403 220020 690442 945427 919623 630265 515556 198503 197386 399567
475258 882630 740974 737980 777392 344070 483362 474631 718567 140517
741624 663976 193216 95452 434000 581708 301399 698797 206697 568015
998705 617610 136883 513890 880705 492658 697108 689435 151414 591052
748258 159097 553167 627817 980997 982896 799185 92643 129256 42003
101562 822113 353083 300459 553938 404957 631748 583597 481435 987054
753690 25662 986788 573848 264535 803494 963746 689556 647277 246828
851146 825676 826167 48643 514428 353405 707069 55086 843642 405462
757970 887203 97751 518159 914153 390003 147209 424949 488184 887485
658408 816841 854339 618441 300526 856508 96880 653460 372339 932092
744032 217867 865402 584721 485960 587257 63372 635281 715456 299718
409722 573576 670833 78514 846680 199914 33202 650365 859446 684214
468357 500312 441759 530163 146917 775414 387069 351344 95890 834599
474593 35326 220190 546163 105364 745560 320175 226022 445949 230805
221949 580083 378648 594798 190991 955637 641375 692741 673690 371132
416052 229457 212648 259998 78267 102637 267698 507966 666890 846713
292391 982128 220555 112454 440379 745771 436998 578507 101953 335082
528230 325114 409513 77067 197301 602545 653540 306166 799462 164220
568880 278915 691958 50978 268721 278453 228056 595801 414749 780245
152587 267517 909677 55465 918629 899235 240180 833867 71709 896397
430817 919335 865709 667249 316814 264097 742206 18592 917112 275198
839591 523403 829107 791056 959904 707117 635538 905172 140579 447132
313913 124343 243484 125689 698641 912613 820562 752642 481343 948021
606462 358961 570788 837286 18464 846606 181298 308706 215237 467719
254462 499711 315433 294838 495793 159695 992102 567632 114785 40570
461441 31575 731211 371654 76758 135778 440249 650206 31204 69241
237108 100527 906990 208973 621696 873239 496853 432738 601164 226510
759000 109664 310041 178970 708485 576585 229039 82937 557606 380084
431176 531251 175287 937073 690941 715872 820581 347024 189470 265369
727671 786 43524 953835 906184 625197 26753 154446 442938 678645
572100 551732 836341 40902 752487 101114 895452 987387 48399 341653
460321 596977 944468 865062 68511 429572 759519 236005 683099 240576
505545 526911 970829 892328 792277 335165 640443 486677 150606 922005
779948 487686 585219 804681 7224 205904 409809 888986 910054 657056
391994 736676 952962 958206 592563 72246 372795 660696 232247 519512
355849 206641 625174 5189 659355 266532 111816 249332 310278 746827
589378 846006 594076 798816 914325 376402 310475 503427 651474 339560
736021 706692 489020 644771 485295 682551 179781 640779 663099 432074
381405 522788 925721 571784 47566 769027 749073 993609 231102 60131
342138 162088 772830 850652 178942 185607 710471 146693 215325 817935
79298 139136 225531 627861 258100 443884 252141 327112 765219 857732
981609 838513 578152 343975 583049 669503 205060 764377 879214 891519
576352 442758 874411 448643 798208 711908 543656 579449 938397 207571
895854 822340 674188 250827 306991 619024 832332 928643 275710 615768
647162 635587 756659 811642 814904 194656 553613 749967 195561 155715
739842 615571 86122 727146 268173 658369 842134 735612 930109 945113
229842 818893 830399 247251 163192 626247 858384 273773 820123 569672
873441 98063 782526 647052 256382 841253 873610 469895 946472 779936
935065 231608 197679 716558 530214 674197 519293 589113 352122 49994
656344 188237 295617 292660 73361 742944 632960 648430 244661 243822
224788 251640 191234 58823 17934 9216 380079 446718 182544 177438
527482 706935 99670 648780 609991 341257 497068 499925 642270 360581
654679 276828 417394 734544 842899 362280 463938 527014 421663 617689
170167 840887 485692 69793 147827 219377 848363 659296 672047 582927
581806 517708 598539 516955 389703 908766 575292 125876 136823 181469
85761 436324 131773 584961 993501 796367 600036 269650 334512 280577
360092 8967 13308 781 182692 278418 931247 617931 663245 278971
886476 446784 182466 770635 647057 297075 714134 707576 149241 91884
582123 905887 540637 890507 51196 523153 823074 978616 357702 573559
704597 621178 907742 340925 547689 329512 519201 311125 889373 789528
186607 561922 951957 685159 825423 999573 305397 875216 902363 160750
317074 973125 976724 475449 857759 54870 206541 81415 256254 256158
965657 197831 849157 933628 69095 95975 182738 145020 144579 269281
526297 774895 818859 642307 175300 61243 252229 990695 243835 783349
372451 271338 659886 149246 934365 295436 894165 644769 708699 529524
212912 38593 802865 757787 446184 831285 582967 432817 519468 631739
456107 38200 245992 690286 269298 377138 682341 866673 906425 997130
842570 767062 205941 230801 862708 641398 853941 701074 786973 562863
335401 878011 952983 498298 894473 451544 933894 73145 894162 427857
865706 290821 590999 105375 992514 190442 613898 906133 457413 69723
957039 384677 255691 589636 248747 861610 980101 285239 15385 686073
242733 680445 678784 452417 278968 326100 955277 915599 132338 70633
489034 733849 398653 278072 262433 893503 323800 334462 726956 252854
921189 715446 884414 453787 771284 869683 338325 644855 964342 229942
279480 38532 84210 936041 949088 492717 203899 705690 138067 263152
511909 316466 946847 518431 867621 805622 788210 954095 353979 878100
658380 128188 630444 23849 901303 129898 553444 99744 896149 237469
374749 476677 122280 626038 954886 3004 317128 530668 933921 89150
10623 817970 162583 901435 883588 447615 579052 794859 455802 1865
649419 172944 259491 332779 754445 982320 545618 664434 729838 702885
453267 629713 352637 27620 67302 408131 455984 827895 93871 390200
248522 954872 667117 721937 450775 108943 406138 889142 199622 936325
181472 869811 662324 648056 493168 46432 945585 473928 808231 304678
19899 890953 312109 257910 757702 775964 14850 375361 571974 202418
578982 652264 959681 592602 168307 870579 281798 590685 116008 36813
983148 857147 82307 252062 660877 147310 469687 758417 429849 102317
999302 982168 888796 910234 128982 697373 852552 779977 371510 621905
601415 941673 723503 461863 802384 11348 86497 973852 538694 703538
32910 441640 133594 200187 219729 708881 231819 218380 771873 286642
225223 688733 680772 792733 369549 571244 866411 576128 204318 360930
27833 500573 502607 81758 292960 420997 651181 567260 548951 29365
541215 558673 479253 321693 722402 806408 504768 929467 23015 40025
955708 538030 341174 784899 604979 300627 889753 231415 881651 958063
718885 916 819549 293586 719713 58242 677218 958032 283838 532467
732153 105485 149674 177118 760671 855061 909553 458075 473376 508163
67108 273971 950691 954654 253928 76046 631150 745534 968921 433710
338210 140526 928931 22485 720332 368857 508999 34654 898018 251025
717935 745311 545812 151385 398039 268317 634829 477996 26870 485767
404240 613990 783704 151120 448842 227532 661413 438457 992101 447826
443582 502372 765306 113471 953891 959760 164753 548881 319647 43244
792232 377550 338405 718126 388462 863697 402907 49517 399994 35399
412710 736604 821370 570076 803677 474185 69618 348022 778728 861429
840445 819401 618659 3073 164124 570822 227904 675254 840186 64482
399981 899321 384337 863861 910954 900330 761580 134951 48657 702617
693490 961486 40193 401766 431285 826289 105579 22871 311850 125799
546337 728032 507536 965689 458597 240604 453587 914536 914019 307161
34792 480169 761578 766395 756204 973846 470092 289149 815321 102289
730279 74470 927375 934833 637253 47771 413025 69598 926412 134167
180387 409301 614455 314861 904268 351143 775773 414211 834129 400444
125787 418326 59752 551874 182282 242626 814794 796206 916749 429084
550436 794842 86907 725481 228992 621324 143890 240117 350831 962337
533585 378332 456835 840627 32684 698581 592101 394928 428116 898879
176754 882451 33696 348196 590723 340373 549223 819606 645159 596207
340727 647412 845718 82764 958162 845946 532433 304781 543777 481684
964317 785911 177789 491087 872315 816002 463002 810914 115417 412186
673473 558401 818147 497389 729052 781757 983157 826405 111148 708824
537033 508374 440224 54763 979877 128111 128179 23479 720409 482293
106165 588789 923699 532883 117083 977900 571852 788653 39651 198615
994728 63574 590252 253356 55538 175941 724055 905490 82639 316912
275832 769172 44761 567331 757115 677334 879649 452670 987814 539853
339889 239636 906145 439695 101687 754953 246098 471272 640548 679782
575253 689844 75369 655478 612358 802213 240542 226023 640873 304786
170689 866003 741642 96298 260844 531476 766622 626466 743985 62143
312568 971710 968393 411966 410836 893214 203004 884530 194472 466506
57275 382909 990855 202720 454310 266340 274253 409681 682290 517258
755298 625377 353059 113754 594172 548032 684438 705161 111046 830649
619457 125708 380801 594698 115172 269962 611258 899323 150130 369189
665733 250484 136936 646456 382836 882744 371668 909129 134978 406770
467730 456529 296596 515468 925343 228479 36166 193072 893461 804148
267794 84713 534529 196424 605835 59838 389791 837946 145182 4994
194628 843741 229015 317962 479755 563525 630040 401016 635616 147962
286078 219209 639459 95450 913119 17958 790608 838069 315478 104704
560369 108731 159386 706096 861539 196003 320591 676307 42635 85995
911427 528401 63914 136704 116370 166236 512451 1835 879441 199725
492143 397369 491286 419967 519031 254588 417837 3708 830795 545879
405683 361228 510029 660417 631751 408817 430912 812180 737795 94199
343291 406713 656419 27519 893867 876237 517673 661979 262451 817712
548156 110634 635989 397701 170526 750723 238276 572943 998342 90464
266866 250040 488827 112173 227141 560274 357113 197779 580826 378461
779491 305436 143010 286752 702327 740133 952902 973475 397789 823632
751254 198756 595940 319475 773426 138931 385911 863901 704602 359959
989618 363048 370275 286524 752837 411879 694922 613001 280296 479192
653472 629037 655679 193594 337269 447720 887899 965084 110781 488991
950986 191927 583833 408315 395845 240298 831278 673836 196719 731449
657454 439909 896185 54421 215534 146538 37343 830788 118818 962654
493884 437582 134535 337534 577891 891257 524343 446540 350704 504280
775774 232946 741373 360100 258586 261680 794114 218248 802694 209730
625014 77656 413352 527288 7114 786594 971701 669281 354332 293360
669511 252699 456257 907296 407023 590771 551315 149886 26090 26563
665266 289699 21942 397818 139693 303329 443039 514171 732963 513975
23785 975799 143837 408117 360124 254082 136484 814909 265988 802698
469533 622431 58377 350570 363810 448820 614877 239625 693761 909859
872866 48741 720872 469579 431670 524689 883389 455662 141438 377459
316183 914313 827329 830086 989964 919448 329141 871969 920216 128886
409277 816928 142116 791025 746377 609602 384711 16951 797758 835488
96805 760886 259316 60485 360757 277732 375670 490929 712015 358574
650741 509763 336664 913052 662041 932375 515452 992256 604283 228003
575750 408359 847707 928287 874682 578728 801218 997441 656897 871493
945579 973651 115285 980623 719193 750029 608735 124189 81621 131162
770653 79206 759664 489544 84050 179819 325593 30548 283402 243000
627418 508590 670457 957354 441097 776587 184043 861782 131147 888410
327434 161619 957953 726172 741027 40294 49271 152149 531095 517784
660780 981451 979957 271357 163845 597927 268113 50257 791090 484698
312795 698345 398546 471952 499543 115455 291473 74216 152848 826393
647117 813151 989163 176398 884766 902575 431131 840382 5010 832943
984370 331551 578800 13404 351217 507324 553751 885961 913347 764487
531302 852741 683364 2388 47941 871416 160157 90150 497831 425043
841852 130215 738896 408669 370667 192771 500167 773009 700334 18129
721758 620004 926462 478150 683292 643163 97869 843912 257907 661293
694662 876674 479811 166730 384947 698215 17419 793970 596107 198933
605215 376131 640504 336861 1747 58379 18273 185489 282003 457285
590209 517398 862776 306432 65524 115982 62293 306011 721295 584920
251293 539486 213584 531102 107332 483631 322863 482514 744285 262135
493179 730449 128363 432832 5345 408591 230514 14006 782109 121337
350965 661480 923146 75635 577815 48754 873390 909656 192640 376253
293275 124473 448664 717272 606987 41264 892920 297165 93484 323729
537809 583681 697878 686245 243631 43868 151965 785428 488417 866695
599432 92724 297800 135154 285344 663432 688809 165774 620811 249159
333248 838244 813476 466881 455600 129967 833143 9189 325515 184715
86022 736634 680642 279536 229806 825635 649507 81858 253155 839373
118252 690143 538573 945626 230593 851679 640309 690135 201698 910705
465342 90556 524603 787922 938445 458669 244117 828291 83560 296248
199409 227314 40870 725335 594726 260520 896841 748053 356907 224424
535800 504410 370385 426337 768881 131890 381493 455619 79470 448592
544949 438941 115562 245126 879311 643648 115565 838438 302387 125798
111981 94353 679100 312442 532525 777423 628779 7268 826168 298295
91978 469243 465903 50825 223756 460256 31533 799116 198609 58719
310760 502125 431047 723092 620526 296195 322794 588282 151780 604288
207360 163542 825728 980313 290056 109118 191008 981616 259638 119161
676164 80289 857806 57715 543861 331891 976548 76642 375595 354400
417790 763300 628119 784462 902497 949258 662960 802424 52980 72259
832544 137896 675182 845484 883169 421069 818289 777614 560775 490096
436550 820846 626957 180723 949081 533419 471797 229541 962943 628432
984207 749725 458319 978693 415586 531880 115413 127270 227592 875695
411838 809395 559236 853169 439479 970654 90351 287991 665632 314604
199888 617727 927190 980874 640079 427088 238577 382330 2945 49375
628074 91118 39363 318522 548621 473370 761451 918543 249762 874705
825850 754867 726139 811177 231735 489096 626303 299163 884749 463035
384848 16800 816076 275939 57595 465311 561248 149430 152111 129417
185730 614826 57306 586813 337957 591900 983514 641663 412285 107994
387470 421144 469424 581162 769009 830711 500464 230877 717071 393918
505194 775176 2089 92470 714091 202796 833238 185787 127518 583582
509342 72222 143740 325000 269892 58522 735046 148698 287604 423989
3284 733714 775052 393079 305775 280083 777706 336256 795357 883793
989830 604304 847379 828838 900538 559928 150544 345744 606790 174461
572685 439848 724552 849359 890698 370925 872391 211318 39196 19408
678131 646205 963123 920728 174737 597970 84332 795416 649608 24976
100748 692560 922418 410185 172961 776501 838400 922493 393772 763982
212681 258330 584794 406631 265731 580863 744332 969650 870722 842149
90302 851861 730221 365480 463935 403806 264349 592815 98540 422814
100889 732872 217613 628523 288434 47576 311094 830603 57395 205810
442678 820126 878263 662464 899991 371974 335366 933461 307213 867718
757138 740542 900534 743351 208393 942694 366999 75282 554065 810769
643809 407236 578031 686608 698992 838505 857355 537820 378342 952004
204971 454863 366503 460206 178044 288881 548074 559783 177090 342979
190993 478565 955071 398297 121231 675004 157360 48223 342301 526033
744394 841884 254291 172758 477971 299139 224404 420966 266492 965978
175020 763559 190505 817773 211796 19283 600399 248635 648998 278349
626767 1710 681581 203213 963607 951743 42849 152435 941712 36680
915067 962874 786419 493560 788417 507870 161771 111677 9626 271663
887480 418255 253289 969487 169410 334466 388533 318450 774011 731086
138848 335213 471152 540964 383732 701239 743910 693960 872512 708395
322495 63033 790776 366196 663597 875482 681015 726832 997792 422149
314519 346697 346314 469433 649213 868136 80507 130861 896623 746632
615341 144023 894944 850928 711634 321937 224264 984650 630071 161531
212641 963090 835132 461135 30430 31946 438452 862 94492 144966
973116 90295 954794 631289 705047 104235 440694 427346 227536 496329
129490 142419 336741 976478 974511 425910 281323 150772 667608 777188
66650 470159 715341 627635 654795 494025 373450 652248 325067 599194
146940 54478 135535 825849 742338 154094 861510 730290 960673 343080
36505 623723 392778 968129 413313 362294 127188 400978 478292 733683
548727 995826 193943 632670 427602 139454 910170 708531 770851 875370
509779 925156 398529 747653 25655 224164 28972 570566 206006 753089
116516 637585 69807 876225 99221 799566 837931 42523 702618 690309
744217 337625 820515 717118 500236 117852 726564 626050 328383 477692
279466 992577 468359 745975 809405 581331 231443 422028 573553 113517
163930 779586 752364 161773 326799 291490 698655 479772 245719 689438
110028 633423 294877 685581 742180 495950 422260 708185 228830 167203
543761 854187 949516 258327 670802 674258 185849 162676 875414 608370
246793 53419 345882 657046 45851 673245 822549 837663 126170 828607
543570 383753 596862 825576 569680 312478 47452 327329 52006 736059
184980 395199 901021 29575 980573 997183 373811 605062 289588 970877
451293 62333 80418 665370 719863 637076 495682 328135 944223 765370
337181 99013 476082 865076 914079 988785 17560 822773 859524 780529
63141 983038 82293 88444 281043 479998 49210 391213 33777 527374
105810 795404 163847 714740 517163 298580 961744 538189 574385 107276
649804 471641 68299 583876 712840 300469 57977 391001 573412 607775
969005 755416 313789 313572 960977 734784 641138 701375 149789 644536
612202 654190 759817 372405 354239 285995 988624 338006 781859 105013
10260 92968 768213 219582 721997 733663 376460 19250 870416 313812
369013 15790 370449 919252 880598 97625 276501 209031 273034 333370
257343 244577 401617 603820 629257 716027 242130 804847 138996 2150
957771 599073 378220 228185 251708 496942 230265 469452 222846 870033
223712 249252 346902 575925 213660 612367 428440 359088 84263 937530
592035 309685 488788 744186 489086 493124 433606 316154 121183 228436
199986 667149 41750 321956 92316 459386 357192 144783 826200 484355
766649 912983 778883 217492 885730 520011 790875 70233 602040 875272
719185 806688 550065 188049 527650 820432 291056 878223 766164 295542
422686 765833 930440 416241 113028 414171 603081 766190 131245 920565
845943 620126 296338 856977 378222 107156 808403 585615 627784 842965
846403 696517 72185 473595 902657 537922 583784 471878 523502 599927
370607 396333 229260 460948 903060 499889 842870 740110 807835 353686
898831 57840 421483 450551 661408 818916 596254 39493 834148 952034
690825 611811 881634 531364 110894 940590 550783 299033 689209 844946
961675 857106 478889 240508 504274 99767 770805 204451 961047 599143
828339 960034 976283 643850 171267 27152 881439 714992 803443 302899
558352 541263 253025 134882 334281 440837 832232 749815 259641 846367
558864 965972 291133 791580 408566 46532 830638 309565 705762 434722
569369 754327 895674 83619 180802 458736 619353 672450 73635 238937
961758 999537 431326 299382 356328 588768 465497 773906 38803 485327
522044 847230 188489 384186 870101 715233 383854 874708 14751 868577
537570 677398 631462 998642 335574 279547 355075 931644 161392 17133
891665 35851 966923 184268 365338 580044 980106 998189 5817 127411
669741 926988 27278 108478 724285 295272 609808 819443 835986 930266
911864 140676 273249 587720 327603 584650 77855 989897 96004 770506
561409 120552 301851 765357 216039 88071 785870 482310 572591 76692
329875 858944 474339 506595 771901 116799 515979 247435 755968 923327
857249 418835 511783 62985 357013 631928 840100 397153 283228 64499
946231 600836 975439 11330 317398 681403 101051 709763 138191 921094
633863 906597 268672 748642 822859 155428 10134 521851 979429 651490
923896 91887 261362 242034 20329 928006 706976 514172 446863 60361
650477 668228 656338 953081 553280 772666 954188 71846 770668 709232
464845 897186 586281 780352 888073 67754 620785 28515 85222 453619
11545 64704 539734 860081 261781 741098 234522 25272 21413 465982
282812 770699 525739 148930 750094 571800 949448 306061 597998 298528
475186 893067 452153 174705 510953 560587 272482 145508 754983 675119
473859 629770 728059 889167 102905 51852 514497 95119 348193 525216
256260 981857 121756 249464 814873 610232 627938 451176 124385 91263
885412 155123 69351 58621 591249 407268 734229 271850 430521 750381
988604 557835 812169 208463 78071 438456 211450 741515 75496 869874
419503 481751 699323 845681 792299 512056 33221 184216 657072 263396
639764 331403 407458 422752 989965 148417 972394 938267 954430 801252
298134 775264 142404 739138 619768 124679 979230 476584 589712 353699
983618 230264 45764 988332 112041 381433 287218 505792 926868 903131
213290 622107 99977 546487 825217 792500 550955 479701 122982 546553
831988 376184 791297 59057 220738 483688 712799 257298 555504 441902
290772 217207 487734 763307 610210 987108 263457 70035 757044 671138
442680 900741 301075 411475 136642 701487 88889 821510 458087 393884
46685 85387 89753 954913 110401 936831 93244 398056 733268 47650
791212 537802 499675 160986 132444 737321 645505 466172 253405 373118
799577 119754 814536 587894 302496 509218 797150 722915 699039 120452
184464 248686 979270 212428 455948 330415 18751 548307 181536 194151
45354 603834 547913 218020 736940 135855 457303 478714 59291 170826
564616 684562 641816 232158 728132 29240 342201 949946 253902 111641
480334 649575 79013 106370 650604 311184 77266 325049 225377 684325
949830 559040 916617 615975 912700 701356 25908 852073 794081 972547
159185 754441 274596 614116 274059 46631 861937 669707 345978 477135
151615 36737 296535 446689 5646 319054 505828 461774 736877 584560
292559 927417 317298 189609 263273 369592 37529 38390 449378 905159
919812 789571 141589 613267 883518 354937 460018 151387 197297 785391
751988 522602 447215 983656 707715 892489 448824 37555 311445 518660
822041 532645 432658 547681 836706 666121 435963 333737 148308 30777
647275 992808 844362 91137 103739 280388 439856 329758 777323 709217
311025 814071 318859 227826 898692 579249 21162 540393 518774 860152
994382 646708 484951 355634 154075 128847 392979 378750 884309 690776
162570 283738 81222 136090 446369 853410 872028 95854 263261 360414
532838 403739 30792 252117 609882 733886 691441 901057 601471 24291
290391 188253 414929 295921 45969 161189 73154 496994 84018 270450
116142 307730 272356 723440 217984 638081 280875 755563 79585 144320
293290 232139 323432 397111 369565 891539 308496 19907 14029 371714
680341 28241 303259 30371 897383 246643 412177 547613 373099 657384
955791 790253 943982 859861 726793 254136 966340 465515 335003 613529
631308 336696 222804 558988 345414 145593 487084 380744 195043 979036
301389 532186 983471 460588 626981 445343 300904 501759 898970 848776
782832 279843 730737 891549 788575 16953 15355 471983 663002 952137
294305 221933 807463 518411 278285 732180 995977 347265 665913 653979
660216 884200 725637 362384 603119 45755 935225 67768 972424 174963
862019 64563 223946 833116 127080 906012 580613 924200 239974 491069
791127 415776 541145 530953 915859 882872 799971 107037 223222 446222
121219 722126 354889 97778 926187 473060 699020 825364 885815 565455
127192 203220 539107 49279 38454 893450 689253 20653 614728 227436
593318 469513 789725 190744 555571 370148 4572 928992 589735 798382
527860 174457 824857 115852 59130 426209 307810 487208 947383 317818
633189 270519 530006 204918 123950 517856 389561 885223 878000 96102
72015 776377 92846 96316 404488 717226 714258 771454 741885 139513
281515 696844 981398 472367 202849 428397 97334 382604 385877 476820
141754 545143 877745 961546 749571 120017 851334 541297 992110 18172
764365 417891 583428 928451 845358 835947 938830 806844 295951 406418
275262 549629 959219 63830 662343 552585 408183 569321 899381 336381
188376 195560 572546 160999 978084 741378 97963 9187 116002 943396
576240 817541 104209 78842 361936 372464 126428 650449 584853 635255
864629 153276 954211 404547 797983 844975 970083 767007 344974 735771
943816 466599 72675 698755 18265 409084 982237 912956 345334 784943
437225 512528 75153 264220 858651 652353 388456 809511 429064 195866
820985 382894 387251 586270 827507 883687 117818 311654 259942 607207
368314 426826 590631 291383 711475 233972 768970 849115 850956 790082
319166 6937 117419 811118 9989 623315 129003 630673 724834 633335
721347 28769 477195 344007 456193 570984 689627 803666 976950 710732
345864 38113 491107 150090 974411 657885 170575 885561 59368 627203
935614 414659 822811 710019 68640 150643 41537 506109 97038 309867
384170 364198 861222 863822 501728 578532 633286 523376 667575 124230
539215 374897 144424 338417 598952 111963 395721 559208 753809 830737
412353 834455 792571 700322 376280 93728 238792 165505 889691 397402
451823 187332 386747 327301 100957 64243 884653 2455 10219 986397
87016 880185 144133 982774 152017 106389 904286 650993 406313 563204
349566 183563 34997 201101 57360 922194 793431 950553 93587 364296
349377 607437 132305 922011 613156 300068 319071 416811 709314 523464
368130 191106 206979 437161 636876 344206 574538 461928 511753 119195
956179 552025 253013 371449 847901 801400 359349 603917 853480 911767
714675 770327 255209 392164 483074 122267 705184 276321 548486 382732
741686 689364 566397 729157 217626 988208 593633 52152 384058 535749
258120 435977 685375 707603 508194 897171 32577 549568 58289 260831
535011 630349 662732 363354 803681 863376 276935 95736 951897 341695
669545 203556 355625 818291 148017 719206 458039 19789 661200 245166
675087 489532 11192 726260 593474 514883 256702 248353 170635 468367
554581 417235 725681 500319 357620 598095 304788 151447 908760 821868
230850 99568 475786 940056 506705 235497 96440 940768 739361 856296
833398 441042 95647 379132 430204 261275 64165 276494 119302 645840
930336 548424 762164 668335 700029 258341 771016 654104 78096 303404
410612 985560 21495 285127 660087 612514 859163 81675 666458 412970
863180 280984 473776 365516 548275 474833 644250 811634 660110 638411
37379 802459 55606 536400 46706 19549 379686 524544 948390 82185
453085 818545 611031 879713 549377 513701 136268 476437 154648 924107
116623 372653 917207 221255 101677 466174 222599 592942 608386 276709
890875 132783 950708 670638 327707 75099 815285 426305 77521 62887
754458 753122 672095 864169 391432 429170 184405 675845 911142 365719
109541 577612 488731 33531 930706 930597 411276 238815 786401 971096
346381 97943 407613 876459 63841 580487 800544 733835 890851 28990
334162 690943 236659 802454 178151 427374 872072 270720 54118 548218
472074 170093 749990 448289 55730 556922 395369 666381 998708 412819
490136 573092 60057 232174 828933 357804 656691 288879 567790 896216
91434 516189 339239 118070 71484 494175 815534 940991 345266 324259
184424 648818 602536 754627 49481 946392 24240 171985 204288 60095
98776 651527 196340 600895 476513 433989 175549 50057 323799 601763
557177 825750 617292 184192 650905 684027 279887 311610 200990 589746
290284 779893 392863 532537 415212 389010 382721 245419 742013 634913
211475 386683 465193 365032 615781 531088 407934 18872 569537 508360
98937 690447 701600 904217 95515 571259 704798 375070 422304 840412
605831 461689 748099 91974 837491 367464 266052 304868 637322 580880
115078 319327 957136 973780 283909 677879 91016 406189 468130 939976
104652 241657 94341 939860 738428 132010 991199 542570 555511 684144
410759 278425 774432 47834 750621 711318 855509 890535 974230 649128
965540 8201 273844 505869 650522 141284 127329 3208 9399 508079
978809 564789 688163 38980 891410 521195 418843 849186 548871 801723
963799 172599 923258 835542 420215 34290 787639 57121 968788 95983
15976 646094 62126 99037 312525 263324 440025 247329 381538 383864
72714 283957 840595 344048 280455 400388 256480 662360 246533 335813
691087 642287 995276 386728 41645 155903 4174 479279 794110 622667
274625 954055 30112 863686 387438 518245 520782 92713 727331 278826
837106 541933 80522 471484 921965 688561 995720 299493 719452 830869
271380 966743 460640 31248 217828 440654 464424 383463 477851 58039
753713 561504 95793 875853 582688 54066 416603 431671 399925 698273
495232 525888 251022 874611 631365 317942 422571 572017 56701 208434
701425 379364 18440 988174 317296 259142 79044 914112 833141 134307
199947 980602 977958 668215 920504 985927 59764 341228 962148 264761
645519 546478 211877 596401 366325 953628 629429 366633 601904 868768
715860 879283 320679 702647 54009 575337 836653 271182 843700 587261
153656 831316 189510 182924 370792 133296 771301 340764 999953 644713
263614 691092 70204 442400 802004 427495 637709 23361 596654 979211
281096 456513 441980 77812 440449 325298 345825 547886 213944 670429
392802 435629 110750 258075 77763 595736 438879 442118 885059 122509
913440 206241 73290 154801 52699 490284 932240 561727 207024 929685
842833 859563 220010 932261 88693 450769 60755 766931 93658 453680
133823 97845 856486 803233 25205 32858 387296 318461 954108 213991
327636 109148 505603 431323 199031 43640 419130 852969 393879 130497
307222 344138 703011 554507 762785 317292 434589 76230 554578 357690
371352 17140 360866 477525 573620 495524 273640 35770 615029 516104
22751 380219 339241 485864 747609 469116 786776 394534 501362 658167
616230 630846 923890 600917 727093 320571 885008 678977 661895 662290
450423 933767 998753 132270 692432 643216 683893 893630 884117 926270
859973 154888 340668 338352 748083 12076 630250 254723 114414 136670
837692 751154 617333 949803 508861 375330 989137 404993 639820 276229
712321 602468 850165 532091 136264 749235 663389 217150 106778 541374
816691 436582 647253 263839 631984 50932 656793 539115 443481 40540
764939 771927 690297 613023 978447 724543 262746 946660 630963 815971
923510 723763 546582 43727 423 161500 248736 492838 730171 989848
247855 155219 429744 366259 284351 837595 122684 332041 799072 139443
604424 94565 989279 515967 912881 298931 440570 521406 502751 717617
6436 587416 646214 809888 660187 938174 5816 937745 288500 328482
574752 673411 251865 288514 176846 281286 411741 983588 416863 859747
924101 192226 293214 769916 898555 122851 590500 323234 676348 263608
1656 124633 998501 101690 887067 64622 258929 626301 734518 164987
720035 153084 954919 942885 20044 103204 976061 460677 468631 393743
821566 300077 272656 915021 151628 554648 257771 643088 761070 551972
871112 541366 633119 726915 746757 187033 411470 346999 420759 186623
738341 326854 95911 69321 223850 317829 761436 214750 41492 188688
701227 582250 414571 888127 872029 703157 630763 763820 227652 144163
831544 978218 597780 286268 800771 931833 756286 97980 882297 162853
707162 602404 945552 51168 652343 58204 921306 931065 962744 269474
110036 318520 729960 685060 496796 540414 154043 993566 480875 594987
929461 306343 924044 339100 741639 36783 466000 774102 382874 720809
124427 480894 475450 958388 700908 667480 180333 878372 435318 428087
859248 436788 991607 699986 631075 780997 258387 343317 741158 404281
781065 943083 260147 974489 330072 594063 945537 33835 583382 236723
841283 380343 590653 611265 350285 359255 364523 384131 120299 125366
452007 50143 169553 767070 780371 571084 595119 718551 892954 130257
467744 988827 102102 421938 47204 713266 318183 710468 781612 826307
843122 224696 927201 675891 808706 264113 795758 929865 609407 170999
297299 968624 597400 976588 30644 109429 468525 639592 979635 396981
47366 90619 97859 833680 199962 237387 364329 651737 250461 301700
