100000
30 73 86 110 161 168 175 187 198 199
209 215 216 222 250 261 269 272 281 301
314 319 321 340 364 382 387 395 411 423
453 457 463 475 477 479 484 492 500 504
514 518 522 550 565 566 581 586 612 617
625 637 649 664 666 672 680 732 733 734
739 758 768 777 781 786 787 794 820 824
827 831 847 849 850 856 860 862 875 884
894 911 913 916 920 925 943 977 987 1016
1019 1020 1024 1026 1027 1051 1064 1081 1106 1110
1112 1135 1156 1186 1188 1196 1202 1203 1215 1218
1238 1240 1251 1260 1267 1280 1291 1294 1296 1297
1332 1333 1348 1353 1365 1414 1423 1453 1497 1510
1513 1521 1522 1530 1533 1546 1552 1558 1562 1566
1570 1577 1588 1602 1604 1611 1614 1619 1640 1642
1652 1656 1662 1673 1710 1713 1723 1730 1747 1750
1779 1785 1802 1818 1821 1826 1833 1835 1836 1857
1858 1862 1865 1883 1885 1887 1888 1890 1919 1921
1934 1955 1957 1982 2001 2007 2026 2043 2046 2058
2084 2088 2089 2096 2111 2124 2140 2150 2151 2152
2169 2170 2179 2190 2199 2234 2244 2248 2252 2257
2260 2269 2281 2293 2302 2305 2319 2344 2365 2375
2382 2388 2420 2436 2440 2455 2476 2485 2489 2493
2507 2510 2515 2521 2530 2539 2540 2541 2560 2572
2596 2604 2614 2631 2647 2676 2685 2694 2704 2713
2729 2751 2752 2756 2767 2768 2771 2778 2779 2815
2830 2836 2857 2863 2867 2871 2874 2883 2890 2894
2901 2916 2920 2928 2945 2948 2955 2967 2968 2974
2975 2978 2982 2987 3004 3017 3030 3070 3073 3100
3107 3129 3139 3150 3171 3183 3192 3201 3208 3222
3249 3256 3257 3261 3265 3268 3282 3284 3290 3323
3326 3335 3337 3367 3369 3375 3378 3396 3407 3414
3423 3427 3443 3451 3466 3471 3480 3489 3500 3502
3505 3520 3527 3531 3548 3567 3582 3601 3611 3623
3638 3639 3658 3659 3685 3700 3707 3708 3713 3715
3743 3745 3751 3764 3765 3772 3777 3795 3802 3826
3827 3833 3837 3838 3865 3873 3878 3881 3884 3938
3948 3953 3968 3970 3976 3988 4003 4040 4050 4067
4086 4105 4119 4150 4151 4155 4165 4174 4200 4202
4211 4222 4223 4227 4232 4257 4267 4268 4298 4312
4322 4337 4349 4366 4368 4377 4386 4408 4416 4435
4436 4437 4439 4441 4471 4489 4490 4497 4501 4533
4534 4551 4558 4564 4566 4572 4594 4628 4630 4639
4640 4643 4655 4666 4683 4703 4714 4718 4756 4762
4764 4766 4778 4784 4795 4801 4803 4807 4809 4814
4816 4822 4825 4829 4839 4840 4842 4851 4857 4875
4877 4879 4881 4891 4892 4893 4904 4905 4906 4917
4923 4926 4937 4948 4949 4950 4960 4968 4974 4975
4994 4996 5000 5003 5010 5019 5022 5025 5037 5038
5051 5056 5061 5068 5070 5092 5113 5120 5134 5172
5189 5193 5195 5201 5207 5214 5226 5227 5230 5239
5256 5270 5271 5300 5301 5319 5335 5337 5338 5341
5345 5347 5350 5351 5377 5378 5381 5389 5410 5425
5447 5451 5461 5480 5491 5495 5507 5535 5541 5542
5544 5559 5590 5594 5607 5620 5629 5631 5639 5646
5657 5659 5665 5668 5671 5673 5681 5692 5693 5746
5749 5761 5769 5787 5800 5807 5813 5816 5817 5823
5829 5833 5834 5837 5855 5860 5862 5874 5876 5884
5904 5910 5920 5921 5929 5931 5944 5952 5955 5974
5978 5993 6005 6012 6018 6031 6033 6039 6043 6052
6055 6058 6085 6103 6114 6115 6119 6124 6127 6152
6160 6165 6169 6186 6193 6202 6210 6220 6224 6235
6253 6264 6265 6273 6294 6306 6316 6318 6320 6321
6340 6345 6355 6384 6392 6414 6419 6420 6436 6441
6448 6479 6483 6506 6509 6512 6538 6546 6557 6565
6580 6585 6592 6595 6605 6620 6638 6643 6648 6652
6655 6662 6671 6680 6691 6695 6709 6716 6720 6729
6763 6801 6820 6832 6837 6840 6864 6872 6887 6908
6918 6923 6926 6931 6937 6949 6955 6960 6961 6966
6986 6994 7016 7037 7046 7054 7061 7066 7097 7100
7114 7118 7128 7129 7135 7153 7193 7194 7196 7204
7209 7210 7219 7224 7228 7248 7254 7256 7268 7279
7282 7283 7294 7304 7307 7313 7329 7348 7350 7351
7352 7355 7365 7369 7381 7393 7394 7406 7411 7426
7443 7457 7475 7478 7488 7504 7505 7506 7509 7539
7543 7544 7545 7552 7567 7588 7591 7592 7595 7600
7608 7611 7622 7629 7640 7655 7665 7667 7679 7690
7697 7698 7699 7731 7735 7748 7749 7763 7796 7812
7829 7882 7899 7909 7912 7923 7939 7940 7946 7947
7958 7966 7972 7979 7996 8002 8004 8014 8045 8046
8055 8089 8103 8112 8116 8117 8131 8175 8182 8187
8189 8195 8201 8237 8244 8252 8254 8257 8264 8265
8274 8282 8287 8292 8302 8303 8305 8320 8327 8347
8348 8354 8373 8385 8390 8400 8408 8424 8427 8461
8470 8476 8479 8480 8482 8488 8489 8497 8498 8504
8510 8528 8538 8554 8573 8584 8593 8596 8602 8607
8610 8613 8614 8659 8662 8663 8665 8669 8695 8708
8721 8726 8730 8772 8774 8780 8802 8805 8809 8815
8818 8830 8831 8851 8860 8863 8887 8914 8915 8916
8917 8931 8942 8949 8967 8985 8988 8999 9002 9004
9009 9016 9040 9044 9051 9058 9109 9119 9140 9158
9160 9171 9175 9180 9181 9186 9187 9189 9193 9196
9200 9216 9217 9226 9227 9246 9249 9250 9269 9272
9283 9285 9291 9293 9294 9326 9332 9333 9336 9357
9360 9380 9389 9390 9397 9399 9403 9435 9438 9479
9481 9492 9495 9512 9531 9548 9553 9568 9592 9596
9610 9619 9626 9638 9640 9644 9655 9665 9672 9674
9689 9706 9720 9725 9727 9728 9730 9733 9742 9761
9764 9765 9769 9793 9823 9827 9842 9843 9849 9859
9870 9881 9888 9889 9934 9939 9941 9942 9972 9974
9985 9989 9994 9997 9999 10024 10025 10031 10042 10045
10048 10054 10069 10098 10134 10152 10153 10170 10171 10175
10178 10191 10211 10214 10219 10231 10252 10254 10260 10276
10278 10283 10285 10291 10310 10331 10340 10353 10369 10373
10384 10389 10392 10427 10428 10442 10458 10478 10499 10500
10519 10587 10591 10592 10602 10616 10617 10623 10627 10635
10636 10642 10647 10674 10675 10707 10715 10724 10730 10740
10754 10785 10797 10798 10811 10812 10814 10826 10829 10830
10852 10854 10863 10864 10869 10882 10904 10916 10941 10958
10972 10974 10991 11010 11028 11040 11066 11072 11101 11110
11111 11113 11115 11128 11134 11153 11164 11168 11174 11184
11186 11187 11192 11216 11231 11236 11246 11258 11300 11313
11315 11325 11330 11331 11348 11362 11369 11375 11382 11384
11389 11397 11400 11404 11410 11420 11434 11435 11467 11473
11477 11484 11490 11491 11505 11524 11536 11539 11545 11554
11555 11561 11589 11591 11600 11606 11624 11626 11628 11652
11654 11665 11675 11682 11688 11693 11704 11709 11710 11711
11725 11732 11750 11768 11777 11783 11848 11855 11857 11860
11880 11887 11895 11915 11922 11948 11973 11981 11984 11991
12021 12049 12057 12064 12072 12076 12107 12121 12123 12133
12165 12190 12191 12204 12213 12222 12226 12264 12274 12280
12283 12317 12332 12367 12381 12390 12400 12411 12429 12440
12445 12453 12455 12470 12501 12504 12513 12531 12552 12560
12563 12566 12568 12571 12578 12585 12587 12597 12603 12606
12610 12621 12624 12635 12640 12647 12657 12660 12680 12684
12706 12718 12721 12723 12735 12736 12739 12746 12786 12792
12795 12802 12817 12827 12837 12866 12875 12880 12881 12897
12902 12924 12936 12941 12943 12950 12954 12962 12974 13002
13007 13020 13023 13024 13033 13037 13043 13059 13088 13098
13108 13111 13113 13114 13123 13130 13132 13146 13152 13181
13199 13211 13220 13248 13249 13276 13279 13295 13296 13302
13308 13314 13320 13326 13336 13343 13365 13368 13380 13404
13435 13441 13462 13466 13498 13501 13504 13523 13528 13538
13545 13556 13579 13584 13592 13619 13620 13623 13628 13670
13678 13679 13684 13692 13696 13698 13710 13715 13717 13741
13742 13744 13755 13760 13812 13837 13840 13848 13853 13876
13922 13931 13950 13951 13961 13992 14005 14006 14009 14018
14029 14055 14058 14074 14089 14090 14092 14112 14126 14152
14165 14170 14198 14203 14210 14217 14218 14232 14253 14262
14267 14276 14280 14281 14282 14299 14306 14308 14311 14324
14331 14345 14351 14363 14372 14380 14383 14394 14405 14413
14415 14417 14430 14431 14433 14434 14445 14497 14525 14530
14538 14549 14596 14615 14619 14632 14639 14642 14648 14650
14661 14683 14688 14704 14740 14742 14745 14749 14751 14756
14758 14761 14763 14765 14770 14778 14809 14818 14830 14834
14850 14854 14881 14884 14885 14889 14915 14916 14926 14929
14936 14948 14957 14962 14964 14970 14978 14979 15005 15015
15029 15030 15032 15033 15040 15047 15060 15067 15072 15101
15113 15136 15149 15150 15174 15189 15206 15220 15247 15258
15286 15288 15298 15306 15308 15312 15314 15328 15340 15346
15352 15355 15385 15391 15393 15395 15416 15421 15423 15427
15428 15448 15457 15462 15474 15489 15509 15522 15542 15572
15581 15582 15584 15586 15607 15619 15626 15636 15653 15670
15698 15751 15752 15753 15759 15761 15768 15790 15806 15819
15821 15829 15831 15850 15856 15868 15881 15884 15888 15898
15903 15923 15929 15957 15958 15965 15976 15981 15991 16019
16027 16028 16034 16039 16044 16065 16074 16082 16083 16096
16105 16111 16147 16150 16152 16153 16156 16157 16172 16189
16202 16230 16237 16253 16264 16269 16294 16311 16312 16332
16337 16352 16355 16359 16360 16365 16389 16405 16414 16416
16417 16418 16457 16467 16497 16500 16505 16507 16509 16522
16530 16536 16541 16551 16564 16566 16567 16579 16583 16615
16646 16649 16651 16673 16680 16690 16699 16721 16728 16731
16740 16743 16744 16760 16766 16769 16770 16772 16773 16788
16799 16800 16809 16820 16822 16823 16839 16840 16847 16863
16873 16874 16875 16889 16898 16908 16912 16921 16951 16953
16954 16965 16971 16977 16978 16979 16996 16997 17001 17003
17010 17027 17044 17045 17057 17069 17077 17089 17099 17100
17103 17128 17133 17140 17146 17148 17152 17156 17186 17211
17214 17222 17235 17236 17239 17242 17247 17255 17260 17308
17309 17319 17321 17325 17328 17329 17337 17349 17352 17360
17363 17367 17369 17375 17393 17403 17404 17418 17419 17428
17430 17441 17452 17459 17466 17477 17494 17503 17528 17534
17538 17541 17560 17565 17577 17579 17582 17593 17601 17619
17632 17653 17674 17684 17688 17702 17708 17727 17744 17753
17762 17779 17780 17785 17786 17789 17812 17820 17851 17855
17862 17866 17869 17881 17885 17886 17887 17905 17910 17914
17924 17925 17927 17930 17934 17958 17961 17972 17978 17990
18024 18034 18036 18037 18053 18058 18060 18115 18128 18129
18132 18135 18150 18152 18170 18172 18183 18191 18210 18212
18220 18229 18250 18258 18262 18265 18273 18285 18290 18305
18312 18315 18321 18324 18328 18334 18340 18341 18348 18365
18369 18372 18403 18421 18424 18440 18448 18454 18464 18472
18473 18490 18491 18543 18560 18563 18568 18571 18585 18592
18604 18606 18611 18612 18620 18622 18629 18631 18637 18659
18667 18678 18706 18733 18741 18750 18751 18769 18779 18781
18792 18793 18810 18811 18817 18832 18837 18839 18840 18847
18855 18858 18872 18890 18902 18922 18931 18944 18956 19011
19016 19029 19030 19038 19042 19062 19065 19090 19114 19123
19128 19133 19137 19144 19146 19163 19165 19178 19183 19201
19217 19242 19250 19267 19271 19275 19283 19294 19325 19331
19336 19342 19344 19358 19363 19364 19371 19373 19388 19403
19408 19422 19429 19430 19432 19437 19442 19445 19458 19460
19469 19501 19506 19529 19530 19541 19542 19547 19548 19549
19550 19570 19585 19586 19621 19636 19654 19656 19682 19687
19690 19699 19706 19714 19721 19729 19732 19740 19757 19781
19789 19799 19875 19880 19890 19899 19907 19911 19920 19924
19930 19938 19939 19963 20010 20012 20031 20040 20044 20045
20052 20056 20058 20060 20073 20086 20092 20094 20100 20101
20106 20107 20115 20121 20124 20133 20164 20197 20200 20204
20206 20207 20208 20215 20223 20226 20243 20244 20254 20293
20300 20303 20326 20327 20329 20333 20348 20358 20394 20404
20412 20416 20428 20439 20450 20458 20464 20465 20466 20485
20490 20493 20503 20506 20507 20513 20520 20524 20525 20531
20539 20540 20550 20560 20573 20586 20591 20599 20615 20639
20641 20643 20652 20653 20676 20689 20693 20703 20704 20742
20774 20781 20782 20794 20801 20811 20826 20836 20837 20843
20849 20851 20855 20857 20860 20868 20877 20881 20887 20895
20926 20933 20969 20990 21015 21021 21023 21049 21057 21070
21094 21103 21110 21113 21120 21128 21141 21142 21146 21162
21174 21180 21184 21212 21232 21243 21273 21288 21310 21320
21329 21339 21351 21356 21357 21361 21377 21381 21397 21413
21416 21428 21430 21435 21452 21455 21459 21460 21486 21495
21511 21529 21531 21551 21568 21579 21582 21592 21593 21594
21620 21637 21638 21642 21659 21661 21666 21685 21693 21702
21704 21707 21727 21732 21762 21775 21776 21780 21785 21789
21792 21800 21802 21810 21812 21845 21851 21862 21871 21878
21884 21885 21901 21909 21927 21942 21978 21996 21997 22008
22012 22018 22052 22076 22097 22105 22109 22114 22134 22148
22153 22167 22194 22218 22227 22231 22239 22259 22261 22271
22277 22286 22287 22290 22303 22323 22326 22330 22332 22338
22344 22367 22374 22377 22382 22383 22396 22407 22413 22414
22427 22430 22441 22443 22480 22485 22502 22529 22532 22559
22566 22576 22587 22624 22626 22628 22629 22639 22642 22654
22673 22680 22689 22690 22698 22720 22725 22741 22742 22751
22759 22762 22767 22776 22781 22789 22823 22825 22849 22864
22871 22882 22905 22908 22919 22921 22926 22938 22940 22943
22954 22957 22959 22993 23015 23020 23022 23028 23048 23058
23063 23073 23078 23092 23095 23114 23127 23138 23155 23159
23218 23228 23235 23250 23260 23261 23269 23270 23273 23288
23289 23301 23321 23325 23336 23342 23345 23353 23361 23362
23363 23366 23371 23395 23405 23406 23427 23450 23451 23453
23466 23479 23487 23489 23494 23497 23511 23542 23544 23549
23551 23552 23575 23615 23619 23639 23647 23658 23662 23663
23665 23677 23689 23694 23697 23711 23713 23738 23742 23768
23778 23785 23809 23815 23835 23849 23896 23907 23912 23918
23932 23938 23960 23975 23982 24011 24024 24033 24056 24077
24079 24103 24108 24120 24132 24159 24184 24198 24202 24238
24240 24243 24276 24279 24286 24291 24310 24316 24331 24338
24345 24357 24363 24373 24386 24391 24393 24397 24404 24411
24424 24448 24449 24515 24517 24525 24531 24533 24534 24541
24568 24583 24586 24595 24596 24616 24623 24625 24634 24639
24664 24676 24689 24702 24711 24724 24736 24756 24759 24763
24767 24775 24790 24805 24809 24817 24827 24850 24855 24858
24876 24882 24887 24892 24898 24904 24928 24929 24930 24932
24939 24963 24976 24989 24992 25002 25008 25010 25016 25018
25022 25027 25037 25054 25057 25059 25061 25078 25081 25113
25117 25120 25137 25140 25145 25161 25205 25211 25215 25216
25217 25251 25263 25264 25270 25272 25274 25286 25293 25336
25356 25375 25396 25416 25424 25426 25429 25461 25486 25490
25493 25496 25513 25528 25533 25544 25550 25573 25576 25580
25587 25604 25607 25634 25640 25655 25662 25673 25683 25734
25736 25738 25752 25756 25761 25767 25770 25779 25784 25786
25796 25815 25821 25836 25850 25873 25882 25897 25901 25908
25916 25923 25938 25949 25954 25958 25962 25966 25972 25978
25995 26006 26034 26056 26064 26073 26075 26081 26089 26090
26100 26106 26140 26186 26193 26199 26209 26226 26227 26232
26241 26246 26255 26257 26262 26302 26313 26328 26339 26341
26347 26349 26352 26355 26363 26364 26368 26376 26379 26383
26395 26400 26401 26419 26429 26446 26449 26451 26455 26465
26481 26482 26486 26490 26500 26501 26506 26524 26525 26563
26576 26583 26600 26607 26622 26627 26628 26652 26659 26679
26680 26683 26688 26698 26733 26736 26753 26762 26787 26810
26811 26821 26841 26852 26856 26858 26870 26881 26883 26899
26931 26932 26936 26939 26944 26969 26972 26984 26986 26992
26999 27021 27022 27030 27031 27037 27053 27074 27082 27092
27105 27116 27146 27152 27191 27217 27223 27244 27246 27266
27270 27273 27274 27278 27286 27316 27337 27342 27348 27351
27353 27355 27365 27372 27407 27415 27419 27435 27441 27454
27507 27510 27519 27522 27549 27552 27568 27577 27586 27594
27599 27608 27620 27621 27625 27627 27644 27653 27662 27663
27677 27679 27683 27697 27743 27747 27753 27754 27766 27768
27773 27774 27776 27778 27779 27783 27790 27793 27800 27803
27817 27818 27821 27831 27833 27839 27849 27850 27851 27856
27859 27869 27905 27917 27924 27946 27959 27961 27979 27987
27999 28003 28012 28014 28019 28031 28035 28039 28045 28075
28091 28102 28108 28119 28132 28136 28180 28184 28192 28222
28233 28238 28241 28248 28261 28263 28266 28279 28304 28310
28321 28322 28332 28333 28376 28377 28395 28404 28414 28415
28421 28451 28454 28455 28459 28465 28469 28472 28477 28486
28489 28490 28494 28501 28503 28507 28509 28515 28518 28528
28533 28542 28553 28566 28571 28577 28600 28601 28604 28608
28609 28636 28639 28651 28666 28668 28672 28682 28694 28701
28712 28723 28725 28751 28760 28769 28775 28796 28803 28821
28827 28829 28856 28872 28880 28886 28889 28896 28908 28913
28919 28945 28947 28948 28950 28951 28966 28970 28972 28990
28993 29018 29042 29056 29060 29063 29067 29071 29072 29084
29099 29105 29108 29126 29128 29133 29134 29138 29140 29183
29187 29189 29214 29215 29227 29234 29235 29240 29255 29260
29265 29278 29281 29291 29296 29301 29308 29311 29319 29365
29372 29375 29381 29392 29397 29405 29411 29422 29423 29425
29429 29441 29442 29450 29464 29467 29491 29497 29501 29511
29575 29576 29597 29600 29609 29624 29635 29665 29668 29674
29677 29679 29692 29698 29708 29712 29722 29732 29733 29734
29740 29742 29748 29749 29753 29771 29776 29788 29792 29820
29823 29827 29829 29839 29853 29862 29868 29891 29905 29933
29935 29936 29944 29950 29967 29971 29974 29980 29981 29983
30005 30007 30008 30009 30014 30015 30018 30027 30036 30055
30059 30066 30076 30077 30092 30099 30103 30110 30112 30116
30117 30121 30130 30147 30154 30158 30173 30234 30238 30261
30278 30295 30299 30306 30320 30323 30329 30330 30354 30355
30360 30370 30371 30375 30384 30386 30403 30416 30430 30433
30455 30457 30468 30471 30479 30483 30499 30520 30548 30555
30558 30560 30563 30566 30568 30570 30600 30609 30610 30612
30621 30628 30631 30635 30644 30645 30647 30705 30714 30716
30726 30735 30746 30758 30772 30775 30777 30778 30792 30794
30796 30811 30827 30829 30832 30839 30843 30844 30849 30859
30863 30871 30883 30884 30901 30905 30916 30920 30931 30938
30953 30965 30982 31022 31036 31046 31066 31079 31080 31090
31092 31118 31121 31130 31141 31148 31160 31163 31171 31175
31204 31205 31215 31233 31248 31277 31307 31324 31331 31332
31340 31342 31347 31363 31385 31399 31406 31415 31426 31433
31442 31448 31459 31460 31461 31462 31467 31469 31493 31509
31512 31533 31549 31575 31577 31595 31613 31620 31622 31635
31640 31642 31648 31673 31686 31692 31719 31729 31735 31753
31759 31769 31771 31772 31773 31779 31780 31798 31799 31835
31855 31883 31892 31915 31933 31941 31946 31967 31984 31992
32011 32043 32054 32059 32070 32103 32108 32117 32118 32119
32154 32155 32156 32163 32166 32177 32186 32197 32211 32214
32219 32220 32228 32229 32235 32253 32263 32265 32268 32286
32294 32311 32316 32327 32329 32330 32332 32344 32352 32353
32367 32372 32374 32379 32386 32429 32431 32457 32478 32538
32545 32577 32605 32621 32624 32635 32638 32644 32649 32652
32684 32689 32702 32712 32714 32719 32721 32743 32747 32749
32754 32759 32767 32768 32794 32803 32809 32818 32825 32832
32850 32858 32869 32889 32891 32897 32898 32903 32904 32907
32908 32910 32916 32928 32954 32968 32984 32988 32997 33006
33020 33022 33031 33047 33053 33056 33064 33096 33138 33150
33165 33167 33168 33187 33190 33192 33195 33202 33221 33230
33233 33246 33273 33285 33313 33342 33343 33351 33365 33377
33382 33411 33418 33421 33422 33432 33434 33441 33443 33445
33450 33466 33473 33483 33486 33494 33502 33512 33518 33530
33531 33533 33539 33547 33592 33598 33600 33605 33613 33614
33631 33636 33651 33675 33680 33696 33703 33707 33712 33715
33766 33767 33777 33785 33786 33813 33829 33831 33835 33862
33892 33893 33895 33901 33912 33930 33959 33972 33981 33983
33998 34002 34025 34032 34033 34034 34042 34053 34063 34070
34084 34097 34117 34123 34128 34170 34185 34212 34230 34242
34243 34248 34258 34261 34265 34269 34284 34289 34290 34293
34294 34298 34301 34305 34309 34339 34340 34372 34402 34441
34446 34460 34464 34472 34479 34487 34489 34506 34509 34512
34513 34532 34542 34555 34556 34569 34582 34583 34588 34604
34619 34644 34654 34661 34665 34674 34680 34681 34688 34694
34703 34731 34752 34754 34765 34770 34792 34798 34804 34806
34813 34816 34845 34849 34853 34857 34886 34887 34893 34899
34900 34913 34920 34938 34942 34964 34967 34997 35003 35005
35011 35017 35047 35063 35065 35079 35087 35100 35126 35135
35143 35144 35151 35155 35195 35213 35225 35229 35238 35249
35252 35253 35256 35257 35266 35289 35291 35293 35307 35315
35326 35327 35328 35329 35336 35344 35348 35349 35351 35354
35362 35370 35374 35390 35393 35399 35409 35413 35418 35420
35425 35432 35439 35445 35466 35470 35472 35479 35498 35502
35557 35559 35576 35594 35605 35613 35623 35626 35629 35630
35639 35661 35681 35698 35700 35722 35734 35737 35752 35760
35763 35770 35776 35781 35790 35792 35794 35803 35821 35824
35825 35827 35829 35834 35847 35851 35864 35874 35876 35895
35907 35912 35942 35948 35959 35963 35968 35996 36008 36010
36014 36017 36024 36027 36030 36038 36042 36044 36051 36066
36067 36070 36105 36108 36114 36120 36127 36135 36144 36145
36155 36166 36172 36187 36196 36256 36261 36273 36284 36289
36302 36313 36326 36329 36341 36343 36346 36392 36412 36415
36423 36433 36435 36445 36453 36474 36499 36504 36505 36512
36513 36544 36545 36550 36552 36564 36577 36583 36591 36601
36646 36656 36672 36680 36691 36707 36716 36725 36737 36753
36758 36773 36783 36803 36807 36813 36819 36825 36832 36843
36847 36849 36859 36860 36879 36883 36892 36899 36908 36927
36940 36946 36947 36949 36962 36963 36964 36968 37001 37007
37012 37014 37019 37022 37029 37030 37032 37048 37052 37067
37073 37089 37107 37111 37126 37136 37177 37196 37211 37222
37227 37231 37238 37244 37245 37246 37248 37249 37259 37261
37264 37277 37279 37287 37304 37308 37343 37350 37353 37359
37379 37385 37394 37424 37455 37491 37497 37505 37524 37525
37528 37529 37530 37533 37536 37537 37543 37555 37557 37559
37584 37585 37599 37600 37607 37608 37611 37614 37617 37618
37622 37631 37635 37637 37639 37646 37649 37654 37671 37673
37678 37699 37713 37723 37734 37749 37759 37772 37773 37777
37779 37797 37800 37802 37805 37806 37807 37809 37816 37823
37826 37829 37839 37878 37882 37889 37894 37896 37897 37920
37927 37958 37967 37972 37995 37996 38034 38037 38044 38053
38057 38074 38093 38105 38111 38112 38113 38116 38122 38143
38145 38152 38153 38155 38184 38186 38196 38200 38217 38228
38247 38252 38298 38317 38320 38330 38333 38334 38351 38363
38364 38367 38390 38402 38409 38413 38440 38454 38456 38473
38474 38476 38480 38482 38491 38503 38504 38506 38507 38518
38532 38537 38538 38543 38556 38584 38593 38597 38610 38614
38615 38616 38627 38643 38644 38666 38671 38680 38687 38688
38706 38710 38742 38750 38757 38801 38803 38859 38866 38871
38886 38890 38900 38917 38952 38963 38972 38980 38981 38997
39012 39013 39020 39023 39032 39034 39053 39060 39082 39084
39089 39099 39106 39110 39111 39116 39132 39134 39136 39147
39167 39177 39178 39183 39184 39196 39200 39214 39218 39229
39236 39238 39281 39289 39302 39351 39361 39362 39363 39371
39395 39399 39401 39420 39426 39432 39442 39446 39452 39463
39473 39482 39493 39522 39526 39531 39571 39574 39583 39589
39628 39631 39632 39643 39646 39651 39652 39666 39669 39676
39681 39684 39687 39710 39712 39732 39758 39767 39769 39774
39776 39795 39829 39830 39838 39848 39852 39853 39856 39888
39891 39905 39919 39932 39938 39953 39959 39960 39969 39991
39998 40022 40025 40033 40044 40061 40066 40094 40096 40120
40128 40135 40137 40163 40164 40172 40173 40193 40198 40218
40224 40229 40231 40248 40252 40261 40267 40294 40303 40309
40326 40341 40343 40389 40394 40405 40410 40420 40428 40453
40482 40493 40503 40506 40515 40540 40570 40572 40575 40601
40630 40634 40642 40659 40660 40670 40687 40712 40718 40722
40735 40754 40760 40775 40778 40789 40791 40793 40802 40803
40809 40816 40817 40822 40824 40841 40845 40848 40858 40862
40870 40876 40882 40893 40898 40902 40918 40919 40928 40931
40937 40941 40948 40953 40961 40968 40971 40998 40999 41031
41032 41049 41056 41061 41077 41085 41087 41099 41101 41113
41118 41127 41141 41148 41167 41176 41178 41189 41192 41194
41195 41196 41217 41220 41225 41237 41246 41249 41256 41262
41263 41264 41282 41327 41340 41372 41378 41381 41386 41396
41402 41404 41408 41421 41429 41436 41439 41441 41473 41474
41479 41492 41499 41522 41528 41532 41533 41537 41545 41553
41567 41581 41584 41591 41603 41613 41620 41623 41625 41630
41645 41652 41668 41671 41694 41706 41709 41724 41731 41734
41737 41740 41750 41756 41774 41781 41799 41800 41804 41805
41808 41823 41824 41838 41854 41861 41876 41878 41880 41884
41900 41907 41911 41925 41944 41946 41948 41959 41979 41984
42001 42003 42004 42018 42026 42041 42048 42076 42090 42113
42116 42137 42149 42166 42180 42193 42201 42215 42218 42227
42261 42273 42283 42287 42288 42297 42311 42324 42325 42326
42330 42355 42361 42400 42410 42418 42419 42422 42433 42439
42441 42444 42456 42477 42485 42496 42497 42509 42515 42523
42532 42551 42568 42569 42586 42603 42604 42606 42618 42621
42622 42627 42635 42660 42674 42723 42732 42750 42777 42781
42791 42811 42816 42821 42829 42831 42843 42845 42849 42854
42855 42858 42862 42864 42866 42876 42877 42891 42903 42918
42936 42956 42961 42978 42980 42990 43003 43005 43008 43013
43019 43025 43040 43056 43059 43086 43097 43106 43124 43154
43155 43168 43174 43175 43176 43179 43188 43198 43200 43208
43209 43233 43244 43251 43279 43286 43295 43307 43311 43319
43321 43326 43334 43350 43358 43369 43372 43383 43386 43397
43403 43407 43408 43438 43449 43454 43456 43463 43493 43513
43519 43520 43524 43537 43543 43550 43564 43579 43589 43594
43609 43618 43619 43640 43652 43654 43656 43677 43687 43689
43716 43721 43722 43724 43727 43733 43734 43754 43756 43771
43775 43782 43784 43788 43792 43799 43808 43825 43826 43855
43861 43864 43867 43868 43873 43891 43895 43897 43909 43923
43947 43971 44004 44005 44025 44038 44039 44045 44048 44079
44087 44090 44091 44103 44121 44123 44124 44129 44130 44138
44140 44163 44164 44168 44184 44186 44207 44210 44222 44226
44230 44236 44243 44249 44275 44286 44291 44302 44310 44314
44317 44322 44325 44347 44349 44379 44383 44392 44395 44410
44418 44430 44436 44439 44451 44453 44456 44459 44464 44465
44471 44496 44506 44517 44529 44541 44542 44569 44571 44608
44611 44615 44616 44643 44644 44649 44653 44657 44660 44663
44674 44677 44698 44701 44716 44727 44729 44737 44749 44750
44758 44761 44771 44779 44780 44781 44807 44834 44840 44843
44847 44856 44878 44884 44891 44922 44929 44941 44945 44954
44960 44983 44985 44986 44989 44990 44992 45007 45035 45052
45058 45095 45109 45133 45136 45151 45170 45172 45191 45214
45221 45222 45225 45232 45252 45261 45266 45274 45279 45285
45286 45288 45305 45309 45325 45334 45346 45349 45350 45354
45358 45360 45364 45390 45392 45401 45406 45408 45437 45446
45463 45465 45472 45483 45487 45500 45540 45546 45551 45565
45573 45585 45596 45603 45605 45607 45610 45623 45625 45633
45654 45674 45684 45686 45691 45699 45716 45717 45732 45738
45755 45761 45763 45764 45784 45810 45818 45821 45851 45863
45871 45882 45890 45897 45910 45913 45916 45922 45928 45932
45964 45969 45980 45989 45993 45999 46009 46010 46019 46055
46070 46076 46077 46087 46096 46108 46114 46132 46167 46175
46213 46225 46235 46237 46242 46254 46258 46261 46277 46297
46307 46315 46327 46344 46360 46369 46374 46384 46388 46399
46405 46407 46409 46420 46424 46425 46432 46449 46460 46477
46482 46483 46504 46518 46519 46532 46545 46553 46591 46618
46625 46631 46642 46672 46673 46683 46685 46706 46712 46715
46728 46733 46752 46757 46786 46808 46839 46840 46842 46854
46865 46869 46891 46927 46938 46945 46967 46976 46981 46997
47008 47015 47016 47017 47045 47068 47080 47086 47099 47103
47116 47161 47169 47174 47186 47197 47198 47202 47204 47207
47213 47216 47218 47223 47231 47232 47238 47242 47247 47266
47279 47289 47298 47319 47322 47332 47357 47366 47372 47379
47395 47427 47444 47446 47452 47479 47482 47485 47525 47533
47547 47549 47552 47553 47562 47566 47575 47576 47578 47590
47618 47620 47630 47641 47645 47647 47649 47650 47657 47660
47684 47688 47710 47719 47728 47729 47743 47755 47764 47771
47775 47776 47784 47787 47790 47798 47807 47815 47834 47838
47841 47843 47856 47858 47866 47874 47883 47889 47894 47895
47899 47903 47907 47917 47923 47939 47941 47947 47955 47959
47962 47973 47995 47996 48001 48010 48015 48022 48034 48039
48042 48053 48081 48087 48088 48091 48096 48098 48105 48110
48112 48118 48123 48125 48139 48140 48161 48162 48163 48174
48195 48207 48209 48215 48216 48218 48219 48223 48236 48243
48249 48250 48292 48293 48294 48295 48299 48303 48309 48334
48349 48351 48359 48375 48391 48399 48423 48424 48453 48462
48490 48493 48494 48502 48523 48524 48534 48535 48546 48557
48581 48584 48585 48594 48602 48610 48611 48625 48626 48635
48643 48651 48654 48657 48658 48664 48670 48689 48693 48705
48719 48733 48734 48737 48741 48754 48764 48780 48784 48786
48792 48794 48799 48814 48830 48835 48843 48852 48871 48882
48899 48902 48910 48927 48959 49002 49034 49039 49050 49074
49082 49091 49100 49103 49104 49108 49115 49146 49164 49170
49178 49198 49199 49210 49217 49225 49235 49236 49241 49258
49269 49271 49279 49301 49314 49341 49365 49366 49370 49373
49375 49391 49406 49414 49434 49439 49443 49481 49486 49489
49502 49503 49504 49517 49542 49547 49581 49594 49599 49621
49624 49628 49635 49662 49668 49672 49679 49681 49682 49685
49692 49699 49715 49736 49745 49753 49763 49766 49768 49771
49772 49778 49781 49783 49812 49820 49824 49825 49837 49883
49903 49911 49914 49918 49922 49952 49955 49980 49990 49994
50010 50012 50024 50026 50029 50036 50048 50057 50064 50077
50085 50114 50143 50146 50161 50165 50173 50194 50200 50209
50213 50230 50231 50240 50242 50244 50257 50271 50273 50278
50285 50300 50301 50319 50321 50325 50332 50344 50362 50366
50376 50390 50391 50394 50402 50403 50413 50428 50430 50438
50440 50451 50453 50463 50470 50489 50492 50515 50564 50571
50592 50598 50611 50618 50630 50645 50653 50658 50668 50670
50676 50678 50679 50686 50694 50699 50709 50711 50714 50732
50742 50771 50772 50790 50791 50793 50794 50807 50808 50814
50816 50823 50825 50832 50836 50842 50845 50855 50869 50877
50919 50927 50932 50957 50959 50968 50978 50982 50984 50987
51005 51037 51039 51041 51048 51056 51084 51088 51091 51103
51121 51123 51126 51127 51133 51134 51136 51168 51172 51179
51181 51187 51188 51190 51196 51220 51222 51231 51242 51248
51265 51274 51277 51280 51298 51300 51305 51342 51348 51349
51361 51362 51363 51369 51384 51394 51402 51423 51430 51434
51462 51466 51483 51490 51491 51496 51500 51508 51509 51527
51541 51544 51555 51568 51577 51581 51583 51600 51609 51614
51620 51640 51644 51666 51673 51677 51697 51704 51738 51746
51749 51764 51771 51793 51816 51817 51830 51832 51833 51851
51852 51856 51872 51888 51893 51904 51906 51908 51912 51924
51938 51940 51954 51956 51978 51997 52006 52022 52026 52046
52047 52084 52086 52089 52105 52108 52127 52144 52152 52159
52171 52178 52196 52201 52206 52208 52235 52257 52261 52263
52270 52278 52296 52316 52318 52322 52330 52344 52346 52349
52382 52396 52397 52400 52419 52436 52438 52467 52478 52489
52500 52503 52507 52516 52541 52557 52565 52579 52583 52585
52589 52598 52599 52604 52613 52623 52630 52633 52644 52653
52661 52673 52681 52695 52699 52703 52711 52741 52749 52760
52770 52772 52774 52792 52816 52817 52850 52852 52886 52896
52916 52919 52921 52925 52933 52947 52951 52967 52976 52980
52982 52987 52990 53007 53024 53029 53043 53050 53079 53085
53103 53128 53134 53136 53174 53178 53191 53192 53193 53206
53223 53230 53242 53244 53253 53254 53259 53277 53278 53298
53314 53332 53351 53352 53384 53412 53419 53445 53449 53456
53459 53468 53469 53474 53489 53493 53497 53500 53505 53509
53521 53538 53542 53550 53555 53558 53572 53573 53619 53626
53627 53631 53633 53639 53657 53677 53707 53715 53723 53752
53770 53774 53789 53796 53809 53814 53828 53831 53864 53868
53870 53875 53885 53886 53891 53893 53898 53903 53907 53915
53919 53927 53954 53962 53969 53974 53993 54003 54009 54030
54037 54049 54057 54064 54066 54075 54105 54106 54118 54121
54131 54145 54146 54148 54154 54169 54180 54253 54259 54267
54297 54301 54304 54314 54326 54347 54364 54368 54376 54377
54389 54398 54400 54421 54430 54443 54475 54478 54493 54505
54510 54518 54549 54556 54574 54582 54587 54593 54598 54599
54622 54640 54666 54682 54688 54711 54726 54744 54747 54753
54757 54763 54772 54777 54797 54804 54809 54810 54861 54870
54876 54878 54883 54891 54912 54924 54938 54944 54967 54981
55000 55012 55017 55026 55033 55037 55039 55054 55055 55058
55074 55083 55086 55090 55100 55115 55122 55124 55131 55149
55151 55152 55196 55211 55213 55216 55235 55241 55243 55270
55273 55291 55297 55310 55314 55318 55398 55409 55414 55436
55439 55450 55454 55465 55469 55512 55526 55538 55557 55568
55570 55586 55591 55606 55608 55630 55639 55641 55649 55657
55663 55671 55675 55690 55700 55722 55723 55730 55738 55745
55757 55763 55766 55777 55782 55785 55787 55788 55797 55818
55833 55854 55870 55901 55905 55929 55936 55970 55977 55981
55994 56000 56002 56010 56011 56041 56060 56068 56072 56080
56090 56101 56110 56121 56124 56145 56177 56182 56203 56208
56226 56228 56237 56277 56290 56294 56300 56308 56329 56335
56352 56365 56397 56399 56401 56405 56432 56449 56451 56470
56478 56481 56496 56497 56505 56507 56512 56541 56544 56546
56550 56580 56593 56598 56605 56615 56616 56620 56659 56672
56689 56701 56710 56723 56734 56742 56744 56747 56754 56776
56777 56816 56817 56818 56822 56845 56852 56865 56866 56867
56870 56881 56895 56915 56917 56929 56934 56950 56957 56963
56964 56970 56974 56994 56995 56996 57014 57016 57021 57022
57045 57055 57071 57076 57077 57084 57121 57122 57125 57126
57130 57144 57153 57175 57197 57200 57221 57231 57242 57246
57248 57253 57268 57275 57284 57289 57306 57336 57343 57347
57356 57360 57375 57377 57383 57386 57388 57391 57395 57407
57415 57418 57433 57441 57444 57453 57465 57466 57474 57482
57485 57536 57547 57570 57577 57579 57588 57595 57618 57630
57640 57642 57651 57656 57671 57684 57693 57699 57715 57728
57730 57734 57735 57743 57747 57765 57780 57784 57792 57819
57840 57841 57844 57846 57857 57872 57949 57952 57953 57977
57978 57985 57987 57998 58003 58030 58037 58039 58063 58065
58071 58074 58076 58083 58108 58117 58125 58136 58138 58155
58159 58191 58199 58204 58205 58215 58220 58228 58232 58238
58242 58253 58263 58289 58315 58325 58331 58334 58348 58355
58369 58372 58377 58379 58386 58389 58390 58407 58412 58429
58440 58454 58456 58472 58478 58480 58484 58497 58506 58517
58522 58532 58539 58563 58571 58582 58583 58598 58600 58605
58621 58626 58643 58654 58666 58670 58671 58676 58684 58689
58691 58701 58711 58719 58720 58739 58743 58781 58814 58821
58823 58832 58835 58838 58841 58851 58863 58868 58890 58908
58924 58927 58934 58935 58945 58958 58970 58974 58996 59006
59021 59023 59027 59034 59036 59045 59049 59054 59057 59061
59064 59109 59112 59130 59144 59158 59161 59167 59177 59178
59179 59188 59204 59208 59211 59214 59227 59229 59233 59248
59249 59252 59258 59279 59291 59295 59300 59304 59305 59307
59308 59319 59328 59341 59343 59357 59368 59369 59376 59393
59412 59427 59447 59460 59464 59470 59473 59492 59493 59509
59552 59555 59565 59566 59570 59580 59584 59588 59592 59594
59596 59601 59607 59616 59620 59621 59630 59645 59658 59660
59661 59662 59664 59689 59694 59702 59705 59721 59741 59743
59749 59752 59757 59764 59774 59780 59789 59791 59792 59818
59826 59836 59838 59839 59841 59856 59879 59883 59885 59909
59919 59920 59921 59923 59924 59934 59944 59958 59963 59967
59971 59974 59977 59991 60016 60027 60048 60057 60058 60062
60066 60070 60075 60077 60081 60083 60091 60095 60100 60104
60110 60115 60120 60122 60131 60132 60136 60137 60141 60150
60156 60160 60163 60164 60175 60191 60199 60202 60208 60209
60210 60212 60238 60241 60248 60250 60260 60270 60271 60287
60289 60296 60303 60307 60319 60334 60357 60361 60367 60370
60371 60389 60416 60432 60464 60472 60485 60516 60540 60550
60555 60571 60582 60587 60596 60599 60603 60613 60617 60624
60628 60639 60649 60674 60677 60689 60711 60715 60732 60745
60755 60759 60766 60772 60787 60799 60803 60850 60855 60867
60885 60897 60909 60927 60955 61009 61015 61016 61023 61033
61036 61041 61050 61066 61074 61084 61087 61090 61091 61097
61108 61116 61118 61139 61174 61183 61207 61221 61235 61243
61249 61252 61256 61257 61258 61274 61279 61284 61286 61290
61299 61329 61336 61342 61348 61355 61357 61398 61400 61447
61455 61461 61464 61466 61481 61484 61487 61489 61505 61541
61543 61544 61549 61559 61566 61571 61585 61604 61607 61625
61648 61660 61667 61670 61714 61715 61736 61738 61752 61776
61805 61807 61839 61857 61870 61872 61873 61878 61889 61893
61909 61954 61958 61960 61967 61998 62000 62007 62015 62031
62033 62039 62046 62063 62065 62069 62085 62093 62094 62098
62109 62114 62116 62126 62143 62144 62145 62148 62151 62152
62156 62161 62167 62173 62180 62187 62190 62196 62224 62243
62260 62264 62265 62272 62275 62283 62284 62289 62293 62300
62317 62326 62333 62335 62339 62355 62367 62368 62380 62385
62392 62400 62405 62413 62421 62441 62472 62481 62494 62496
62511 62525 62535 62562 62563 62567 62568 62570 62571 62579
62581 62582 62590 62605 62609 62610 62617 62639 62657 62671
62680 62700 62711 62712 62717 62719 62728 62734 62735 62738
62740 62742 62743 62759 62764 62771 62792 62818 62827 62837
62842 62851 62877 62887 62889 62893 62900 62903 62929 62950
62954 62974 62975 62979 62981 62983 62985 62991 62995 63009
63013 63024 63025 63030 63033 63046 63053 63056 63062 63071
63073 63088 63095 63141 63173 63176 63184 63185 63199 63216
63219 63220 63224 63226 63232 63236 63246 63247 63249 63273
63276 63278 63290 63296 63301 63302 63316 63353 63356 63368
63369 63372 63377 63380 63401 63420 63424 63438 63445 63450
63473 63476 63484 63492 63510 63550 63567 63569 63572 63574
63579 63584 63589 63590 63597 63604 63609 63611 63631 63644
63647 63652 63655 63666 63683 63697 63700 63701 63715 63719
63720 63723 63735 63739 63755 63768 63770 63774 63782 63786
63806 63815 63820 63830 63841 63858 63870 63875 63878 63895
63911 63914 63921 63922 63933 63943 63954 63966 63977 63998
64020 64028 64029 64033 64051 64052 64066 64078 64095 64098
64122 64124 64125 64148 64150 64152 64156 64162 64165 64177
64181 64191 64196 64205 64219 64243 64266 64276 64285 64303
64310 64317 64321 64342 64347 64350 64360 64364 64379 64387
64396 64399 64427 64434 64441 64442 64458 64462 64471 64481
64482 64488 64495 64499 64517 64531 64533 64553 64563 64579
64589 64598 64601 64622 64627 64645 64648 64649 64656 64657
64661 64688 64704 64716 64723 64731 64732 64747 64752 64788
64798 64799 64828 64843 64877 64882 64884 64887 64919 64926
64942 64960 64996 65000 65001 65007 65018 65022 65034 65042
65057 65061 65063 65076 65083 65111 65156 65161 65169 65183
65195 65199 65202 65263 65277 65292 65294 65299 65319 65330
65334 65340 65356 65364 65391 65418 65424 65425 65451 65488
65490 65493 65524 65534 65542 65550 65552 65563 65566 65570
65581 65582 65589 65594 65626 65630 65634 65670 65675 65680
65714 65715 65721 65729 65738 65744 65774 65793 65799 65809
65823 65826 65830 65831 65832 65843 65849 65852 65853 65861
65872 65875 65877 65880 65882 65900 65915 65924 65939 65968
65977 65985 65986 65998 66008 66013 66019 66031 66037 66043
66047 66074 66087 66089 66093 66099 66122 66124 66125 66138
66149 66164 66169 66182 66186 66189 66190 66194 66201 66214
66215 66217 66220 66266 66269 66279 66298 66313 66317 66326
66328 66332 66339 66359 66367 66373 66374 66396 66399 66401
66411 66427 66446 66465 66469 66474 66476 66487 66500 66528
66536 66537 66550 66553 66560 66597 66601 66612 66614 66629
66630 66632 66642 66645 66649 66650 66666 66672 66695 66697
66708 66726 66731 66732 66735 66743 66748 66749 66756 66763
66767 66779 66804 66819 66822 66841 66846 66863 66871 66895
66897 66913 66932 66935 66949 66960 66969 66971 66978 67002
67009 67017 67020 67034 67057 67060 67081 67085 67087 67089
67100 67108 67118 67128 67129 67138 67140 67161 67167 67170
67171 67175 67187 67201 67204 67209 67231 67265 67293 67302
67345 67358 67368 67390 67394 67400 67401 67402 67405 67421
67438 67459 67466 67486 67493 67494 67502 67523 67529 67553
67559 67575 67592 67598 67600 67616 67638 67639 67640 67658
67662 67665 67669 67671 67685 67687 67690 67707 67708 67717
67720 67729 67731 67751 67754 67759 67768 67769 67770 67777
67778 67781 67801 67802 67804 67805 67820 67823 67834 67837
67839 67849 67863 67869 67887 67898 67904 67906 67912 67913
67921 67926 67927 67940 67943 67945 67971 67975 67978 67997
68007 68014 68016 68020 68034 68062 68076 68079 68090 68096
68102 68113 68131 68137 68140 68144 68173 68175 68178 68188
68193 68204 68206 68223 68251 68256 68259 68261 68275 68298
68299 68317 68328 68331 68351 68370 68389 68403 68404 68450
68477 68478 68489 68492 68501 68506 68509 68511 68525 68529
68534 68549 68553 68570 68573 68578 68592 68595 68612 68631
68634 68640 68642 68644 68678 68683 68685 68696 68698 68703
68716 68719 68730 68743 68744 68753 68768 68772 68773 68774
68777 68787 68788 68794 68805 68809 68819 68826 68850 68865
68883 68887 68894 68897 68905 68913 68925 68927 68929 68931
68938 68970 68990 68992 68995 69015 69016 69025 69049 69050
69053 69057 69058 69063 69069 69073 69078 69083 69095 69107
69145 69155 69157 69168 69189 69200 69202 69215 69216 69241
69243 69253 69254 69256 69261 69272 69305 69313 69316 69321
69334 69336 69337 69351 69403 69418 69420 69436 69459 69461
69462 69470 69476 69491 69494 69516 69517 69521 69524 69530
69533 69551 69560 69567 69573 69580 69592 69598 69604 69618
69624 69627 69654 69666 69678 69680 69682 69706 69715 69723
69726 69750 69768 69773 69785 69786 69789 69793 69807 69808
69814 69820 69824 69832 69838 69839 69842 69843 69849 69850
69856 69873 69874 69896 69920 69962 69982 70004 70005 70017
70034 70035 70042 70056 70072 70097 70100 70105 70106 70122
70156 70185 70191 70193 70194 70204 70215 70232 70233 70250
70257 70266 70267 70268 70273 70280 70302 70319 70330 70346
70349 70362 70367 70401 70423 70425 70431 70432 70446 70458
70471 70482 70486 70494 70504 70520 70532 70533 70547 70556
70567 70572 70574 70587 70594 70604 70607 70612 70620 70633
70638 70652 70665 70666 70669 70676 70678 70709 70720 70770
70784 70785 70819 70834 70861 70867 70877 70878 70890 70893
70911 70926 70930 70948 70962 70978 70985 70987 70997 71034
71039 71068 71091 71098 71118 71126 71128 71132 71145 71151
71165 71168 71178 71207 71210 71217 71219 71220 71222 71230
71248 71253 71258 71260 71278 71280 71285 71299 71341 71358
71379 71387 71397 71402 71419 71424 71429 71433 71443 71456
71461 71462 71464 71466 71467 71471 71472 71476 71484 71485
71496 71504 71506 71507 71509 71521 71537 71561 71591 71595
71614 71622 71625 71626 71628 71649 71667 71675 71681 71704
71706 71709 71734 71742 71774 71779 71781 71793 71794 71795
71811 71819 71821 71829 71838 71841 71846 71858 71888 71915
71927 71928 71958 71959 71963 71995 72014 72015 72023 72029
72037 72048 72069 72078 72080 72086 72101 72103 72115 72138
72144 72171 72183 72185 72188 72196 72222 72225 72242 72246
72256 72259 72272 72289 72294 72323 72324 72344 72347 72352
72370 72381 72397 72421 72427 72432 72454 72488 72499 72523
72557 72559 72568 72583 72593 72604 72613 72621 72630 72634
72639 72641 72645 72654 72673 72674 72675 72685 72691 72694
72714 72719 72723 72727 72729 72744 72752 72754 72756 72770
72774 72777 72787 72791 72793 72796 72801 72802 72807 72814
72817 72826 72839 72840 72859 72867 72868 72880 72887 72888
72892 72894 72898 72917 72939 72941 72943 72946 72949 72955
72956 72957 72960 72992 73006 73020 73030 73040 73062 73065
73077 73094 73103 73109 73112 73121 73133 73145 73152 73154
73162 73175 73203 73213 73219 73222 73227 73285 73290 73299
73307 73312 73319 73323 73333 73336 73361 73365 73369 73371
73380 73387 73389 73404 73410 73418 73419 73430 73431 73435
73459 73470 73476 73477 73490 73511 73525 73530 73532 73533
73554 73567 73570 73578 73588 73605 73629 73635 73648 73658
73676 73694 73699 73713 73738 73759 73765 73768 73769 73772
73780 73788 73803 73812 73820 73831 73888 73893 73904 73914
73918 73926 73927 73969 73980 74005 74012 74013 74029 74043
74052 74054 74060 74061 74066 74073 74075 74114 74117 74128
74155 74164 74192 74198 74204 74210 74212 74216 74224 74236
74249 74250 74253 74256 74257 74273 74278 74297 74303 74317
74318 74320 74321 74340 74349 74356 74369 74378 74380 74397
74402 74403 74431 74470 74472 74474 74484 74502 74512 74514
74535 74537 74538 74560 74563 74568 74569 74576 74577 74585
74590 74611 74630 74635 74654 74662 74675 74690 74693 74703
74713 74715 74717 74718 74720 74721 74742 74755 74763 74767
74769 74774 74777 74793 74797 74806 74821 74881 74887 74890
74907 74913 74916 74925 74932 74951 74955 74961 74965 74967
75003 75008 75012 75037 75045 75048 75049 75054 75079 75086
75093 75099 75105 75108 75115 75127 75130 75143 75153 75155
75159 75161 75170 75189 75210 75229 75235 75244 75245 75247
75249 75265 75267 75268 75282 75293 75295 75299 75315 75316
75339 75361 75364 75369 75380 75416 75422 75425 75437 75474
75477 75480 75484 75496 75497 75505 75519 75520 75522 75553
75557 75567 75580 75583 75586 75597 75600 75606 75635 75645
75657 75658 75677 75683 75691 75692 75694 75734 75736 75751
75760 75770 75771 75776 75780 75782 75798 75810 75837 75840
75854 75860 75867 75877 75882 75892 75900 75917 75920 75962
75964 75990 76001 76003 76010 76013 76016 76020 76028 76046
76048 76099 76100 76102 76121 76127 76135 76138 76141 76143
76144 76151 76165 76176 76179 76185 76190 76196 76206 76212
76223 76225 76230 76255 76256 76279 76286 76302 76305 76308
76322 76325 76330 76366 76367 76375 76383 76388 76405 76410
76439 76446 76458 76463 76478 76492 76517 76526 76540 76546
76567 76585 76598 76611 76618 76624 76636 76640 76642 76651
76656 76659 76661 76692 76724 76744 76757 76758 76768 76778
76808 76813 76816 76827 76833 76841 76842 76851 76871 76874
76878 76888 76891 76902 76910 76924 76939 76975 76983 77007
77009 77010 77014 77028 77035 77053 77056 77067 77081 77087
77090 77101 77106 77117 77119 77134 77135 77136 77137 77155
77160 77165 77170 77171 77178 77179 77185 77186 77207 77238
77246 77249 77260 77266 77268 77295 77296 77315 77318 77340
77349 77358 77364 77384 77395 77398 77403 77404 77424 77432
77433 77434 77441 77444 77450 77483 77490 77494 77496 77501
77513 77515 77521 77523 77524 77557 77572 77591 77602 77607
77609 77620 77637 77638 77651 77654 77656 77708 77711 77731
77736 77740 77745 77755 77763 77767 77786 77812 77814 77817
77843 77844 77855 77858 77868 77871 77872 77887 77931 77951
77959 77963 77965 77968 77969 78005 78020 78021 78050 78071
78075 78077 78082 78095 78096 78103 78104 78108 78118 78125
78135 78137 78139 78141 78144 78150 78151 78156 78159 78169
78182 78185 78207 78208 78215 78228 78241 78244 78250 78251
78262 78263 78267 78271 78285 78311 78317 78321 78327 78336
78350 78364 78367 78369 78376 78407 78425 78437 78439 78440
78447 78457 78461 78463 78464 78465 78469 78471 78473 78485
78493 78514 78517 78533 78534 78549 78574 78624 78639 78645
78646 78667 78715 78717 78719 78720 78748 78754 78788 78789
78798 78809 78817 78830 78832 78835 78837 78842 78843 78845
78848 78855 78867 78869 78881 78882 78889 78893 78898 78955
78958 78959 78961 78986 79005 79007 79011 79013 79025 79027
79033 79044 79047 79051 79059 79064 79099 79101 79104 79111
79116 79118 79141 79145 79146 79161 79171 79186 79206 79209
79250 79269 79289 79295 79298 79316 79322 79324 79330 79332
79400 79404 79415 79419 79443 79458 79460 79470 79485 79488
79507 79511 79517 79526 79530 79536 79539 79546 79553 79563
79585 79600 79607 79613 79621 79622 79639 79643 79644 79650
79695 79713 79721 79737 79743 79745 79749 79750 79762 79778
79790 79805 79807 79808 79817 79820 79831 79832 79837 79841
79851 79859 79863 79879 79881 79884 79898 79900 79908 79914
79933 79943 79961 79966 79990 79995 80003 80010 80031 80044
80048 80058 80071 80086 80088 80105 80110 80142 80161 80166
80172 80190 80212 80223 80234 80256 80273 80277 80289 80312
80315 80325 80335 80342 80347 80354 80367 80369 80384 80394
80401 80414 80418 80421 80423 80427 80432 80438 80447 80456
80469 80470 80476 80485 80507 80522 80533 80538 80561 80570
80577 80580 80583 80605 80607 80613 80616 80636 80644 80645
80648 80649 80652 80654 80656 80663 80671 80692 80700 80720
80730 80736 80737 80738 80753 80767 80777 80785 80805 80809
80815 80825 80844 80849 80857 80864 80875 80879 80881 80886
80900 80910 80913 80916 80919 80957 80962 80968 81018 81023
81057 81072 81080 81086 81110 81111 81120 81122 81137 81144
81150 81156 81162 81170 81171 81175 81177 81186 81190 81196
81202 81207 81222 81235 81260 81261 81271 81274 81282 81286
81293 81298 81324 81345 81348 81350 81363 81370 81375 81378
81407 81409 81415 81417 81440 81456 81463 81501 81510 81528
81546 81548 81552 81555 81556 81560 81580 81590 81615 81620
81621 81647 81651 81653 81659 81675 81696 81698 81724 81725
81726 81729 81733 81737 81744 81751 81755 81757 81758 81773
81778 81779 81789 81795 81803 81819 81827 81828 81842 81844
81847 81858 81865 81867 81894 81904 81906 81909 81924 81930
81935 81945 81947 81952 81965 81980 81984 81986 81988 81991
81997 82029 82043 82067 82070 82085 82089 82093 82099 82112
82124 82138 82148 82174 82185 82201 82210 82224 82252 82259
82293 82294 82302 82307 82311 82316 82343 82352 82364 82365
82386 82401 82408 82422 82426 82433 82439 82452 82457 82469
82482 82490 82504 82510 82512 82513 82538 82582 82585 82591
82599 82608 82624 82627 82630 82633 82635 82639 82657 82660
82666 82689 82707 82713 82723 82727 82738 82743 82763 82764
82781 82791 82825 82827 82833 82835 82890 82900 82903 82931
82933 82936 82937 82942 82949 82962 82986 82997 83006 83012
83026 83053 83056 83064 83092 83095 83105 83113 83129 83134
83137 83154 83159 83164 83169 83170 83176 83207 83230 83232
83244 83252 83282 83298 83302 83313 83317 83345 83348 83350
83395 83397 83399 83408 83441 83445 83452 83453 83464 83465
83475 83481 83488 83491 83519 83520 83522 83523 83531 83548
83550 83560 83583 83591 83617 83619 83628 83633 83642 83649
83654 83655 83661 83674 83676 83684 83692 83693 83699 83703
83706 83711 83713 83744 83767 83770 83780 83826 83840 83853
83893 83900 83909 83912 83914 83924 83947 83954 83972 83990
83995 84018 84021 84025 84040 84050 84055 84075 84080 84083
84085 84095 84107 84115 84116 84131 84144 84149 84152 84155
84157 84171 84178 84197 84206 84210 84219 84232 84263 84265
84266 84272 84273 84276 84301 84315 84326 84330 84331 84332
84350 84359 84373 84376 84405 84410 84412 84439 84442 84451
84455 84473 84482 84489 84516 84518 84526 84532 84535 84549
84566 84573 84607 84615 84618 84621 84634 84636 84637 84638
84661 84688 84692 84693 84694 84695 84703 84713 84741 84742
84745 84759 84760 84781 84810 84819 84828 84835 84849 84851
84861 84865 84867 84884 84888 84891 84893 84939 84944 84954
84964 84974 84983 84987 84991 85026 85039 85044 85049 85066
85088 85094 85109 85123 85128 85131 85135 85142 85156 85161
85173 85180 85188 85203 85204 85219 85222 85225 85233 85252
85261 85268 85269 85278 85300 85306 85307 85309 85338 85340
85348 85363 85367 85371 85387 85391 85400 85423 85424 85434
85437 85444 85449 85452 85467 85475 85476 85491 85503 85504
85512 85525 85541 85582 85588 85590 85591 85594 85607 85631
85639 85643 85653 85661 85666 85670 85681 85692 85697 85733
85734 85761 85763 85768 85769 85775 85781 85803 85805 85807
85819 85827 85838 85865 85869 85885 85886 85891 85911 85913
85917 85921 85933 85938 85944 85946 85947 85952 85966 85969
85974 85995 86002 86015 86022 86035 86043 86053 86056 86063
86086 86098 86105 86106 86122 86128 86130 86155 86157 86158
86184 86195 86219 86222 86230 86242 86244 86258 86270 86292
86304 86309 86320 86325 86328 86335 86339 86342 86358 86363
86365 86371 86378 86381 86382 86390 86392 86419 86432 86448
86450 86452 86456 86460 86471 86476 86486 86491 86496 86497
86501 86510 86511 86519 86522 86524 86532 86536 86581 86607
86609 86626 86633 86653 86657 86662 86699 86764 86765 86766
86771 86781 86788 86797 86799 86811 86812 86828 86832 86833
86839 86852 86853 86859 86867 86877 86897 86900 86901 86907
86912 86916 86917 86922 86927 86928 86931 86933 86942 86948
86950 86980 86996 87000 87016 87018 87033 87040 87043 87047
87068 87079 87080 87090 87093 87100 87136 87147 87151 87152
87162 87163 87166 87168 87188 87196 87207 87210 87223 87228
87229 87242 87244 87262 87280 87327 87328 87331 87338 87340
87343 87347 87351 87354 87364 87366 87370 87374 87384 87388
87412 87420 87438 87440 87467 87486 87495 87500 87508 87512
87515 87521 87552 87562 87594 87617 87654 87680 87681 87689
87690 87692 87697 87700 87715 87730 87742 87755 87760 87763
87765 87781 87800 87804 87845 87855 87859 87860 87890 87900
87901 87905 87913 87935 87970 87997 87998 88036 88053 88060
88071 88072 88079 88082 88092 88097 88103 88109 88115 88120
88121 88173 88174 88179 88185 88197 88202 88205 88216 88230
88236 88275 88332 88340 88354 88368 88372 88378 88384 88397
88403 88417 88432 88441 88442 88444 88448 88449 88458 88461
88464 88470 88479 88480 88485 88489 88499 88501 88513 88520
88522 88533 88559 88577 88583 88586 88606 88613 88619 88621
88623 88628 88645 88655 88659 88661 88678 88680 88693 88707
88712 88713 88714 88731 88733 88741 88764 88785 88802 88820
88822 88842 88849 88853 88854 88858 88863 88874 88880 88882
88884 88885 88886 88887 88888 88889 88894 88916 88920 88941
88943 88959 88967 88989 88998 89031 89033 89039 89040 89066
89089 89095 89096 89104 89121 89123 89150 89158 89170 89175
89181 89183 89193 89199 89248 89250 89269 89277 89280 89297
89298 89299 89305 89306 89313 89314 89322 89323 89336 89355
89371 89376 89377 89390 89397 89404 89428 89463 89464 89466
89471 89479 89486 89537 89538 89539 89568 89585 89596 89612
89613 89636 89664 89678 89695 89699 89708 89717 89753 89783
89795 89809 89814 89828 89852 89856 89859 89869 89877 89913
89923 89931 89953 90018 90047 90051 90071 90077 90087 90136
90150 90154 90164 90169 90170 90175 90177 90195 90233 90234
90249 90258 90263 90283 90284 90294 90295 90300 90302 90312
90316 90320 90327 90337 90349 90351 90352 90358 90359 90369
90373 90379 90394 90397 90412 90414 90423 90429 90441 90455
90464 90473 90477 90490 90500 90508 90513 90517 90519 90521
90526 90545 90549 90556 90569 90573 90574 90577 90587 90619
90632 90659 90665 90707 90713 90717 90729 90731 90740 90763
90768 90780 90781 90787 90789 90799 90842 90866 90872 90885
90886 90891 90895 90898 90903 90904 90905 90907 90925 90928
90939 90951 90984 91004 91012 91016 91019 91025 91037 91038
91059 91070 91089 91098 91116 91118 91119 91137 91171 91188
91189 91192 91237 91252 91263 91265 91275 91277 91282 91319
91333 91334 91336 91345 91348 91355 91367 91375 91382 91388
91398 91399 91404 91416 91434 91461 91473 91496 91516 91534
91549 91569 91570 91574 91626 91636 91687 91718 91742 91772
91829 91879 91880 91884 91887 91895 91902 91911 91913 91915
91921 91927 91938 91944 91952 91974 91975 91978 91979 91981
92001 92007 92008 92010 92014 92027 92031 92041 92052 92057
92088 92097 92112 92118 92128 92137 92145 92146 92161 92174
92187 92194 92205 92235 92254 92282 92289 92293 92299 92302
92308 92316 92321 92323 92326 92346 92396 92406 92422 92454
92460 92464 92470 92474 92478 92483 92506 92509 92530 92540
92556 92573 92584 92588 92599 92604 92610 92612 92627 92643
92652 92655 92672 92673 92677 92687 92694 92706 92708 92713
92724 92740 92753 92757 92781 92796 92803 92846 92847 92856
92860 92871 92878 92879 92886 92888 92893 92897 92898 92931
92945 92953 92961 92966 92968 92991 93020 93025 93027 93029
93030 93040 93047 93074 93089 93093 93098 93123 93130 93132
93141 93143 93148 93179 93193 93219 93221 93222 93241 93244
93255 93260 93265 93277 93281 93283 93285 93294 93302 93310
93344 93368 93373 93399 93407 93412 93416 93417 93420 93431
93458 93464 93470 93483 93484 93485 93490 93547 93585 93587
93594 93598 93614 93617 93635 93636 93658 93669 93670 93677
93701 93705 93716 93720 93728 93729 93737 93739 93748 93754
93782 93822 93833 93850 93859 93864 93871 93874 93876 93878
93888 93893 93901 93902 93907 93915 93918 93923 93930 93932
93946 93948 93967 93968 93976 93980 93991 94013 94025 94030
94057 94061 94063 94064 94073 94077 94082 94088 94092 94115
94116 94119 94126 94137 94151 94153 94154 94155 94158 94172
94184 94194 94199 94201 94204 94209 94212 94227 94246 94253
94259 94263 94269 94275 94282 94300 94312 94316 94318 94325
94332 94336 94341 94344 94353 94373 94393 94399 94425 94432
94460 94492 94510 94525 94546 94548 94561 94565 94570 94582
94585 94595 94597 94605 94606 94611 94616 94627 94631 94637
94641 94655 94662 94667 94683 94707 94736 94752 94772 94775
94782 94787 94790 94793 94801 94819 94826 94836 94841 94844
94850 94862 94863 94891 94892 94894 94897 94902 94906 94930
94936 94952 94958 94959 94961 94966 94996 95014 95024 95045
95050 95052 95066 95068 95082 95095 95114 95119 95130 95157
95179 95183 95186 95194 95203 95206 95208 95219 95244 95257
95277 95284 95304 95321 95328 95329 95334 95362 95387 95389
95393 95405 95414 95420 95427 95450 95452 95458 95462 95474
95475 95494 95504 95510 95515 95525 95526 95552 95562 95565
95572 95575 95607 95615 95635 95639 95640 95642 95647 95661
95665 95666 95675 95681 95710 95730 95733 95736 95751 95753
95759 95761 95765 95772 95779 95793 95807 95809 95826 95845
95849 95853 95854 95859 95861 95863 95885 95886 95889 95890
95892 95895 95903 95906 95911 95921 95923 95930 95950 95963
95970 95975 95979 95980 95983 96004 96029 96043 96049 96053
96060 96064 96070 96102 96107 96110 96112 96116 96133 96136
96146 96158 96179 96191 96192 96213 96214 96225 96229 96232
96234 96250 96261 96263 96270 96284 96290 96298 96309 96316
96322 96359 96383 96395 96415 96420 96425 96432 96438 96440
96453 96454 96460 96481 96491 96493 96494 96496 96499 96505
96518 96523 96533 96546 96569 96574 96585 96592 96600 96614
96618 96619 96637 96644 96683 96690 96703 96704 96714 96719
96724 96728 96738 96757 96758 96761 96762 96769 96770 96775
96779 96782 96788 96794 96805 96819 96832 96839 96846 96847
96861 96865 96870 96873 96877 96880 96885 96898 96911 96924
96926 96936 96951 96984 96994 97007 97021 97034 97038 97044
97053 97065 97066 97067 97070 97072 97095 97139 97157 97176
97178 97181 97195 97200 97215 97274 97283 97292 97315 97317
97330 97334 97341 97347 97350 97351 97366 97389 97410 97413
97429 97439 97442 97454 97455 97478 97491 97492 97513 97514
97530 97535 97537 97578 97601 97606 97609 97610 97624 97625
97632 97646 97682 97696 97704 97709 97727 97735 97748 97751
97756 97764 97774 97778 97779 97788 97793 97801 97806 97812
97813 97821 97823 97835 97838 97845 97859 97869 97871 97874
97886 97889 97900 97938 97943 97945 97952 97956 97961 97963
97966 97971 97974 97977 97978 97980 97981 98008 98011 98044
98057 98063 98065 98075 98088 98089 98112 98113 98117 98121
98141 98150 98153 98163 98167 98200 98207 98219 98224 98228
98230 98264 98272 98282 98301 98305 98341 98358 98363 98366
98377 98380 98383 98418 98456 98467 98485 98497 98499 98504
98524 98531 98540 98542 98548 98551 98574 98577 98580 98584
98589 98591 98607 98611 98615 98618 98625 98627 98632 98635
98661 98674 98675 98677 98678 98697 98714 98724 98734 98742
98758 98776 98780 98784 98792 98806 98832 98841 98858 98866
98868 98899 98928 98937 98957 98977 99002 99004 99013 99032
99037 99046 99047 99050 99073 99076 99093 99125 99152 99163
99172 99175 99186 99205 99206 99217 99221 99227 99228 99240
99245 99246 99247 99263 99273 99291 99300 99302 99311 99331
99343 99348 99370 99389 99391 99410 99411 99421 99423 99425
99444 99448 99492 99509 99529 99551 99552 99561 99568 99572
99576 99596 99615 99622 99627 99647 99663 99664 99670 99678
99697 99702 99712 99715 99718 99719 99727 99731 99744 99754
99766 99767 99776 99779 99795 99806 99832 99840 99847 99857
99859 99877 99902 99906 99914 99915 99916 99919 99931 99951
99960 99966 99967 99969 99977 99983 99987 99998 100022 100062
100094 100109 100120 100122 100148 100164 100183 100193 100196 100197
100201 100207 100238 100251 100254 100263 100264 100273 100276 100283
100294 100302 100305 100308 100319 100320 100336 100346 100349 100355
100371 100422 100431 100433 100467 100480 100496 100498 100527 100540
100550 100554 100559 100563 100569 100587 100597 100619 100621 100628
100632 100643 100644 100653 100679 100691 100715 100722 100732 100748
100750 100760 100769 100779 100790 100792 100803 100807 100822 100824
100827 100851 100853 100870 100871 100875 100889 100891 100896 100910
100928 100934 100941 100957 100966 100992 100994 100999 101007 101009
101010 101032 101045 101048 101051 101057 101068 101101 101113 101114
101115 101119 101159 101179 101184 101196 101198 101212 101217 101227
101241 101249 101251 101254 101255 101265 101270 101273 101274 101275
101277 101281 101283 101298 101300 101305 101314 101315 101319 101330
101339 101340 101369 101370 101395 101429 101436 101444 101449 101455
101461 101473 101475 101476 101479 101503 101508 101513 101515 101518
101525 101540 101550 101560 101562 101563 101568 101576 101607 101611
101622 101623 101627 101645 101677 101681 101684 101687 101690 101704
101716 101719 101725 101735 101738 101739 101748 101756 101763 101774
101785 101788 101795 101801 101804 101808 101822 101823 101824 101827
101835 101840 101868 101909 101920 101927 101946 101953 101956 101959
101964 101972 102032 102034 102043 102063 102075 102084 102099 102102
102134 102145 102157 102161 102162 102170 102176 102191 102200 102232
102248 102262 102263 102265 102270 102274 102289 102297 102306 102308
102310 102314 102317 102334 102341 102350 102390 102397 102407 102425
102446 102466 102474 102483 102490 102496 102500 102507 102510 102520
102521 102529 102531 102544 102545 102548 102551 102556 102559 102560
102564 102576 102583 102603 102614 102617 102627 102628 102637 102651
102656 102658 102671 102704 102706 102707 102709 102720 102751 102759
102763 102765 102771 102778 102796 102816 102817 102831 102842 102858
102871 102877 102879 102881 102905 102909 102921 102932 102938 102944
102962 102975 102976 102995 103015 103058 103068 103070 103079 103095
103100 103108 103118 103126 103130 103131 103142 103148 103170 103174
103178 103183 103190 103204 103208 103219 103230 103232 103243 103245
103257 103268 103269 103275 103306 103309 103314 103315 103319 103334
103335 103336 103337 103340 103342 103345 103350 103356 103358 103360
103364 103373 103375 103377 103390 103393 103397 103401 103404 103405
103407 103421 103423 103443 103447 103458 103475 103482 103485 103486
103490 103491 103494 103515 103516 103517 103520 103522 103550 103569
103597 103603 103614 103619 103625 103629 103641 103654 103656 103659
103662 103666 103673 103679 103682 103693 103694 103698 103739 103768
103769 103790 103806 103822 103824 103860 103869 103896 103901 103904
103906 103909 103917 103929 103946 103953 103956 103960 103963 103964
103984 104021 104024 104027 104071 104102 104106 104108 104111 104116
104137 104166 104174 104175 104183 104185 104187 104198 104200 104206
104209 104210 104213 104218 104226 104231 104232 104235 104251 104268
104269 104276 104301 104316 104341 104350 104351 104359 104390 104410
104415 104419 104429 104437 104458 104464 104466 104488 104491 104498
104499 104508 104509 104518 104520 104523 104540 104541 104571 104579
104589 104591 104597 104609 104623 104632 104633 104634 104647 104648
104652 104679 104694 104704 104737 104790 104796 104808 104818 104828
104847 104860 104891 104902 104917 104919 104929 104936 104939 104981
104982 104983 104985 104986 104998 105005 105007 105013 105025 105030
105036 105038 105046 105051 105055 105061 105065 105067 105073 105078
105088 105089 105091 105093 105111 105152 105192 105199 105208 105210
105218 105241 105250 105251 105254 105268 105275 105276 105282 105284
105296 105300 105312 105316 105337 105350 105359 105364 105367 105372
105373 105375 105376 105380 105383 105432 105435 105440 105464 105485
105511 105512 105514 105524 105525 105533 105534 105535 105546 105552
105562 105566 105575 105579 105584 105592 105594 105626 105630 105644
105653 105695 105721 105729 105733 105739 105775 105786 105794 105796
105804 105810 105819 105862 105868 105872 105895 105915 105935 105945
105946 105951 105956 105959 105974 105979 105981 105983 106003 106043
106081 106082 106114 106116 106128 106136 106165 106204 106206 106211
106213 106217 106225 106236 106238 106250 106276 106277 106285 106287
106294 106311 106349 106370 106379 106389 106407 106411 106435 106437
106467 106474 106481 106483 106492 106495 106518 106528 106532 106540
106558 106559 106575 106576 106580 106604 106615 106625 106626 106627
106650 106652 106656 106663 106678 106680 106682 106685 106689 106692
106699 106718 106723 106727 106740 106751 106754 106764 106778 106779
106781 106829 106834 106841 106847 106857 106860 106881 106882 106886
106891 106894 106898 106902 106906 106907 106922 106948 106956 106996
107001 107002 107003 107028 107037 107048 107049 107073 107078 107085
107109 107112 107139 107145 107156 107161 107167 107176 107181 107183
107186 107202 107211 107214 107215 107227 107237 107239 107260 107276
107308 107311 107319 107323 107329 107332 107347 107348 107361 107362
107389 107397 107419 107432 107435 107439 107461 107471 107505 107508
107522 107566 107567 107573 107576 107600 107602 107603 107614 107652
107654 107657 107662 107666 107682 107683 107690 107702 107715 107729
107730 107742 107747 107759 107766 107781 107797 107827 107838 107840
107848 107855 107865 107903 107912 107915 107918 107921 107947 107954
107971 107982 107985 107993 107994 107996 108009 108012 108022 108065
108068 108077 108081 108087 108093 108102 108109 108136 108147 108153
108168 108172 108198 108207 108223 108232 108250 108257 108277 108278
108280 108283 108288 108289 108295 108314 108320 108334 108358 108396
108402 108407 108424 108435 108439 108462 108463 108464 108470 108474
108478 108526 108587 108601 108605 108610 108613 108618 108624 108627
108630 108645 108651 108653 108661 108673 108689 108699 108708 108729
108731 108736 108751 108756 108757 108767 108788 108798 108804 108815
108824 108826 108832 108845 108859 108870 108883 108901 108910 108921
108934 108938 108943 108949 108982 108989 108991 108992 109004 109008
109011 109021 109038 109056 109057 109061 109064 109066 109084 109087
109095 109100 109105 109118 109126 109148 109156 109161 109212 109214
109229 109230 109285 109290 109315 109332 109334 109349 109356 109364
109389 109393 109417 109421 109429 109431 109437 109439 109462 109463
109464 109485 109498 109511 109513 109540 109541 109543 109551 109578
109590 109593 109621 109634 109637 109638 109640 109649 109656 109661
109664 109667 109674 109678 109694 109705 109714 109723 109727 109730
109755 109784 109791 109795 109802 109819 109827 109864 109873 109886
109888 109895 109901 109923 109961 109963 109964 109976 109979 109981
109986 109993 110002 110003 110015 110022 110023 110028 110036 110039
110061 110092 110094 110101 110104 110110 110128 110138 110141 110158
110164 110175 110181 110184 110189 110190 110193 110219 110220 110229
110231 110239 110253 110256 110266 110272 110279 110301 110306 110309
110312 110321 110327 110360 110363 110371 110372 110376 110383 110396
110400 110401 110406 110413 110423 110437 110438 110443 110449 110459
110460 110466 110470 110496 110497 110501 110539 110544 110582 110586
110602 110612 110632 110634 110641 110661 110664 110666 110680 110681
110688 110700 110702 110723 110734 110738 110746 110750 110751 110774
110775 110781 110782 110801 110809 110812 110824 110832 110855 110865
110871 110891 110894 110898 110928 110932 110938 110951 111002 111010
111022 111034 111046 111057 111077 111086 111091 111101 111126 111138
111148 111177 111183 111207 111214 111249 111253 111254 111255 111276
111289 111328 111329 111330 111336 111353 111381 111382 111385 111403
111406 111426 111442 111448 111449 111454 111468 111469 111473 111477
111479 111480 111485 111524 111548 111552 111555 111560 111583 111593
111600 111607 111636 111640 111641 111667 111672 111677 111681 111685
111714 111720 111725 111738 111764 111772 111816 111820 111826 111835
111844 111851 111853 111859 111872 111885 111887 111914 111944 111945
111962 111963 111971 111981 112002 112013 112015 112016 112017 112028
112031 112041 112053 112061 112062 112081 112095 112114 112115 112118
112121 112137 112150 112156 112173 112185 112187 112188 112200 112206
112211 112214 112226 112240 112265 112268 112289 112306 112344 112345
112348 112349 112355 112363 112377 112381 112382 112385 112402 112409
112413 112420 112430 112442 112446 112454 112509 112516 112517 112547
112553 112570 112583 112595 112599 112641 112652 112656 112658 112661
112670 112673 112680 112684 112685 112710 112715 112717 112739 112749
112756 112775 112783 112792 112794 112796 112820 112828 112838 112839
112842 112886 112891 112933 112937 112941 112944 112945 112948 112955
112960 112982 112983 112987 112990 112993 112998 113012 113014 113016
113017 113028 113037 113042 113057 113065 113069 113084 113085 113096
113098 113100 113108 113114 113115 113118 113120 113122 113155 113166
113180 113181 113185 113200 113205 113219 113225 113229 113250 113261
113279 113295 113301 113306 113310 113312 113324 113331 113341 113349
113372 113374 113386 113388 113393 113416 113420 113468 113471 113478
113482 113495 113501 113502 113514 113517 113521 113532 113548 113550
113558 113562 113571 113592 113600 113606 113610 113611 113623 113626
113635 113653 113667 113670 113694 113721 113732 113739 113740 113754
113768 113780 113800 113804 113810 113813 113821 113831 113841 113878
113909 113930 113932 113942 113957 113974 113985 113996 113997 114004
114026 114032 114036 114064 114073 114079 114085 114087 114131 114139
114161 114176 114189 114194 114196 114215 114222 114238 114239 114240
114244 114246 114255 114267 114269 114274 114280 114283 114286 114288
114320 114333 114334 114357 114365 114389 114396 114403 114410 114414
114415 114420 114429 114431 114469 114484 114491 114492 114528 114536
114549 114575 114580 114582 114590 114621 114624 114644 114647 114673
114682 114683 114713 114717 114724 114730 114736 114742 114751 114757
114762 114764 114785 114800 114810 114833 114835 114837 114839 114842
114866 114884 114885 114887 114905 114917 114964 114983 114990 114999
115006 115018 115024 115027 115028 115029 115035 115042 115067 115069
115078 115085 115088 115089 115098 115107 115111 115118 115126 115133
115134 115146 115153 115157 115168 115172 115182 115196 115200 115214
115221 115224 115227 115234 115235 115242 115261 115263 115281 115285
115294 115311 115357 115378 115379 115391 115392 115397 115405 115412
115413 115417 115419 115430 115435 115444 115455 115483 115519 115541
115551 115562 115565 115572 115578 115580 115584 115592 115599 115604
115605 115609 115612 115622 115651 115667 115669 115676 115680 115681
115685 115688 115722 115735 115739 115776 115786 115789 115799 115803
115811 115835 115842 115852 115869 115870 115871 115880 115890 115895
115919 115923 115929 115940 115943 115946 115947 115952 115968 115974
115979 115982 115989 115992 116002 116004 116008 116011 116017 116024
116037 116039 116049 116054 116055 116109 116119 116141 116142 116147
116152 116160 116173 116176 116202 116203 116218 116223 116231 116237
116238 116241 116242 116252 116255 116262 116270 116285 116299 116300
116306 116310 116316 116331 116333 116338 116340 116356 116370 116375
116387 116389 116394 116399 116403 116404 116419 116423 116443 116449
116452 116454 116478 116479 116482 116483 116486 116502 116514 116516
116537 116540 116541 116542 116556 116557 116560 116566 116572 116620
116623 116640 116661 116674 116688 116696 116700 116702 116704 116726
116728 116735 116744 116751 116793 116799 116831 116836 116857 116858
116876 116892 116895 116900 116904 116907 116909 116918 116920 116924
116927 116933 116935 116936 116947 116983 117047 117065 117083 117089
117115 117129 117147 117192 117197 117201 117211 117221 117228 117229
117253 117256 117258 117266 117287 117296 117302 117315 117322 117347
117353 117358 117366 117368 117382 117415 117419 117456 117463 117466
117484 117513 117520 117528 117557 117587 117588 117591 117604 117608
117613 117629 117630 117650 117653 117665 117684 117689 117708 117713
117715 117718 117722 117726 117733 117740 117750 117770 117773 117776
117805 117810 117817 117818 117832 117833 117837 117852 117908 117912
117915 117920 117929 117936 117939 117958 117970 117976 117995 118029
118039 118062 118070 118073 118087 118089 118105 118115 118145 118151
118173 118203 118215 118252 118259 118260 118267 118269 118279 118289
118290 118291 118295 118302 118305 118312 118313 118323 118340 118354
118357 118360 118365 118374 118402 118412 118432 118436 118449 118451
118457 118462 118463 118472 118484 118485 118488 118493 118496 118514
118517 118558 118565 118569 118574 118578 118580 118613 118634 118636
118642 118650 118664 118688 118690 118712 118723 118732 118740 118746
118751 118752 118758 118759 118765 118773 118788 118793 118794 118805
118808 118809 118816 118818 118821 118822 118832 118850 118852 118875
118877 118879 118888 118907 118911 118914 118920 118931 118960 118962
118974 118977 118994 119001 119034 119035 119036 119053 119075 119099
119108 119127 119131 119138 119139 119143 119151 119161 119162 119170
119171 119195 119202 119216 119225 119229 119230 119250 119254 119277
119295 119302 119316 119346 119350 119351 119353 119355 119374 119379
119383 119394 119397 119410 119420 119440 119466 119477 119480 119485
119486 119492 119495 119510 119511 119517 119530 119533 119548 119550
119553 119574 119586 119598 119603 119606 119621 119623 119626 119668
119676 119677 119701 119720 119725 119726 119741 119744 119751 119754
119761 119768 119772 119808 119812 119835 119852 119858 119873 119882
119884 119894 119907 119926 119927 119940 119950 119963 119968 119998
120003 120017 120034 120038 120050 120073 120090 120107 120120 120139
120141 120147 120152 120154 120173 120186 120190 120220 120227 120230
120237 120238 120275 120281 120284 120290 120299 120306 120312 120327
120328 120341 120344 120350 120356 120378 120406 120434 120443 120450
120452 120464 120466 120472 120473 120481 120503 120534 120537 120547
120551 120552 120563 120568 120570 120583 120584 120585 120598 120624
120632 120666 120669 120695 120700 120711 120732 120733 120738 120743
120762 120770 120771 120775 120779 120787 120791 120798 120800 120825
120833 120834 120856 120857 120858 120861 120863 120872 120874 120876
120883 120893 120926 120938 120946 120949 120955 120960 120972 120974
120979 120990 121004 121015 121019 121020 121022 121030 121041 121043
121049 121061 121074 121081 121136 121143 121148 121151 121155 121158
121169 121173 121183 121187 121191 121196 121198 121209 121219 121221
121227 121231 121244 121252 121260 121268 121269 121273 121277 121286
121288 121305 121323 121337 121342 121343 121347 121352 121359 121364
121367 121372 121383 121385 121406 121433 121446 121488 121494 121501
121508 121522 121527 121529 121532 121537 121570 121577 121587 121589
121593 121600 121603 121606 121618 121631 121635 121647 121648 121660
121661 121677 121687 121691 121696 121701 121707 121711 121717 121723
121739 121741 121744 121749 121756 121764 121772 121780 121796 121801
121815 121828 121830 121841 121842 121855 121867 121871 121895 121897
121905 121915 121926 121938 121967 121985 121987 121990 121995 122000
122002 122006 122015 122020 122050 122053 122057 122085 122106 122111
122113 122114 122122 122130 122174 122195 122197 122198 122217 122229
122236 122241 122254 122257 122267 122280 122300 122307 122313 122314
122316 122328 122335 122336 122355 122373 122375 122387 122400 122406
122408 122434 122437 122446 122468 122471 122476 122486 122490 122499
122509 122549 122561 122574 122606 122619 122634 122643 122649 122671
122684 122702 122703 122708 122710 122712 122721 122730 122732 122733
122736 122743 122762 122775 122776 122796 122804 122805 122809 122813
122825 122828 122835 122851 122855 122864 122889 122907 122917 122949
122953 122959 122972 122974 122978 122980 122982 122998 123004 123006
123013 123014 123031 123035 123040 123044 123062 123069 123073 123082
123099 123100 123107 123130 123132 123147 123149 123153 123172 123183
123186 123189 123212 123231 123266 123280 123296 123315 123335 123337
123345 123370 123371 123376 123382 123386 123388 123395 123400 123401
123411 123448 123488 123531 123543 123544 123560 123563 123575 123576
123579 123613 123614 123619 123622 123623 123633 123635 123641 123652
123662 123677 123679 123700 123710 123724 123748 123751 123777 123791
123817 123823 123831 123832 123834 123850 123854 123879 123886 123911
123923 123935 123937 123948 123950 123951 123961 123972 124012 124013
124018 124040 124069 124070 124073 124106 124107 124125 124133 124146
124155 124169 124189 124191 124192 124199 124208 124221 124227 124230
124241 124244 124287 124292 124335 124336 124343 124374 124385 124394
124409 124412 124423 124427 124432 124449 124454 124456 124468 124471
124473 124475 124482 124509 124511 124515 124519 124528 124546 124554
124556 124564 124576 124578 124604 124616 124620 124633 124640 124656
124661 124673 124674 124679 124680 124687 124703 124742 124769 124793
124801 124834 124857 124868 124873 124876 124891 124894 124900 124903
124904 124912 124915 124943 124990 125008 125014 125017 125018 125032
125034 125036 125054 125058 125061 125062 125071 125084 125120 125127
125130 125136 125146 125159 125164 125170 125188 125206 125219 125223
125241 125244 125285 125288 125290 125313 125339 125351 125358 125366
125384 125386 125403 125404 125406 125414 125420 125428 125457 125462
125487 125514 125515 125525 125535 125537 125540 125562 125567 125568
125569 125587 125608 125618 125650 125656 125668 125673 125689 125708
125722 125726 125732 125757 125761 125769 125787 125795 125796 125798
125799 125809 125821 125876 125886 125917 125919 125924 125936 125938
125941 125944 125956 125958 125966 125974 125983 125993 125994 126008
126012 126020 126048 126053 126095 126108 126121 126122 126131 126157
126170 126175 126178 126198 126229 126236 126239 126263 126266 126267
126269 126293 126300 126306 126307 126314 126341 126347 126370 126392
126398 126401 126414 126424 126427 126428 126436 126449 126461 126491
126492 126509 126523 126561 126569 126570 126576 126578 126621 126629
126643 126646 126650 126654 126656 126674 126679 126686 126687 126689
126694 126701 126704 126707 126715 126720 126726 126757 126765 126770
126779 126785 126786 126795 126802 126815 126827 126845 126847 126861
126896 126916 126919 126949 126959 126984 126997 127020 127021 127034
127060 127079 127080 127093 127094 127101 127109 127132 127145 127167
127179 127188 127192 127193 127208 127236 127255 127270 127271 127272
127285 127302 127309 127321 127322 127327 127329 127343 127352 127358
127368 127373 127374 127389 127411 127413 127423 127438 127446 127450
127453 127456 127457 127478 127484 127485 127490 127492 127510 127518
127531 127537 127548 127560 127564 127565 127568 127570 127573 127592
127599 127600 127604 127608 127619 127628 127638 127658 127687 127696
127698 127713 127714 127719 127721 127723 127743 127752 127774 127794
127833 127846 127851 127862 127864 127869 127873 127897 127899 127909
127924 127952 127968 128040 128058 128065 128067 128073 128074 128078
128090 128100 128103 128105 128111 128125 128131 128133 128143 128148
128150 128152 128158 128165 128168 128171 128172 128179 128185 128188
128200 128203 128207 128218 128222 128261 128273 128295 128302 128315
128316 128356 128359 128362 128363 128371 128384 128396 128397 128402
128403 128409 128422 128427 128428 128430 128434 128444 128452 128505
128526 128531 128532 128539 128540 128550 128563 128572 128574 128580
128615 128616 128619 128631 128638 128645 128651 128665 128671 128681
128693 128699 128713 128727 128728 128731 128732 128741 128774 128780
128798 128806 128823 128842 128847 128862 128886 128894 128912 128917
128920 128923 128936 128956 128958 128961 128968 128982 128987 129003
129008 129010 129020 129021 129040 129041 129061 129071 129078 129079
129089 129092 129103 129108 129119 129121 129122 129126 129129 129143
129169 129173 129178 129199 129204 129218 129224 129229 129232 129233
129241 129248 129254 129256 129257 129274 129278 129286 129292 129304
129313 129317 129336 129337 129339 129342 129351 129360 129367 129387
129409 129413 129415 129416 129417 129429 129464 129465 129472 129486
129490 129521 129523 129552 129557 129565 129576 129588 129599 129613
129614 129643 129652 129658 129692 129706 129709 129717 129718 129719
129727 129730 129739 129765 129770 129782 129785 129791 129818 129840
129856 129878 129879 129880 129885 129898 129900 129920 129929 129931
129939 129944 129947 129952 129955 129956 129967 129976 130001 130012
130016 130037 130050 130062 130081 130083 130089 130091 130094 130097
130110 130129 130153 130158 130173 130181 130186 130197 130199 130209
130215 130223 130227 130228 130247 130251 130257 130261 130271 130274
130286 130291 130311 130312 130313 130314 130319 130323 130329 130332
130365 130367 130368 130377 130384 130399 130411 130430 130443 130450
130462 130475 130497 130511 130523 130542 130546 130551 130555 130562
130573 130590 130591 130603 130613 130620 130636 130643 130657 130675
130678 130685 130689 130691 130701 130704 130708 130714 130731 130741
130745 130757 130761 130763 130769 130772 130777 130784 130819 130822
130829 130834 130850 130856 130857 130859 130860 130861 130865 130870
130871 130874 130883 130889 130911 130920 130931 130934 130937 130951
130958 130987 130988 130991 130993 131002 131014 131020 131038 131058
131059 131063 131067 131069 131079 131097 131116 131122 131137 131139
131142 131147 131156 131162 131184 131193 131206 131230 131240 131245
131247 131251 131261 131267 131272 131302 131308 131318 131326 131338
131361 131367 131369 131377 131380 131414 131421 131428 131429 131440
131459 131472 131494 131504 131522 131550 131566 131580 131584 131595
131597 131601 131603 131609 131611 131613 131638 131644 131650 131651
131686 131697 131702 131722 131753 131759 131762 131773 131785 131786
131794 131817 131833 131839 131841 131848 131889 131890 131894 131895
131904 131908 131913 131938 131939 131941 131974 131977 131985 131990
132010 132013 132019 132033 132053 132055 132067 132068 132096 132101
132106 132109 132110 132115 132128 132147 132149 132153 132160 132164
132166 132170 132174 132175 132180 132195 132197 132201 132202 132219
132220 132268 132270 132276 132277 132296 132305 132311 132329 132338
132342 132353 132408 132436 132444 132451 132452 132472 132482 132483
132486 132495 132500 132501 132505 132509 132514 132524 132561 132562
132574 132580 132585 132587 132593 132613 132615 132617 132631 132632
132633 132645 132661 132663 132674 132678 132684 132694 132695 132699
132713 132722 132736 132738 132761 132770 132772 132783 132785 132792
132798 132808 132820 132837 132838 132861 132871 132890 132914 132920
132922 132931 132955 132979 132981 132997 133010 133020 133028 133035
133061 133062 133090 133094 133103 133109 133111 133114 133132 133135
133137 133144 133145 133147 133153 133156 133158 133224 133229 133239
133266 133271 133278 133290 133296 133309 133311 133352 133376 133381
133386 133393 133399 133410 133437 133442 133456 133463 133464 133468
133476 133480 133481 133504 133547 133569 133572 133581 133589 133594
133612 133613 133630 133644 133649 133665 133675 133681 133687 133695
133701 133743 133750 133752 133759 133773 133777 133797 133807 133810
133821 133823 133836 133846 133847 133848 133856 133862 133866 133877
133904 133909 133910 133912 133942 133945 133946 133947 133968 133973
133974 133983 133985 133997 134002 134007 134014 134016 134024 134054
134063 134083 134088 134133 134155 134167 134186 134190 134204 134215
134216 134222 134238 134258 134277 134283 134287 134289 134307 134329
134356 134360 134373 134376 134381 134382 134391 134400 134405 134416
134452 134459 134462 134487 134496 134497 134498 134500 134512 134513
134514 134535 134536 134537 134539 134544 134545 134557 134571 134580
134581 134588 134600 134604 134607 134615 134623 134632 134635 134643
134649 134651 134658 134669 134682 134706 134713 134735 134744 134753
134771 134772 134773 134775 134801 134822 134829 134835 134847 134848
134852 134858 134859 134864 134882 134885 134892 134902 134904 134905
134911 134919 134922 134924 134933 134936 134942 134951 134952 134958
134978 134993 134996 135012 135013 135018 135020 135024 135025 135032
135034 135058 135059 135062 135068 135070 135072 135084 135102 135117
135118 135136 135137 135154 135157 135165 135174 135181 135185 135186
135197 135199 135200 135208 135209 135212 135215 135224 135226 135262
135266 135279 135281 135298 135305 135343 135350 135351 135362 135380
135389 135401 135413 135416 135423 135429 135432 135465 135475 135502
135503 135511 135515 135527 135528 135533 135535 135561 135566 135572
135576 135579 135607 135620 135625 135643 135649 135685 135695 135701
135740 135747 135773 135778 135795 135835 135848 135855 135870 135877
135883 135886 135890 135906 135907 135917 135940 135948 135949 135958
135960 135961 135969 135980 135981 135985 135991 135996 136024 136043
136090 136093 136094 136097 136110 136111 136125 136133 136136 136138
136144 136168 136175 136181 136185 136207 136208 136218 136226 136233
136242 136250 136264 136268 136271 136291 136295 136321 136336 136351
136357 136386 136401 136413 136417 136446 136450 136457 136466 136469
136484 136493 136494 136512 136535 136536 136556 136569 136576 136583
136584 136585 136599 136631 136639 136642 136649 136652 136659 136669
136670 136680 136687 136704 136711 136719 136727 136765 136771 136782
136795 136818 136823 136855 136872 136879 136881 136883 136901 136906
136908 136917 136936 136937 136950 136952 136954 136956 136960 136979
136980 136988 136991 137003 137007 137014 137015 137028 137037 137087
137100 137106 137115 137136 137144 137160 137171 137185 137241 137255
137267 137278 137287 137295 137296 137297 137314 137326 137335 137336
137356 137362 137365 137374 137377 137386 137395 137401 137404 137411
137427 137434 137449 137458 137464 137468 137469 137479 137480 137481
137483 137490 137491 137494 137497 137502 137509 137515 137531 137535
137538 137540 137559 137572 137581 137591 137593 137601 137633 137634
137643 137668 137675 137700 137709 137724 137727 137737 137741 137742
137763 137764 137773 137776 137794 137796 137804 137809 137811 137824
137830 137837 137838 137844 137847 137855 137869 137872 137879 137884
137892 137896 137899 137944 137945 137947 137954 137966 137989 137990
138000 138011 138022 138031 138035 138039 138048 138050 138054 138060
138066 138067 138070 138075 138083 138093 138097 138104 138110 138129
138137 138142 138147 138150 138155 138166 138168 138176 138191 138212
138216 138222 138236 138246 138249 138257 138259 138293 138295 138296
138309 138311 138316 138324 138346 138353 138379 138387 138398 138401
138435 138439 138453 138483 138484 138526 138548 138549 138551 138564
138584 138625 138629 138632 138637 138641 138665 138695 138704 138709
138724 138743 138745 138756 138789 138797 138811 138814 138821 138830
138845 138848 138857 138870 138878 138880 138890 138900 138909 138918
138929 138930 138931 138936 138956 138970 138974 138990 138996 139000
139005 139008 139031 139054 139063 139072 139085 139094 139128 139129
139132 139136 139137 139166 139167 139174 139179 139181 139188 139200
139203 139204 139206 139209 139213 139218 139244 139265 139270 139293
139311 139342 139362 139371 139380 139402 139404 139408 139416 139427
139430 139437 139442 139443 139454 139460 139478 139480 139490 139507
139513 139519 139523 139530 139536 139560 139563 139576 139581 139586
139588 139594 139603 139685 139688 139693 139695 139700 139710 139711
139722 139726 139766 139771 139788 139812 139815 139823 139846 139851
139858 139864 139867 139886 139896 139921 139923 139935 139988 140012
140038 140050 140054 140064 140088 140106 140118 140121 140133 140142
140147 140157 140180 140192 140195 140197 140199 140215 140218 140225
140244 140246 140263 140291 140292 140294 140314 140330 140331 140334
140364 140367 140378 140387 140401 140403 140412 140415 140431 140445
140482 140485 140489 140500 140508 140517 140526 140531 140536 140541
140551 140555 140558 140565 140568 140579 140607 140624 140639 140648
140676 140681 140700 140713 140720 140725 140746 140748 140764 140765
140769 140770 140771 140774 140794 140800 140821 140826 140827 140841
140872 140879 140885 140894 140898 140900 140917 140933 140942 140946
140975 140998 141016 141071 141100 141116 141153 141179 141181 141186
141188 141210 141215 141219 141222 141232 141233 141240 141241 141244
141248 141259 141270 141272 141276 141278 141280 141284 141294 141295
141297 141299 141303 141304 141312 141330 141337 141343 141363 141366
141397 141408 141423 141438 141439 141463 141484 141485 141487 141491
141504 141517 141522 141529 141537 141541 141545 141549 141556 141563
141564 141589 141592 141611 141648 141678 141684 141691 141712 141726
141730 141746 141751 141754 141759 141784 141796 141798 141803 141813
141822 141823 141829 141847 141903 141908 141911 141935 141942 141953
141956 141970 141989 141999 142000 142012 142019 142021 142022 142025
142033 142043 142047 142051 142059 142062 142063 142084 142086 142089
142092 142099 142101 142116 142123 142128 142133 142138 142147 142162
142180 142206 142209 142226 142240 142242 142244 142256 142258 142270
142279 142290 142303 142320 142335 142336 142342 142343 142354 142367
142369 142373 142378 142403 142404 142412 142417 142419 142426 142443
142444 142447 142472 142473 142486 142495 142532 142546 142547 142617
142618 142621 142624 142636 142641 142642 142648 142653 142654 142660
142666 142687 142692 142693 142695 142707 142718 142721 142728 142735
142745 142752 142768 142806 142816 142856 142865 142872 142883 142886
142888 142889 142896 142945 142961 142967 142977 143004 143010 143018
143025 143028 143035 143036 143038 143040 143044 143049 143052 143085
143086 143093 143104 143106 143107 143113 143146 143179 143195 143197
143206 143213 143264 143285 143305 143325 143328 143329 143339 143341
143342 143351 143361 143368 143370 143411 143466 143478 143494 143508
143512 143527 143539 143543 143571 143598 143614 143615 143639 143644
143649 143665 143667 143670 143671 143681 143684 143695 143698 143705
143709 143719 143740 143742 143754 143761 143766 143808 143811 143812
143818 143829 143837 143856 143872 143890 143900 143906 143909 143930
143939 143945 143965 143969 143989 143993 143994 143995 144014 144015
144023 144035 144046 144052 144067 144121 144133 144154 144155 144163
144167 144183 144190 144191 144194 144214 144215 144218 144262 144264
144271 144304 144309 144311 144320 144365 144372 144384 144387 144393
144404 144414 144421 144424 144431 144449 144454 144464 144498 144512
144524 144535 144540 144566 144579 144580 144592 144624 144634 144641
144649 144655 144656 144661 144662 144685 144691 144709 144737 144741
144767 144769 144780 144781 144783 144785 144789 144806 144821 144826
144850 144851 144884 144888 144895 144906 144924 144925 144930 144966
144976 144994 145001 145006 145020 145024 145043 145060 145072 145076
145081 145098 145105 145106 145124 145142 145146 145154 145162 145177
145181 145182 145183 145209 145217 145232 145235 145236 145237 145251
145265 145275 145289 145293 145302 145313 145322 145330 145331 145341
145347 145356 145358 145360 145364 145376 145386 145387 145389 145395
145422 145436 145451 145454 145463 145466 145486 145494 145502 145508
145527 145541 145549 145557 145559 145569 145573 145575 145593 145596
145605 145606 145637 145638 145651 145657 145658 145660 145663 145677
145678 145692 145695 145712 145717 145720 145721 145731 145733 145764
145765 145767 145780 145809 145810 145811 145815 145818 145820 145824
145845 145867 145877 145879 145881 145887 145892 145913 145919 145924
145938 145942 145951 145966 145970 145974 145981 145983 145992 145997
146000 146008 146017 146024 146025 146026 146032 146044 146049 146062
146067 146083 146099 146104 146115 146137 146139 146142 146143 146151
146175 146176 146178 146194 146209 146210 146221 146242 146245 146247
146262 146266 146285 146316 146322 146336 146352 146361 146401 146409
146416 146441 146448 146453 146464 146465 146480 146483 146495 146507
146513 146538 146555 146556 146568 146571 146573 146576 146587 146602
146606 146610 146621 146623 146633 146640 146650 146670 146671 146680
146687 146693 146699 146715 146717 146722 146732 146756 146757 146765
146767 146780 146781 146812 146813 146857 146859 146860 146867 146895
146917 146928 146931 146939 146940 146944 146958 146981 146993 146994
146996 147000 147002 147012 147019 147025 147027 147030 147042 147057
147058 147061 147067 147079 147085 147101 147122 147125 147139 147152
147162 147181 147198 147202 147206 147209 147216 147226 147261 147275
147286 147310 147337 147360 147361 147362 147366 147379 147420 147422
147446 147498 147513 147514 147518 147519 147538 147553 147559 147564
147596 147619 147627 147649 147652 147693 147702 147744 147749 147752
147781 147782 147783 147795 147801 147803 147827 147829 147833 147834
147835 147852 147873 147894 147915 147925 147929 147932 147933 147962
147967 147973 147991 147997 148013 148017 148024 148025 148034 148035
148048 148051 148069 148076 148086 148092 148095 148100 148105 148106
148131 148152 148154 148156 148162 148184 148188 148193 148195 148205
148206 148211 148214 148250 148252 148265 148283 148308 148310 148333
148337 148340 148342 148354 148368 148378 148405 148409 148414 148417
148447 148449 148452 148478 148496 148497 148499 148517 148520 148559
148565 148566 148569 148570 148576 148589 148591 148592 148594 148620
148624 148635 148643 148648 148657 148663 148664 148666 148684 148688
148698 148708 148711 148732 148739 148745 148753 148769 148776 148778
148785 148787 148792 148795 148800 148816 148820 148826 148834 148841
148852 148855 148868 148872 148879 148905 148906 148913 148924 148930
148934 148951 148976 148995 149000 149014 149039 149067 149075 149078
149088 149092 149101 149111 149113 149155 149157 149205 149209 149230
149232 149241 149246 149247 149281 149282 149293 149311 149328 149333
149351 149356 149376 149390 149394 149401 149416 149421 149430 149433
149439 149444 149456 149468 149473 149490 149495 149505 149510 149525
149536 149537 149539 149541 149551 149555 149575 149584 149585 149606
149607 149627 149646 149650 149657 149659 149660 149670 149674 149703
149709 149710 149711 149724 149726 149744 149745 149756 149779 149789
149798 149815 149817 149823 149824 149828 149848 149851 149865 149876
149882 149886 149920 149933 149943 149950 149973 149998 150006 150016
150025 150030 150040 150042 150049 150053 150063 150087 150090 150091
150097 150130 150131 150137 150141 150160 150169 150171 150181 150194
150197 150210 150218 150219 150220 150236 150257 150262 150275 150276
150282 150285 150305 150307 150327 150334 150338 150342 150355 150357
150361 150373 150380 150382 150391 150418 150421 150423 150426 150443
150460 150461 150463 150469 150470 150492 150501 150506 150518 150520
150522 150529 150544 150546 150555 150578 150606 150614 150624 150638
150643 150657 150664 150667 150676 150686 150710 150711 150740 150744
150747 150765 150772 150775 150776 150796 150802 150807 150808 150818
150825 150846 150868 150871 150872 150884 150895 150910 150911 150926
150929 150938 150940 150957 150958 150984 150996 151002 151006 151024
151034 151036 151046 151059 151060 151070 151091 151113 151120 151154
151160 151168 151178 151185 151214 151219 151229 151232 151239 151255
151266 151277 151280 151286 151291 151302 151333 151369 151372 151384
151385 151387 151409 151411 151414 151419 151442 151447 151460 151471
151478 151484 151499 151502 151503 151509 151510 151529 151541 151555
151557 151559 151577 151579 151589 151615 151621 151628 151636 151641
151646 151664 151669 151687 151694 151711 151748 151749 151750 151755
151759 151761 151766 151780 151794 151800 151803 151823 151837 151848
151849 151851 151860 151863 151867 151881 151897 151903 151904 151925
151956 151958 151961 151965 151978 151992 152017 152024 152026 152027
152029 152038 152050 152059 152073 152086 152091 152096 152097 152102
152107 152109 152111 152123 152130 152142 152144 152146 152149 152159
152160 152165 152167 152195 152197 152209 152216 152223 152224 152229
152240 152248 152249 152266 152269 152280 152283 152302 152313 152323
152331 152334 152363 152371 152373 152391 152405 152406 152407 152410
152435 152444 152465 152484 152486 152487 152488 152510 152519 152532
152546 152562 152564 152571 152572 152580 152587 152597 152600 152621
152657 152658 152683 152695 152697 152734 152743 152744 152746 152754
152764 152767 152778 152805 152809 152812 152814 152820 152829 152834
152848 152854 152872 152888 152890 152893 152908 152916 152919 152934
152935 152938 152947 152969 153035 153045 153047 153049 153051 153057
153078 153084 153088 153090 153099 153102 153103 153108 153115 153130
153131 153149 153159 153172 153190 153201 153210 153214 153224 153228
153249 153252 153255 153257 153267 153276 153281 153295 153296 153332
153342 153347 153350 153358 153371 153401 153409 153410 153415 153450
153452 153455 153459 153475 153485 153500 153503 153505 153510 153518
153528 153551 153577 153585 153601 153614 153628 153635 153643 153649
153650 153656 153658 153659 153678 153687 153694 153706 153709 153713
153738 153742 153749 153770 153777 153781 153784 153798 153803 153825
153829 153837 153880 153883 153907 153916 153935 153942 153955 153958
153965 153983 153990 154000 154029 154037 154043 154052 154054 154065
154069 154070 154074 154075 154085 154089 154093 154094 154102 154111
154117 154119 154122 154138 154141 154161 154162 154184 154197 154223
154244 154245 154263 154273 154275 154282 154308 154313 154315 154330
154337 154346 154347 154348 154351 154358 154362 154364 154369 154383
154399 154404 154412 154446 154464 154513 154533 154534 154545 154566
154574 154577 154600 154601 154613 154615 154631 154644 154648 154660
154664 154666 154670 154672 154705 154708 154746 154754 154757 154777
154778 154793 154801 154803 154817 154836 154841 154859 154867 154879
154888 154889 154900 154911 154919 154920 154927 154928 154955 154956
154994 155012 155017 155023 155037 155046 155070 155071 155085 155087
155101 155110 155117 155123 155127 155134 155136 155137 155147 155169
155177 155178 155193 155197 155207 155211 155219 155223 155227 155232
155265 155287 155292 155298 155311 155321 155344 155349 155369 155383
155388 155395 155397 155409 155413 155414 155420 155428 155436 155447
155453 155456 155463 155464 155480 155487 155488 155489 155495 155502
155503 155510 155539 155556 155569 155576 155581 155589 155597 155626
155628 155660 155667 155715 155730 155735 155750 155774 155796 155801
155807 155810 155812 155813 155822 155847 155874 155893 155896 155903
155904 155906 155925 155931 155932 155934 155937 155946 155950 155954
155955 155956 155989 156016 156020 156038 156041 156047 156048 156086
156092 156100 156101 156106 156107 156109 156110 156113 156115 156128
156148 156153 156160 156174 156192 156216 156233 156248 156253 156263
156267 156311 156320 156326 156333 156339 156343 156354 156360 156380
156385 156392 156410 156416 156418 156427 156429 156449 156452 156490
156495 156503 156505 156514 156518 156520 156523 156537 156551 156556
156587 156588 156594 156598 156600 156613 156624 156636 156637 156648
156649 156651 156656 156665 156669 156706 156713 156721 156726 156738
156741 156768 156772 156775 156792 156801 156822 156828 156840 156880
156885 156930 156931 156973 156978 156985 156989 157027 157054 157080
157082 157099 157106 157112 157120 157126 157128 157142 157151 157172
157173 157174 157183 157200 157216 157218 157223 157226 157245 157251
157273 157278 157292 157304 157313 157318 157338 157339 157350 157360
157376 157384 157386 157396 157400 157424 157458 157465 157488 157497
157500 157508 157510 157512 157514 157516 157528 157543 157547 157549
157552 157554 157559 157582 157584 157585 157596 157602 157606 157611
157612 157615 157625 157642 157648 157653 157669 157698 157723 157738
157743 157749 157768 157775 157791 157792 157802 157812 157815 157816
157824 157838 157849 157854 157861 157901 157902 157909 157923 157927
157942 157948 157957 157975 157996 158013 158016 158031 158034 158049
158055 158068 158077 158126 158127 158128 158129 158135 158148 158155
158157 158161 158178 158193 158204 158211 158215 158242 158243 158272
158276 158285 158291 158299 158303 158304 158321 158328 158332 158337
158369 158374 158375 158378 158383 158398 158405 158407 158412 158413
158416 158427 158438 158442 158453 158456 158462 158466 158470 158480
158483 158486 158505 158512 158516 158520 158531 158544 158574 158605
158606 158620 158621 158640 158650 158659 158664 158679 158682 158684
158686 158690 158691 158715 158720 158723 158738 158753 158756 158765
158770 158774 158782 158799 158801 158803 158805 158812 158815 158844
158851 158872 158910 158911 158929 158932 158940 158950 158965 158969
158978 158979 158986 158989 159009 159010 159012 159033 159043 159045
159067 159077 159084 159097 159105 159107 159110 159125 159126 159127
159140 159164 159174 159179 159185 159195 159201 159202 159211 159213
159220 159224 159233 159261 159268 159279 159290 159294 159334 159343
159359 159361 159385 159386 159392 159398 159402 159404 159406 159407
159408 159410 159420 159429 159434 159453 159463 159470 159473 159480
159489 159499 159500 159506 159507 159509 159525 159534 159536 159542
159561 159566 159587 159606 159615 159616 159626 159635 159645 159654
159658 159671 159674 159683 159695 159697 159707 159712 159716 159720
159735 159743 159761 159770 159779 159795 159802 159812 159819 159840
159849 159872 159874 159892 159906 159922 159931 159938 159947 159950
159960 159965 159982 159984 159995 160015 160018 160023 160028 160035
160059 160060 160083 160108 160117 160132 160133 160139 160157 160170
160183 160188 160209 160230 160232 160239 160242 160257 160266 160283
160298 160311 160315 160358 160363 160367 160370 160410 160424 160432
160440 160483 160484 160486 160523 160528 160540 160548 160566 160572
160586 160599 160604 160605 160610 160615 160620 160640 160664 160668
160693 160697 160703 160733 160741 160750 160759 160761 160763 160775
160781 160785 160787 160792 160794 160849 160859 160867 160870 160874
160899 160901 160917 160923 160924 160926 160927 160931 160986 160999
161039 161043 161066 161079 161085 161088 161095 161101 161104 161110
161111 161136 161161 161188 161189 161191 161209 161248 161259 161271
161286 161314 161320 161321 161323 161327 161332 161335 161353 161364
161373 161374 161376 161392 161393 161394 161398 161399 161405 161417
161432 161433 161461 161475 161476 161494 161499 161500 161521 161531
161532 161533 161557 161560 161569 161585 161592 161597 161599 161610
161615 161616 161619 161633 161635 161644 161654 161655 161661 161684
161696 161730 161732 161734 161739 161752 161757 161763 161768 161771
161773 161787 161809 161818 161822 161826 161835 161839 161840 161846
161859 161868 161872 161940 161941 161955 161959 161965 161972 161993
162010 162011 162018 162030 162045 162052 162061 162072 162080 162088
162108 162126 162130 162133 162134 162139 162165 162169 162186 162188
162211 162215 162223 162225 162230 162233 162236 162251 162259 162274
162275 162282 162285 162299 162311 162312 162330 162335 162360 162366
162370 162375 162377 162381 162395 162408 162409 162413 162416 162423
162424 162433 162458 162461 162486 162493 162494 162496 162511 162519
162521 162524 162526 162550 162554 162570 162576 162578 162583 162588
162593 162608 162630 162640 162641 162649 162654 162669 162672 162675
162676 162678 162682 162683 162686 162695 162703 162720 162724 162752
162753 162767 162788 162790 162801 162817 162827 162847 162853 162857
162861 162873 162879 162884 162909 162911 162915 162945 162984 162985
163000 163018 163026 163029 163031 163049 163058 163074 163075 163082
163083 163106 163111 163135 163142 163149 163152 163163 163190 163192
163201 163208 163223 163224 163227 163238 163243 163251 163261 163263
163265 163273 163287 163296 163303 163305 163312 163315 163347 163362
163382 163389 163394 163408 163411 163436 163462 163467 163482 163486
163492 163497 163501 163502 163528 163531 163542 163553 163574 163596
163599 163645 163707 163710 163713 163719 163727 163737 163747 163755
163762 163767 163777 163821 163823 163825 163837 163845 163847 163871
163926 163930 163939 163941 163952 163957 163959 163973 163981 164011
164024 164025 164026 164037 164046 164048 164055 164060 164067 164102
164107 164116 164124 164129 164135 164145 164161 164167 164169 164177
164196 164220 164221 164228 164232 164241 164254 164256 164266 164276
164290 164293 164295 164304 164316 164326 164334 164336 164339 164360
164376 164379 164416 164417 164427 164430 164433 164435 164448 164454
164457 164466 164481 164494 164503 164509 164516 164528 164536 164553
164555 164557 164578 164602 164611 164639 164646 164687 164690 164702
164721 164734 164738 164753 164772 164780 164792 164802 164818 164825
164828 164834 164851 164854 164863 164871 164880 164883 164902 164911
164925 164928 164936 164955 164958 164983 164986 164987 164990 165048
165068 165072 165076 165079 165091 165097 165110 165113 165118 165127
165133 165136 165141 165145 165150 165166 165208 165213 165216 165256
165266 165268 165295 165298 165299 165321 165344 165345 165365 165392
165394 165422 165426 165432 165435 165492 165502 165505 165516 165519
165530 165554 165557 165567 165572 165575 165582 165599 165609 165613
165622 165624 165635 165636 165644 165668 165674 165706 165713 165733
165735 165744 165751 165755 165758 165766 165774 165785 165797 165817
165825 165828 165837 165843 165845 165847 165850 165851 165861 165876
165885 165931 165936 165945 165946 165950 165979 165985 165988 165989
165992 165997 166000 166006 166025 166034 166036 166051 166062 166066
166081 166092 166101 166119 166138 166141 166142 166151 166155 166175
166189 166197 166208 166210 166218 166228 166236 166240 166254 166258
166263 166282 166283 166303 166311 166316 166323 166331 166334 166339
166340 166350 166351 166359 166371 166373 166376 166398 166403 166420
166432 166437 166451 166477 166491 166494 166504 166508 166513 166515
166516 166517 166534 166543 166553 166561 166568 166570 166571 166586
166588 166625 166626 166629 166630 166633 166663 166675 166680 166684
166688 166702 166710 166714 166730 166733 166782 166788 166803 166811
166835 166836 166842 166844 166847 166858 166873 166887 166888 166908
166911 166928 166937 166938 166985 166987 166996 167000 167007 167021
167024 167029 167052 167055 167056 167064 167071 167073 167093 167094
167108 167118 167121 167123 167128 167139 167144 167175 167178 167180
167194 167200 167203 167219 167224 167236 167241 167249 167253 167256
167262 167269 167271 167293 167294 167307 167309 167326 167331 167344
167359 167366 167376 167392 167405 167411 167419 167428 167455 167499
167511 167535 167556 167573 167582 167596 167625 167639 167646 167659
167669 167670 167683 167691 167693 167699 167716 167722 167745 167755
167759 167761 167775 167780 167793 167795 167804 167814 167830 167842
167852 167874 167878 167891 167899 167911 167915 167918 167932 167936
167942 167945 167952 167955 167966 167971 167983 167990 168003 168017
168019 168021 168025 168028 168031 168033 168047 168048 168054 168068
168080 168087 168088 168100 168102 168108 168119 168120 168122 168123
168136 168170 168180 168222 168226 168240 168260 168275 168284 168297
168307 168314 168329 168335 168339 168341 168366 168368 168387 168396
168431 168439 168441 168451 168462 168468 168475 168480 168483 168484
168508 168529 168531 168536 168547 168550 168552 168560 168573 168582
168583 168586 168605 168607 168610 168632 168643 168645 168655 168661
168664 168680 168706 168716 168727 168733 168734 168735 168738 168754
168767 168768 168769 168774 168792 168793 168807 168811 168819 168829
168836 168854 168865 168875 168878 168888 168889 168895 168903 168908
168912 168918 168941 168948 168955 168967 168970 168979 168986 168994
169014 169020 169026 169034 169046 169053 169058 169073 169077 169079
169081 169094 169117 169124 169127 169129 169150 169170 169186 169197
169203 169224 169235 169237 169240 169243 169249 169252 169253 169258
169268 169275 169278 169287 169289 169290 169312 169325 169329 169330
169333 169360 169375 169391 169409 169410 169412 169414 169415 169444
169463 169468 169471 169479 169489 169494 169499 169515 169518 169521
169529 169553 169576 169582 169583 169587 169590 169592 169619 169622
169630 169648 169653 169676 169688 169690 169705 169711 169715 169791
169792 169799 169822 169827 169831 169838 169868 169906 169907 169913
169923 169958 169988 170004 170010 170023 170025 170034 170060 170065
170068 170072 170078 170079 170093 170095 170100 170107 170109 170110
170123 170143 170152 170155 170164 170167 170181 170217 170221 170239
170249 170250 170270 170283 170291 170292 170307 170331 170355 170359
170372 170416 170424 170425 170442 170469 170477 170491 170494 170499
170501 170507 170508 170510 170517 170524 170526 170532 170541 170545
170575 170579 170588 170600 170620 170635 170650 170671 170676 170677
170682 170689 170693 170697 170700 170707 170752 170766 170772 170823
170826 170829 170853 170855 170859 170861 170877 170879 170913 170917
170967 170971 170972 170982 170999 171001 171011 171049 171052 171056
171070 171090 171098 171114 171139 171140 171157 171160 171165 171170
171176 171204 171206 171236 171239 171241 171243 171249 171254 171258
171267 171268 171272 171273 171287 171288 171296 171306 171334 171336
171342 171356 171363 171365 171397 171411 171412 171428 171434 171440
171441 171451 171479 171482 171499 171501 171506 171531 171543 171561
171572 171583 171593 171595 171599 171612 171615 171618 171622 171629
171639 171654 171681 171683 171690 171696 171711 171745 171747 171799
171808 171810 171817 171825 171835 171844 171856 171866 171869 171870
171893 171935 171941 171943 171944 171971 171980 171984 171985 171989
171995 171998 172007 172013 172018 172019 172035 172057 172102 172125
172127 172136 172141 172196 172234 172245 172247 172253 172268 172283
172284 172288 172304 172306 172308 172327 172330 172349 172350 172364
172377 172378 172395 172411 172458 172472 172480 172509 172511 172521
172529 172530 172540 172548 172556 172562 172564 172575 172580 172587
172594 172599 172625 172674 172679 172682 172690 172698 172701 172716
172721 172726 172728 172731 172752 172758 172759 172765 172766 172770
172771 172777 172783 172791 172799 172806 172838 172845 172859 172861
172871 172876 172926 172927 172929 172943 172944 172952 172961 172980
172994 173010 173027 173070 173071 173113 173150 173161 173169 173171
173172 173190 173199 173208 173209 173213 173214 173232 173250 173268
173294 173296 173302 173303 173307 173310 173315 173326 173330 173345
173391 173394 173404 173422 173442 173464 173465 173466 173475 173478
173480 173484 173495 173504 173521 173529 173539 173551 173556 173558
173568 173569 173589 173597 173600 173603 173627 173629 173647 173655
173680 173717 173731 173733 173750 173789 173795 173801 173812 173816
173839 173853 173860 173862 173895 173911 173924 173925 173938 173959
173960 173998 174002 174019 174028 174035 174036 174052 174063 174082
174083 174085 174104 174127 174154 174161 174178 174184 174198 174204
174208 174227 174239 174240 174244 174270 174273 174293 174306 174318
174321 174327 174366 174393 174402 174404 174408 174411 174422 174428
174432 174436 174457 174459 174461 174467 174469 174483 174485 174490
174491 174493 174499 174500 174501 174510 174515 174562 174569 174570
174584 174596 174598 174614 174622 174645 174652 174678 174679 174680
174701 174705 174713 174737 174773 174784 174788 174796 174798 174800
174814 174815 174824 174839 174844 174854 174860 174890 174894 174910
174911 174925 174926 174932 174934 174957 174962 174963 174978 174982
174999 175016 175020 175034 175036 175047 175048 175058 175083 175087
175092 175099 175109 175111 175113 175164 175169 175171 175187 175190
175205 175207 175212 175223 175266 175276 175285 175287 175292 175300
175309 175319 175322 175323 175324 175327 175338 175339 175350 175355
175368 175396 175406 175418 175422 175431 175457 175461 175476 175500
175510 175519 175520 175521 175522 175525 175527 175528 175543 175545
175549 175556 175559 175564 175577 175590 175592 175594 175595 175603
175607 175611 175614 175650 175659 175753 175760 175770 175813 175824
175833 175837 175843 175858 175871 175895 175934 175941 175964 175975
175978 176005 176012 176022 176027 176039 176040 176053 176058 176059
176083 176085 176088 176089 176110 176118 176119 176126 176138 176144
176154 176155 176174 176177 176188 176235 176241 176243 176264 176266
176274 176284 176288 176289 176303 176304 176325 176326 176348 176373
176374 176393 176398 176399 176400 176408 176415 176416 176425 176427
176443 176465 176472 176495 176498 176525 176527 176543 176550 176557
176558 176566 176578 176586 176594 176596 176611 176622 176625 176640
176642 176649 176655 176661 176670 176683 176734 176750 176753 176754
176756 176785 176786 176794 176800 176821 176825 176827 176846 176852
176863 176869 176879 176890 176895 176913 176930 176957 176960 176987
177000 177007 177015 177029 177046 177059 177060 177063 177074 177090
177093 177094 177101 177108 177110 177118 177126 177131 177132 177135
177146 177148 177158 177176 177191 177195 177202 177210 177223 177230
177240 177266 177268 177283 177307 177309 177331 177333 177348 177349
177356 177359 177361 177370 177379 177397 177402 177403 177406 177437
177438 177445 177458 177459 177462 177479 177495 177496 177521 177527
177528 177530 177534 177565 177570 177571 177572 177580 177583 177585
177603 177606 177610 177625 177650 177679 177681 177694 177697 177698
177708 177709 177711 177740 177743 177747 177758 177759 177763 177768
177789 177798 177800 177801 177802 177805 177809 177810 177814 177829
177832 177844 177856 177866 177870 177902 177917 177931 177936 177953
177959 177974 178003 178007 178014 178022 178024 178026 178031 178044
178050 178054 178059 178061 178077 178081 178085 178092 178104 178118
178127 178129 178144 178151 178159 178185 178187 178205 178207 178209
178231 178251 178256 178263 178275 178279 178291 178306 178310 178322
178325 178330 178342 178343 178348 178355 178366 178384 178407 178408
178413 178416 178420 178421 178428 178436 178437 178447 178480 178481
178493 178522 178529 178551 178554 178584 178594 178601 178602 178633
178644 178660 178669 178693 178715 178726 178736 178738 178741 178753
178759 178760 178771 178785 178787 178811 178820 178827 178829 178831
178839 178853 178885 178887 178893 178926 178938 178942 178944 178970
178984 179020 179028 179029 179037 179039 179055 179083 179088 179097
179104 179137 179141 179144 179150 179163 179172 179177 179179 179183
179192 179231 179238 179287 179306 179310 179312 179317 179325 179336
179340 179346 179355 179429 179441 179442 179452 179456 179464 179481
179485 179498 179517 179532 179540 179541 179578 179596 179597 179601
179606 179622 179627 179644 179651 179655 179660 179665 179667 179685
179691 179704 179721 179733 179736 179752 179755 179758 179771 179774
179776 179781 179797 179802 179819 179824 179826 179867 179876 179882
179901 179913 179917 179922 179937 179947 179958 180001 180032 180039
180057 180063 180067 180068 180081 180101 180106 180113 180117 180167
180179 180180 180184 180188 180193 180212 180213 180231 180245 180276
180288 180293 180300 180303 180309 180318 180328 180329 180331 180333
180359 180372 180374 180387 180395 180400 180410 180411 180433 180447
180471 180505 180522 180525 180533 180545 180546 180547 180556 180562
180574 180596 180601 180603 180634 180635 180641 180654 180655 180659
180681 180693 180695 180703 180713 180723 180729 180733 180736 180738
180745 180751 180769 180794 180802 180805 180807 180816 180817 180823
180824 180827 180853 180869 180883 180887 180897 180898 180908 180909
180915 180918 180920 180927 180951 180957 180972 180981 180982 180989
181008 181037 181051 181067 181077 181080 181082 181091 181099 181111
181112 181114 181138 181140 181148 181157 181166 181207 181215 181219
181221 181228 181249 181250 181271 181277 181281 181298 181301 181332
181334 181340 181343 181348 181356 181382 181383 181384 181385 181396
181403 181418 181434 181440 181443 181469 181470 181472 181477 181479
181496 181536 181537 181542 181545 181568 181574 181576 181590 181593
181594 181601 181648 181650 181671 181672 181693 181704 181721 181725
181739 181762 181763 181772 181773 181785 181793 181811 181819 181828
181836 181861 181865 181866 181878 181922 181930 181931 181938 181947
181973 181981 181990 181991 181994 182017 182032 182043 182053 182055
182063 182071 182079 182085 182088 182100 182106 182117 182130 182135
182154 182177 182180 182188 182238 182271 182273 182282 182294 182295
182307 182313 182318 182338 182350 182358 182363 182364 182370 182372
182384 182391 182399 182431 182432 182466 182468 182474 182487 182491
182493 182502 182514 182515 182517 182522 182532 182544 182550 182551
182565 182567 182573 182578 182580 182582 182584 182598 182600 182604
182633 182676 182692 182697 182698 182715 182721 182729 182738 182747
182754 182762 182766 182771 182785 182790 182806 182813 182815 182830
182832 182857 182858 182872 182881 182883 182901 182909 182924 182929
182935 182950 182973 182988 182994 183004 183009 183014 183037 183050
183053 183057 183060 183061 183072 183073 183074 183085 183087 183091
183107 183118 183134 183137 183139 183147 183168 183188 183196 183200
183203 183211 183222 183254 183269 183272 183278 183288 183293 183295
183305 183306 183320 183326 183339 183345 183346 183350 183374 183376
183379 183383 183442 183443 183447 183470 183487 183490 183500 183501
183518 183522 183526 183537 183548 183554 183558 183559 183563 183569
183570 183574 183581 183584 183600 183608 183612 183628 183629 183632
183634 183641 183646 183648 183666 183676 183683 183692 183745 183754
183758 183768 183787 183794 183798 183809 183810 183813 183820 183860
183876 183883 183887 183893 183908 183925 183928 183931 183948 183966
183972 183983 183991 183993 183998 184002 184010 184016 184017 184037
184040 184042 184043 184048 184099 184106 184116 184128 184135 184136
184145 184153 184184 184191 184192 184200 184202 184216 184241 184250
184253 184264 184268 184273 184297 184299 184305 184311 184320 184329
184332 184341 184344 184357 184367 184379 184380 184381 184386 184387
184390 184405 184411 184412 184424 184445 184449 184463 184464 184482
184501 184515 184531 184535 184539 184541 184545 184546 184548 184554
184556 184558 184590 184599 184671 184677 184682 184700 184715 184716
184728 184732 184744 184745 184754 184757 184763 184787 184788 184794
184795 184807 184815 184816 184831 184839 184841 184844 184847 184853
184855 184872 184906 184910 184912 184920 184922 184948 184954 184965
184966 184969 184970 184980 184982 184989 184998 185009 185018 185019
185023 185035 185045 185056 185057 185070 185089 185090 185112 185122
185144 185149 185151 185176 185187 185190 185228 185229 185234 185235
185262 185265 185275 185288 185316 185322 185349 185354 185367 185382
185388 185392 185397 185414 185423 185437 185442 185449 185456 185464
185465 185466 185471 185475 185476 185485 185489 185497 185500 185509
185510 185512 185543 185552 185556 185557 185562 185564 185566 185574
185596 185597 185607 185617 185621 185627 185629 185649 185650 185658
185667 185674 185678 185684 185688 185691 185694 185719 185723 185725
185730 185734 185746 185755 185766 185780 185787 185793 185807 185811
185812 185813 185836 185849 185851 185858 185863 185884 185890 185898
185909 185912 185927 185964 185968 185969 185973 185975 186042 186047
186051 186052 186067 186073 186093 186096 186106 186113 186149 186151
186167 186174 186186 186190 186214 186215 186218 186221 186240 186243
186276 186281 186283 186288 186294 186299 186301 186302 186320 186327
186329 186330 186331 186347 186352 186363 186367 186375 186379 186387
186394 186396 186408 186418 186435 186440 186457 186460 186474 186475
186503 186508 186514 186515 186521 186528 186535 186554 186565 186585
186596 186597 186607 186610 186623 186631 186644 186650 186652 186663
186685 186712 186731 186738 186740 186750 186763 186783 186788 186820
186826 186835 186843 186900 186913 186923 186930 186943 186947 186966
186981 187009 187031 187033 187039 187052 187066 187069 187077 187080
187092 187098 187111 187136 187143 187148 187153 187195 187201 187225
187243 187249 187251 187261 187270 187280 187285 187289 187301 187305
187318 187319 187322 187326 187332 187334 187345 187352 187354 187356
187367 187368 187388 187397 187426 187430 187431 187435 187453 187462
187463 187481 187497 187520 187535 187582 187590 187596 187605 187612
187623 187626 187636 187642 187654 187657 187668 187669 187693 187720
187750 187756 187758 187766 187784 187795 187796 187797 187805 187821
187834 187836 187849 187860 187873 187876 187899 187906 187923 187925
187929 187933 187941 187951 187952 187976 187982 187997 188010 188018
188027 188030 188032 188042 188045 188047 188049 188061 188067 188077
188082 188086 188096 188100 188107 188123 188127 188132 188143 188150
188160 188178 188195 188197 188231 188237 188238 188253 188269 188273
188276 188277 188285 188292 188305 188307 188316 188318 188322 188327
188334 188337 188340 188345 188373 188375 188376 188382 188400 188405
188410 188422 188452 188464 188466 188475 188489 188503 188520 188527
188535 188536 188565 188569 188581 188594 188610 188639 188640 188641
188649 188666 188670 188679 188688 188695 188705 188710 188728 188737
188739 188744 188751 188753 188768 188771 188774 188776 188778 188790
188798 188824 188827 188829 188834 188852 188853 188863 188867 188871
188872 188873 188900 188905 188912 188913 188949 188964 188968 188973
188977 188978 189023 189036 189066 189090 189092 189117 189126 189132
189166 189169 189172 189177 189196 189206 189223 189224 189226 189256
189272 189273 189280 189284 189295 189316 189318 189321 189326 189335
189353 189358 189365 189389 189392 189393 189400 189409 189417 189422
189424 189433 189441 189447 189458 189470 189472 189497 189506 189510
189518 189521 189526 189527 189534 189583 189585 189592 189603 189608
189609 189615 189623 189648 189660 189663 189693 189699 189749 189756
189760 189762 189773 189817 189820 189842 189844 189847 189866 189868
189883 189890 189916 189923 189928 189969 189973 189981 190000 190026
190027 190052 190067 190081 190084 190096 190100 190104 190106 190112
190132 190149 190165 190174 190175 190178 190183 190186 190197 190208
190231 190242 190245 190251 190288 190293 190300 190304 190324 190333
190359 190371 190422 190423 190434 190438 190440 190442 190448 190451
190452 190462 190467 190472 190480 190482 190484 190489 190505 190507
190512 190527 190530 190540 190564 190582 190587 190593 190594 190595
190642 190646 190649 190660 190663 190667 190669 190687 190716 190717
190739 190740 190744 190749 190754 190759 190761 190763 190776 190790
190796 190824 190825 190835 190838 190842 190846 190859 190860 190889
190915 190919 190927 190935 190944 190956 190978 190980 190982 190984
190989 190991 190993 191007 191008 191022 191031 191033 191048 191062
191067 191069 191070 191079 191091 191097 191098 191106 191107 191128
191154 191172 191178 191181 191182 191199 191200 191212 191220 191234
191244 191246 191248 191274 191292 191307 191315 191321 191333 191348
191356 191358 191373 191414 191420 191423 191447 191454 191485 191490
191497 191503 191512 191521 191523 191536 191540 191555 191557 191558
191570 191573 191577 191582 191586 191587 191592 191597 191606 191608
191613 191635 191658 191661 191665 191677 191692 191699 191710 191735
191746 191750 191753 191758 191759 191760 191762 191764 191792 191795
191806 191808 191824 191844 191855 191859 191866 191867 191903 191905
191906 191908 191918 191921 191927 191963 191985 191986 191990 191998
192002 192041 192046 192048 192053 192068 192076 192110 192124 192144
192146 192175 192193 192209 192217 192226 192232 192237 192250 192254
192267 192268 192282 192296 192302 192306 192322 192340 192347 192360
192372 192377 192388 192391 192394 192402 192403 192405 192466 192469
192479 192504 192507 192508 192510 192523 192525 192530 192536 192543
192548 192571 192575 192593 192613 192619 192640 192649 192693 192699
192704 192709 192718 192720 192721 192734 192750 192756 192759 192771
192774 192775 192776 192794 192799 192805 192807 192811 192821 192837
192851 192870 192890 192906 192907 192932 192953 192969 192976 192980
192982 192990 193024 193049 193072 193086 193102 193105 193115 193123
193144 193150 193154 193156 193203 193207 193216 193217 193228 193232
193235 193241 193246 193248 193249 193267 193286 193287 193289 193295
193313 193328 193335 193345 193352 193356 193357 193377 193392 193401
193408 193427 193481 193492 193505 193515 193523 193528 193539 193557
193562 193571 193584 193591 193594 193604 193628 193631 193634 193665
193668 193674 193683 193685 193693 193713 193715 193724 193729 193743
193761 193772 193783 193792 193793 193798 193827 193836 193850 193880
193906 193915 193943 193945 193956 193961 193981 193989 193999 194018
194047 194048 194049 194078 194083 194088 194149 194150 194151 194153
194160 194172 194180 194192 194199 194203 194239 194241 194252 194259
194263 194267 194290 194291 194298 194308 194313 194327 194330 194334
194338 194345 194346 194347 194355 194369 194373 194377 194388 194389
194410 194413 194431 194446 194449 194456 194461 194472 194493 194518
194533 194549 194557 194561 194574 194575 194587 194593 194598 194603
194608 194628 194635 194638 194644 194656 194658 194664 194668 194681
194687 194692 194694 194700 194707 194709 194716 194727 194731 194738
194768 194775 194778 194779 194790 194796 194800 194803 194806 194828
194829 194831 194850 194851 194873 194886 194893 194895 194907 194923
194932 194936 194948 194964 194968 194975 194979 194980 195011 195034
195036 195042 195043 195053 195066 195087 195112 195119 195133 195140
195158 195190 195198 195211 195213 195229 195236 195245 195249 195258
195268 195270 195272 195276 195278 195284 195315 195338 195341 195343
195357 195377 195384 195393 195411 195412 195428 195433 195440 195442
195446 195487 195493 195507 195509 195516 195560 195561 195563 195577
195580 195614 195634 195642 195644 195651 195665 195666 195678 195684
195704 195713 195718 195747 195757 195760 195764 195767 195775 195777
195789 195792 195794 195808 195817 195819 195823 195825 195827 195838
195866 195870 195871 195884 195907 195926 195927 195933 195947 195964
195968 195986 196003 196024 196029 196036 196053 196065 196077 196085
196101 196102 196114 196143 196163 196173 196183 196184 196188 196215
196224 196234 196236 196258 196260 196262 196270 196272 196275 196282
196294 196299 196303 196308 196311 196322 196326 196328 196335 196338
196340 196348 196357 196390 196393 196397 196404 196406 196418 196419
196420 196424 196430 196439 196501 196521 196553 196561 196563 196573
196599 196605 196609 196621 196631 196640 196656 196675 196683 196692
196703 196718 196719 196725 196737 196757 196793 196795 196805 196809
196812 196817 196833 196836 196845 196854 196857 196862 196876 196880
196890 196897 196907 196926 196953 196967 196978 196988 197007 197010
197020 197021 197098 197120 197127 197132 197139 197148 197157 197158
197163 197165 197170 197172 197178 197179 197183 197184 197185 197211
197212 197219 197234 197244 197250 197269 197289 197297 197298 197301
197306 197352 197371 197379 197382 197386 197397 197407 197415 197418
197425 197429 197436 197445 197448 197465 197466 197472 197480 197489
197509 197519 197523 197525 197530 197554 197572 197578 197601 197603
197606 197614 197617 197622 197632 197654 197670 197672 197679 197682
197692 197713 197728 197750 197756 197779 197782 197783 197808 197826
197831 197835 197849 197850 197854 197855 197856 197863 197869 197891
197918 197922 197924 197937 197939 197940 197950 197951 197955 197961
197969 197979 197981 198002 198019 198034 198049 198051 198059 198075
198084 198095 198108 198111 198116 198125 198127 198130 198131 198136
198157 198161 198174 198175 198177 198185 198194 198207 198230 198231
198256 198265 198279 198281 198310 198326 198330 198342 198358 198363
198389 198398 198400 198405 198417 198430 198442 198450 198455 198501
198503 198515 198522 198525 198547 198559 198567 198595 198603 198607
198609 198610 198614 198615 198707 198709 198730 198750 198754 198755
198756 198783 198811 198812 198816 198833 198856 198863 198866 198904
198906 198913 198933 198937 198946 198961 198967 198991 198993 198999
199007 199021 199022 199031 199054 199055 199065 199066 199077 199091
199093 199111 199112 199141 199157 199168 199175 199182 199192 199199
199220 199228 199252 199259 199265 199288 199290 199302 199320 199324
199329 199333 199343 199345 199350 199352 199358 199372 199384 199388
199389 199403 199409 199420 199428 199432 199442 199452 199472 199485
199501 199502 199512 199541 199549 199556 199579 199586 199589 199593
199622 199623 199626 199631 199637 199653 199659 199677 199699 199719
199723 199725 199731 199740 199742 199758 199769 199773 199780 199784
199801 199808 199810 199813 199819 199829 199835 199848 199855 199868
199872 199877 199882 199885 199886 199888 199902 199914 199917 199920
199945 199947 199952 199962 199971 199972 199983 199986 199988 200004
200040 200049 200050 200053 200063 200067 200087 200088 200094 200098
200118 200125 200129 200135 200138 200140 200148 200157 200162 200187
200202 200208 200220 200243 200249 200260 200274 200300 200305 200314
200317 200323 200328 200334 200350 200352 200353 200375 200376 200385
200389 200395 200412 200413 200442 200452 200462 200469 200480 200504
200511 200520 200554 200561 200579 200594 200615 200632 200638 200646
200657 200660 200666 200668 200671 200686 200691 200718 200725 200730
200734 200738 200741 200766 200784 200806 200817 200823 200825 200826
200832 200842 200846 200850 200854 200856 200861 200871 200873 200875
200880 200881 200884 200887 200888 200896 200921 200926 200932 200938
200954 200967 200990 200991 200998 201010 201029 201033 201040 201051
201060 201068 201083 201098 201099 201101 201117 201119 201131 201136
201138 201139 201142 201146 201165 201166 201186 201189 201219 201233
201249 201254 201257 201266 201268 201277 201278 201295 201300 201306
201328 201333 201342 201363 201373 201377 201378 201403 201410 201411
201413 201421 201451 201505 201516 201529 201540 201554 201557 201564
201570 201591 201598 201609 201616 201621 201642 201658 201673 201688
201698 201711 201716 201721 201745 201758 201759 201781 201804 201810
201847 201849 201878 201887 201915 201917 201950 201976 201981 201989
201999 202015 202018 202028 202042 202047 202073 202079 202080 202085
202090 202096 202128 202147 202152 202153 202172 202174 202185 202219
202252 202281 202286 202293 202312 202329 202335 202338 202340 202345
202358 202361 202381 202383 202384 202396 202401 202411 202412 202418
202436 202440 202450 202454 202480 202481 202493 202520 202542 202546
202550 202551 202557 202561 202562 202566 202568 202582 202588 202591
202594 202595 202611 202616 202621 202630 202648 202703 202713 202720
202721 202725 202726 202738 202744 202752 202779 202788 202796 202798
202799 202807 202815 202817 202825 202830 202841 202849 202856 202857
202877 202930 202950 202951 202974 202978 202997 203004 203021 203034
203037 203053 203055 203072 203088 203091 203114 203119 203133 203144
203147 203149 203153 203154 203192 203208 203209 203213 203220 203221
203224 203252 203253 203256 203275 203281 203284 203291 203292 203300
203318 203320 203323 203324 203330 203340 203370 203394 203401 203405
203406 203428 203430 203435 203446 203448 203466 203478 203481 203483
203488 203505 203511 203512 203519 203538 203556 203564 203587 203599
203612 203635 203641 203657 203663 203672 203690 203698 203711 203724
203745 203766 203809 203812 203820 203851 203855 203890 203894 203895
203899 203933 203949 203979 203981 204020 204025 204033 204038 204057
204082 204098 204115 204139 204156 204163 204165 204188 204192 204196
204221 204236 204237 204261 204286 204288 204290 204292 204306 204318
204328 204337 204344 204351 204359 204361 204364 204400 204401 204405
204419 204423 204443 204451 204471 204483 204504 204511 204522 204528
204537 204553 204569 204582 204586 204609 204638 204640 204641 204643
204654 204668 204669 204672 204673 204686 204688 204689 204711 204712
204734 204735 204742 204744 204752 204760 204765 204766 204775 204776
204778 204785 204833 204838 204852 204857 204860 204869 204886 204913
204914 204918 204919 204929 204935 204938 204946 204955 204960 204961
204965 204969 204971 204977 204982 204991 204999 205036 205038 205041
205047 205048 205054 205060 205103 205114 205132 205154 205155 205160
205192 205215 205227 205235 205256 205257 205269 205300 205321 205338
205344 205347 205349 205361 205383 205392 205411 205413 205414 205415
205421 205440 205441 205445 205459 205487 205494 205504 205514 205521
205525 205536 205540 205552 205598 205599 205616 205627 205628 205632
205643 205657 205658 205664 205667 205702 205704 205706 205712 205713
205726 205749 205755 205759 205764 205775 205778 205784 205799 205802
205805 205810 205820 205822 205831 205833 205836 205845 205884 205897
205904 205910 205932 205941 205943 205954 205959 205968 205988 205991
205993 206006 206023 206031 206032 206033 206051 206053 206058 206069
206073 206079 206083 206102 206104 206107 206111 206119 206125 206153
206158 206179 206186 206202 206203 206223 206225 206237 206241 206249
206254 206257 206261 206269 206283 206292 206296 206322 206329 206348
206350 206353 206356 206357 206364 206365 206367 206372 206373 206385
206393 206396 206405 206418 206420 206439 206441 206458 206466 206478
206491 206539 206541 206543 206566 206572 206588 206593 206600 206618
206619 206622 206623 206628 206633 206641 206673 206697 206699 206703
206730 206741 206746 206747 206755 206757 206779 206780 206787 206789
206815 206818 206826 206843 206852 206876 206893 206902 206909 206915
206927 206931 206938 206951 206956 206958 206979 206985 206992 206997
207010 207012 207015 207018 207024 207034 207036 207038 207039 207046
207056 207058 207087 207091 207095 207098 207101 207111 207127 207140
207188 207204 207211 207216 207219 207221 207225 207265 207275 207285
207286 207290 207303 207307 207312 207316 207318 207325 207336 207340
207359 207360 207408 207434 207438 207457 207462 207464 207469 207490
207492 207499 207502 207516 207519 207522 207525 207542 207561 207565
207571 207578 207586 207590 207600 207623 207640 207653 207658 207671
207694 207710 207712 207720 207745 207759 207764 207791 207808 207826
207828 207830 207832 207835 207868 207883 207888 207891 207895 207908
207958 207972 207974 207976 207983 207984 207991 208005 208014 208020
208022 208026 208048 208051 208074 208090 208110 208125 208131 208136
208144 208153 208159 208166 208169 208176 208179 208185 208194 208206
208235 208241 208279 208291 208301 208315 208324 208349 208361 208366
208369 208377 208388 208393 208395 208434 208454 208463 208511 208515
208522 208531 208532 208553 208587 208606 208644 208660 208662 208664
208666 208705 208714 208717 208729 208752 208766 208775 208789 208790
208791 208801 208822 208841 208857 208859 208868 208869 208884 208887
208896 208904 208907 208924 208938 208946 208951 208961 208973 208982
208991 209008 209018 209030 209031 209032 209038 209061 209074 209092
209103 209117 209159 209165 209166 209184 209188 209198 209200 209202
209228 209246 209259 209260 209264 209270 209271 209280 209288 209311
209321 209341 209345 209374 209380 209393 209395 209459 209478 209488
209504 209506 209510 209515 209516 209519 209531 209549 209550 209551
209558 209564 209581 209589 209598 209599 209606 209612 209613 209614
209630 209631 209646 209653 209654 209661 209684 209694 209701 209713
209723 209730 209737 209742 209744 209745 209749 209791 209827 209829
209841 209847 209851 209856 209868 209872 209886 209928 209936 209943
209957 209959 209963 209969 209985 210001 210017 210044 210054 210055
210059 210080 210082 210087 210097 210123 210132 210146 210147 210171
210176 210218 210222 210244 210257 210264 210279 210291 210293 210294
210295 210301 210312 210315 210319 210325 210338 210371 210373 210376
210380 210401 210409 210418 210422 210423 210438 210459 210475 210498
210531 210541 210552 210561 210589 210596 210602 210612 210618 210638
210639 210648 210687 210702 210703 210725 210759 210780 210785 210786
210795 210797 210814 210816 210818 210823 210825 210831 210841 210849
210870 210886 210893 210895 210897 210906 210916 210920 210939 210944
210948 210956 210960 210966 210988 210997 211000 211006 211042 211076
211087 211109 211113 211117 211118 211128 211130 211131 211158 211184
211200 211205 211209 211225 211226 211245 211255 211262 211267 211269
211279 211281 211282 211293 211296 211301 211309 211318 211340 211366
211392 211399 211408 211414 211415 211417 211437 211447 211450 211475
211477 211483 211510 211532 211542 211545 211561 211566 211575 211577
211580 211582 211589 211593 211594 211602 211612 211614 211616 211621
211629 211630 211682 211683 211686 211704 211719 211722 211728 211744
211752 211757 211769 211772 211777 211796 211810 211812 211831 211832
211835 211843 211853 211859 211860 211877 211879 211889 211890 211916
211948 212003 212006 212009 212022 212023 212034 212050 212060 212072
212074 212081 212088 212098 212099 212100 212101 212103 212105 212106
212117 212123 212125 212127 212137 212148 212159 212174 212176 212190
212197 212238 212266 212274 212279 212287 212316 212317 212318 212322
212330 212331 212335 212342 212346 212350 212366 212370 212374 212400
212416 212417 212423 212428 212434 212443 212449 212461 212489 212495
212498 212501 212516 212530 212531 212555 212560 212567 212570 212579
212589 212607 212616 212619 212623 212624 212641 212648 212652 212678
212679 212681 212683 212708 212713 212738 212740 212741 212755 212758
212786 212788 212791 212814 212840 212854 212867 212874 212912 212916
212918 212920 212933 212938 212951 212976 213003 213005 213006 213035
213051 213056 213079 213085 213091 213112 213118 213121 213132 213140
213150 213154 213167 213170 213190 213203 213205 213206 213210 213245
213249 213252 213263 213266 213290 213296 213305 213336 213339 213340
213341 213342 213343 213359 213361 213365 213374 213421 213454 213471
213484 213495 213526 213534 213560 213563 213565 213574 213576 213584
213589 213610 213628 213654 213655 213660 213661 213664 213674 213688
213689 213696 213725 213726 213728 213732 213736 213737 213751 213757
213760 213762 213768 213773 213775 213778 213790 213792 213799 213838
213849 213851 213874 213881 213888 213890 213894 213904 213917 213918
213922 213944 213975 213976 213979 213989 213991 214008 214037 214041
214046 214076 214086 214088 214113 214119 214121 214138 214151 214158
214166 214174 214191 214204 214215 214233 214244 214252 214254 214261
214264 214266 214267 214275 214287 214289 214294 214295 214311 214322
214331 214360 214373 214377 214392 214410 214414 214416 214420 214433
214434 214437 214444 214453 214464 214465 214482 214483 214502 214507
214516 214543 214547 214548 214561 214565 214598 214604 214606 214607
214629 214637 214654 214658 214689 214691 214704 214710 214714 214715
214724 214726 214730 214742 214748 214749 214750 214755 214772 214781
214782 214786 214787 214792 214806 214832 214848 214911 214916 214926
214931 214940 214949 214959 214964 214966 214971 214978 214982 214984
214986 214995 214996 215015 215021 215049 215050 215069 215076 215085
215103 215104 215117 215118 215147 215150 215152 215161 215176 215179
215200 215211 215226 215231 215237 215249 215261 215278 215282 215296
215302 215305 215308 215310 215325 215334 215337 215340 215351 215356
215380 215387 215389 215391 215402 215413 215417 215428 215442 215465
215483 215489 215513 215534 215557 215567 215571 215572 215574 215580
215627 215642 215643 215671 215673 215676 215681 215694 215717 215719
215735 215742 215761 215764 215789 215795 215797 215799 215806 215814
215816 215823 215827 215850 215869 215870 215896 215900 215918 215921
215932 215961 215997 216022 216026 216035 216039 216040 216043 216050
216082 216100 216102 216110 216117 216122 216124 216130 216132 216139
216142 216152 216156 216162 216174 216176 216181 216190 216195 216209
216211 216217 216221 216222 216227 216230 216249 216280 216303 216317
216320 216329 216333 216335 216336 216341 216355 216368 216375 216379
216384 216388 216395 216402 216405 216407 216436 216440 216445 216454
216463 216478 216490 216563 216569 216580 216615 216619 216622 216638
216649 216653 216654 216655 216664 216666 216667 216669 216696 216707
216716 216732 216734 216736 216740 216757 216758 216759 216768 216803
216805 216824 216825 216827 216830 216834 216836 216844 216856 216861
216864 216868 216876 216881 216915 216928 216946 217031 217032 217052
217094 217100 217101 217119 217137 217147 217150 217159 217165 217180
217186 217194 217198 217207 217224 217226 217235 217252 217253 217263
217278 217281 217288 217291 217299 217303 217323 217344 217347 217358
217367 217389 217415 217416 217420 217428 217432 217435 217439 217441
217445 217446 217460 217484 217491 217492 217507 217520 217525 217535
217552 217562 217564 217577 217582 217596 217613 217619 217620 217625
217626 217649 217654 217669 217681 217683 217693 217699 217714 217719
217723 217730 217738 217743 217756 217762 217771 217778 217779 217784
217791 217792 217811 217819 217828 217833 217863 217865 217867 217870
217875 217879 217886 217887 217893 217897 217899 217901 217902 217920
217925 217937 217940 217943 217971 217984 217999 218000 218001 218002
218012 218017 218020 218021 218022 218026 218033 218035 218036 218038
218049 218068 218070 218072 218083 218088 218093 218105 218109 218111
218117 218121 218127 218128 218138 218147 218150 218156 218159 218170
218176 218183 218187 218201 218204 218210 218214 218217 218220 218240
218243 218248 218249 218267 218272 218277 218285 218289 218295 218308
218309 218328 218335 218337 218340 218356 218369 218377 218380 218396
218402 218403 218406 218415 218421 218428 218441 218444 218445 218454
218466 218472 218474 218500 218503 218504 218510 218516 218544 218546
218559 218586 218588 218602 218613 218617 218631 218634 218655 218660
218671 218683 218697 218719 218725 218754 218764 218766 218768 218787
218819 218820 218828 218840 218843 218851 218862 218876 218912 218914
218927 218940 218941 218943 218946 218979 218984 218987 218993 219013
219042 219046 219048 219077 219090 219091 219096 219109 219125 219134
219140 219152 219174 219176 219184 219192 219203 219209 219216 219230
219243 219247 219275 219276 219282 219287 219288 219296 219300 219302
219308 219311 219328 219330 219377 219394 219397 219409 219416 219417
219425 219431 219438 219469 219493 219494 219497 219515 219532 219535
219557 219567 219572 219575 219582 219593 219598 219604 219608 219623
219626 219628 219673 219683 219693 219699 219729 219733 219735 219784
219790 219793 219797 219801 219803 219812 219815 219825 219830 219870
219874 219876 219877 219879 219882 219895 219897 219903 219922 219929
219941 219943 219944 219965 219978 219980 219988 219997 220010 220016
220019 220020 220031 220053 220064 220092 220094 220095 220096 220103
220114 220117 220126 220152 220163 220164 220181 220185 220190 220215
220228 220240 220267 220282 220306 220311 220329 220366 220381 220395
220396 220407 220411 220422 220438 220462 220466 220469 220481 220491
220501 220509 220511 220519 220537 220545 220552 220553 220555 220567
220581 220598 220601 220607 220615 220637 220639 220649 220657 220697
220699 220700 220708 220730 220738 220743 220747 220749 220774 220794
220796 220800 220806 220813 220842 220879 220890 220898 220907 220915
220919 220947 220979 220981 220986 220997 221004 221012 221013 221032
221034 221078 221092 221098 221099 221106 221122 221128 221203 221211
221214 221215 221221 221230 221237 221255 221266 221275 221292 221298
221307 221309 221312 221326 221333 221373 221380 221404 221413 221419
221429 221442 221482 221490 221492 221494 221499 221500 221509 221512
221530 221545 221546 221581 221587 221589 221596 221604 221608 221620
221660 221670 221682 221712 221724 221725 221729 221740 221747 221754
221766 221770 221791 221792 221826 221828 221832 221841 221843 221848
221857 221877 221893 221897 221899 221928 221932 221933 221949 221950
221958 221966 221967 221970 221983 221985 221997 222047 222086 222089
222096 222101 222102 222103 222106 222118 222125 222144 222149 222159
222169 222176 222179 222186 222190 222209 222212 222218 222223 222247
222250 222258 222267 222283 222285 222288 222294 222305 222311 222327
222329 222332 222338 222354 222366 222370 222372 222390 222391 222402
222429 222430 222434 222446 222449 222454 222468 222471 222472 222474
222481 222490 222503 222509 222518 222519 222525 222526 222531 222537
222555 222560 222578 222588 222589 222590 222591 222597 222598 222599
222600 222601 222637 222650 222655 222690 222707 222740 222751 222755
222762 222772 222773 222780 222781 222788 222793 222802 222804 222817
222837 222841 222845 222846 222864 222870 222873 222879 222887 222898
222916 222922 222923 222929 222930 222936 222942 222944 222945 222954
222968 222975 223010 223014 223017 223037 223053 223075 223085 223086
223091 223095 223109 223121 223126 223167 223186 223187 223212 223222
223227 223244 223254 223265 223279 223305 223315 223317 223339 223340
223342 223348 223352 223354 223375 223388 223405 223424 223427 223432
223445 223453 223458 223466 223471 223472 223477 223479 223482 223500
223505 223507 223516 223539 223550 223560 223570 223572 223589 223611
223631 223645 223658 223665 223667 223674 223678 223681 223695 223700
223702 223712 223716 223729 223745 223747 223751 223756 223759 223764
223791 223797 223820 223841 223850 223851 223865 223867 223868 223871
223906 223924 223937 223938 223946 223953 223973 223975 223979 223980
223988 224000 224002 224006 224008 224019 224027 224040 224060 224099
224118 224146 224151 224160 224164 224167 224178 224180 224185 224192
224208 224215 224218 224231 224240 224258 224264 224269 224271 224290
224292 224308 224347 224372 224374 224404 224413 224419 224424 224430
224437 224449 224455 224472 224479 224488 224505 224519 224547 224548
224553 224563 224575 224584 224587 224599 224616 224617 224618 224631
224656 224678 224696 224698 224718 224725 224728 224741 224755 224770
224784 224788 224803 224804 224806 224813 224838 224846 224847 224863
224880 224883 224901 224907 224932 224941 224951 224958 224965 224967
224984 224993 225002 225015 225019 225026 225030 225041 225043 225048
225058 225076 225088 225089 225091 225092 225117 225126 225127 225161
225175 225180 225185 225198 225200 225210 225213 225217 225218 225223
225251 225279 225287 225324 225325 225337 225365 225369 225377 225382
225394 225406 225437 225438 225445 225450 225459 225476 225478 225481
225505 225510 225522 225523 225531 225545 225553 225554 225555 225556
225572 225587 225591 225599 225606 225625 225644 225672 225676 225685
225714 225719 225724 225735 225742 225743 225751 225763 225781 225799
225805 225817 225827 225831 225838 225863 225871 225872 225873 225883
225886 225898 225900 225906 225925 225938 225943 225947 225986 225993
226003 226022 226023 226029 226062 226066 226086 226091 226106 226127
226131 226150 226160 226180 226189 226200 226203 226246 226250 226251
226260 226263 226265 226274 226275 226292 226296 226317 226336 226346
226350 226356 226386 226388 226400 226409 226427 226436 226441 226443
226444 226460 226479 226482 226510 226519 226520 226526 226545 226550
226551 226559 226563 226569 226580 226597 226605 226614 226625 226630
226637 226651 226662 226665 226667 226669 226672 226673 226674 226692
226698 226699 226706 226716 226719 226734 226776 226791 226796 226797
226800 226803 226812 226813 226817 226836 226837 226838 226853 226864
226910 226915 226921 226923 226933 226942 226960 226994 227007 227010
227024 227027 227029 227039 227042 227044 227047 227051 227055 227095
227104 227108 227121 227125 227135 227138 227141 227152 227153 227182
227191 227207 227215 227226 227228 227243 227249 227264 227276 227278
227279 227292 227295 227304 227314 227315 227328 227331 227339 227347
227356 227364 227371 227374 227380 227402 227404 227428 227430 227432
227436 227437 227440 227492 227499 227506 227508 227532 227536 227540
227542 227548 227552 227556 227564 227582 227587 227592 227604 227641
227652 227660 227671 227684 227687 227691 227703 227718 227724 227725
227727 227736 227742 227752 227767 227773 227783 227795 227800 227812
227816 227817 227826 227844 227846 227854 227862 227866 227876 227877
227883 227894 227900 227904 227907 227919 227920 227931 227947 227951
227955 227964 227979 227980 227990 227995 227998 228003 228019 228024
228031 228044 228053 228056 228066 228073 228090 228099 228109 228121
228125 228135 228148 228153 228157 228160 228179 228185 228240 228243
228245 228251 228256 228271 228282 228301 228307 228311 228314 228319
228357 228367 228368 228376 228388 228395 228405 228406 228409 228411
228422 228436 228439 228442 228455 228456 228472 228479 228493 228504
228514 228515 228525 228532 228561 228562 228564 228568 228574 228576
228580 228581 228606 228650 228656 228657 228659 228661 228663 228667
228682 228684 228685 228692 228700 228710 228729 228730 228731 228744
228747 228750 228778 228781 228788 228790 228803 228830 228833 228835
228839 228862 228869 228870 228881 228888 228890 228898 228912 228925
228933 228946 228947 228952 228954 228959 228968 228973 228985 228989
228992 228998 229001 229003 229005 229008 229015 229022 229027 229039
229048 229054 229057 229067 229081 229096 229103 229112 229121 229126
229127 229131 229148 229157 229163 229180 229187 229188 229210 229216
229220 229237 229242 229256 229257 229260 229262 229264 229268 229271
229278 229288 229289 229290 229293 229301 229311 229329 229362 229372
229373 229384 229390 229408 229410 229413 229415 229422 229433 229438
229441 229445 229454 229457 229463 229489 229496 229498 229500 229506
229513 229532 229533 229534 229537 229541 229549 229551 229553 229573
229580 229601 229602 229620 229629 229643 229651 229685 229700 229737
229741 229758 229761 229769 229775 229794 229804 229806 229819 229820
229822 229824 229825 229831 229835 229842 229843 229862 229873 229878
229907 229929 229942 229944 229949 229967 229977 229984 230019 230021
230035 230044 230072 230094 230114 230117 230118 230121 230122 230144
230171 230180 230188 230190 230195 230205 230208 230211 230217 230218
230224 230239 230250 230254 230261 230264 230265 230273 230280 230293
230295 230300 230326 230327 230339 230348 230351 230383 230399 230411
230414 230428 230429 230455 230460 230470 230502 230506 230514 230523
230526 230531 230561 230564 230565 230590 230593 230598 230605 230608
230620 230635 230638 230675 230679 230682 230689 230690 230696 230697
230698 230700 230724 230746 230779 230784 230785 230797 230800 230801
230805 230808 230812 230815 230822 230828 230831 230842 230849 230850
230877 230884 230886 230887 230891 230900 230917 230951 230959 230978
231022 231026 231040 231045 231051 231059 231066 231072 231075 231102
231105 231117 231126 231129 231131 231152 231165 231169 231173 231179
231180 231208 231212 231218 231232 231250 231264 231268 231331 231335
231339 231353 231354 231363 231372 231375 231378 231382 231385 231386
231396 231410 231413 231415 231420 231429 231443 231462 231475 231494
231500 231501 231542 231549 231551 231552 231554 231557 231560 231567
231576 231580 231590 231605 231608 231620 231626 231631 231648 231656
231661 231663 231665 231686 231689 231703 231714 231717 231721 231733
231735 231753 231755 231758 231768 231781 231798 231802 231806 231812
231819 231824 231828 231830 231831 231833 231834 231863 231871 231877
231892 231896 231898 231923 231926 231931 231942 231949 231961 231982
231993 232022 232040 232046 232052 232075 232082 232084 232085 232087
232099 232104 232114 232130 232139 232147 232149 232158 232171 232174
232181 232212 232218 232224 232234 232245 232247 232248 232262 232264
232268 232271 232275 232280 232291 232294 232299 232304 232313 232327
232347 232363 232373 232384 232403 232408 232418 232434 232466 232473
232479 232486 232501 232508 232528 232531 232535 232542 232551 232569
232573 232582 232585 232591 232595 232596 232599 232606 232610 232620
232626 232636 232639 232653 232661 232663 232665 232670 232681 232697
232704 232707 232739 232774 232785 232788 232791 232792 232796 232818
232828 232838 232846 232858 232868 232869 232874 232876 232888 232913
232917 232920 232924 232946 232949 232953 232960 232968 233019 233041
233045 233052 233059 233071 233089 233095 233118 233131 233145 233148
233169 233175 233182 233184 233187 233189 233206 233210 233216 233225
233229 233234 233272 233280 233286 233287 233308 233323 233329 233355
233363 233364 233381 233411 233433 233467 233479 233493 233494 233503
233512 233522 233528 233531 233563 233577 233584 233590 233606 233612
233618 233621 233635 233641 233643 233645 233646 233652 233668 233672
233676 233678 233698 233701 233702 233704 233705 233710 233719 233726
233740 233760 233766 233769 233781 233790 233799 233820 233823 233830
233837 233847 233849 233854 233867 233871 233896 233900 233907 233915
233922 233947 233948 233952 233967 233971 233972 233989 234002 234017
234025 234027 234046 234047 234050 234055 234077 234121 234159 234162
234174 234186 234190 234194 234202 234212 234251 234269 234271 234275
234283 234284 234286 234287 234295 234297 234298 234305 234308 234315
234319 234321 234325 234344 234349 234351 234356 234366 234368 234406
234408 234410 234414 234444 234455 234479 234481 234487 234488 234491
234492 234494 234513 234515 234522 234527 234536 234538 234549 234563
234595 234600 234606 234610 234614 234616 234625 234629 234641 234656
234668 234669 234683 234685 234692 234709 234710 234729 234731 234734
234739 234752 234753 234761 234762 234770 234781 234787 234806 234807
234824 234839 234844 234869 234873 234877 234917 234922 234945 234958
234971 234977 234978 234982 234995 235009 235025 235028 235053 235068
235071 235072 235081 235091 235096 235101 235110 235150 235158 235161
235173 235203 235214 235223 235227 235228 235242 235256 235275 235276
235282 235285 235314 235329 235330 235333 235351 235371 235386 235392
235397 235407 235412 235413 235424 235425 235427 235438 235443 235452
235460 235463 235497 235514 235516 235522 235529 235534 235564 235568
235589 235591 235592 235594 235607 235608 235612 235613 235618 235620
235623 235634 235638 235653 235662 235672 235673 235674 235692 235699
235708 235717 235721 235734 235741 235749 235757 235758 235776 235787
235789 235796 235820 235842 235848 235893 235895 235896 235909 235918
235939 235961 235964 235972 235988 235992 235994 236005 236006 236012
236015 236016 236028 236041 236059 236060 236087 236120 236124 236148
236152 236170 236182 236186 236218 236244 236249 236250 236284 236306
236309 236313 236336 236363 236364 236370 236374 236393 236409 236411
236420 236429 236433 236441 236442 236450 236458 236460 236477 236492
236516 236519 236567 236582 236587 236591 236593 236607 236611 236626
236637 236643 236648 236651 236654 236655 236659 236668 236671 236691
236694 236696 236698 236700 236714 236723 236725 236755 236765 236792
236800 236805 236806 236807 236811 236822 236827 236838 236847 236876
236877 236886 236892 236930 236955 236964 236971 236983 236984 236988
237001 237016 237025 237034 237039 237040 237057 237069 237079 237108
237122 237142 237144 237150 237151 237188 237189 237193 237195 237203
237259 237263 237273 237274 237293 237308 237321 237323 237334 237337
237342 237344 237345 237357 237358 237360 237366 237368 237370 237387
237393 237397 237399 237405 237406 237417 237432 237435 237436 237439
237441 237448 237457 237469 237472 237473 237475 237477 237487 237493
237497 237501 237508 237511 237514 237533 237564 237568 237576 237579
237585 237596 237604 237612 237620 237625 237629 237636 237638 237653
237657 237665 237675 237682 237689 237702 237706 237711 237730 237731
237739 237740 237741 237745 237751 237770 237776 237777 237813 237817
237825 237848 237851 237865 237867 237872 237879 237894 237896 237901
237908 237910 237916 237931 237956 237961 237963 238004 238009 238016
238034 238046 238054 238061 238069 238087 238089 238096 238120 238149
238157 238162 238165 238168 238169 238173 238175 238215 238226 238232
238236 238240 238262 238263 238268 238276 238277 238279 238283 238285
238298 238308 238314 238318 238323 238349 238354 238372 238377 238399
238401 238412 238413 238416 238428 238464 238472 238477 238478 238484
238513 238524 238531 238541 238552 238577 238606 238612 238636 238647
238653 238660 238668 238669 238673 238675 238706 238707 238709 238718
238721 238728 238742 238777 238792 238802 238808 238812 238815 238826
238845 238870 238874 238897 238900 238919 238937 238944 238949 238956
238962 238964 238968 238972 238981 238985 239001 239023 239033 239039
239051 239062 239069 239076 239083 239091 239106 239122 239123 239136
239141 239142 239145 239148 239170 239203 239204 239216 239234 239255
239264 239276 239287 239299 239315 239332 239345 239347 239350 239376
239383 239384 239386 239398 239417 239420 239421 239458 239470 239489
239506 239512 239514 239555 239559 239563 239566 239568 239595 239596
239602 239610 239624 239625 239631 239636 239651 239652 239656 239686
239718 239723 239742 239757 239767 239770 239781 239787 239790 239799
239800 239816 239821 239842 239844 239874 239878 239880 239881 239891
239912 239914 239919 239939 239960 239974 239983 239988 239989 239995
239996 240010 240016 240017 240026 240029 240031 240032 240046 240047
240073 240083 240085 240091 240096 240114 240117 240119 240129 240131
240134 240145 240148 240168 240180 240181 240182 240186 240187 240189
240190 240212 240217 240234 240261 240274 240279 240280 240286 240298
240320 240322 240334 240342 240362 240378 240385 240397 240399 240405
240409 240411 240420 240426 240437 240445 240447 240450 240460 240481
240485 240487 240490 240492 240500 240505 240508 240525 240528 240542
240554 240568 240576 240583 240585 240587 240604 240613 240615 240616
240643 240653 240672 240673 240692 240693 240710 240712 240713 240734
240752 240760 240776 240789 240792 240808 240824 240842 240846 240847
240863 240874 240876 240877 240892 240897 240904 240906 240915 240930
240932 240935 240948 240969 240982 241010 241011 241019 241030 241036
241058 241076 241083 241089 241104 241119 241121 241142 241148 241181
241188 241191 241193 241197 241203 241216 241217 241227 241232 241243
241250 241257 241261 241301 241307 241309 241312 241317 241326 241353
241356 241358 241360 241375 241377 241381 241382 241383 241386 241392
241422 241423 241432 241435 241442 241444 241459 241499 241522 241527
241544 241559 241562 241566 241570 241592 241598 241599 241601 241645
241654 241657 241675 241681 241694 241705 241715 241729 241734 241736
241751 241752 241784 241807 241811 241835 241836 241843 241862 241864
241866 241875 241880 241889 241906 241915 241917 241922 241932 241956
241957 241969 241974 241975 241977 241982 241998 242002 242014 242016
242025 242034 242048 242059 242071 242074 242090 242091 242112 242116
242130 242133 242141 242150 242152 242171 242172 242177 242182 242186
242204 242214 242225 242236 242246 242248 242249 242253 242254 242259
242276 242303 242333 242340 242345 242347 242350 242356 242398 242407
242415 242419 242422 242425 242429 242435 242438 242443 242456 242460
242465 242476 242488 242496 242512 242530 242540 242543 242554 242555
242556 242588 242591 242626 242627 242633 242654 242655 242660 242683
242686 242690 242704 242725 242733 242743 242796 242799 242802 242804
242816 242821 242823 242834 242856 242859 242866 242875 242888 242899
242914 242932 242933 242937 242944 242954 242966 242968 242970 243000
243032 243041 243042 243044 243051 243057 243069 243081 243101 243105
243111 243133 243138 243142 243143 243151 243180 243200 243201 243223
243229 243231 243232 243236 243252 243271 243276 243296 243304 243313
243345 243346 243367 243383 243385 243391 243400 243423 243431 243436
243443 243445 243463 243481 243484 243501 243508 243510 243513 243514
243516 243517 243522 243523 243530 243533 243557 243561 243569 243625
243631 243688 243692 243700 243703 243715 243747 243758 243762 243802
243807 243822 243835 243846 243864 243865 243867 243868 243877 243889
243893 243902 243905 243922 243927 243931 243939 243945 243947 243949
243959 243985 243998 244024 244026 244031 244038 244042 244044 244045
244056 244059 244069 244070 244083 244117 244131 244141 244159 244175
244176 244214 244234 244242 244254 244269 244278 244282 244303 244326
244328 244331 244337 244366 244369 244372 244384 244385 244387 244407
244415 244426 244428 244437 244454 244458 244489 244493 244502 244523
244546 244577 244588 244599 244608 244621 244625 244629 244630 244633
244638 244641 244661 244665 244668 244669 244672 244676 244677 244699
244701 244702 244708 244723 244749 244769 244773 244785 244795 244806
244814 244828 244831 244833 244845 244855 244867 244899 244913 244915
244918 244929 244960 244970 244972 244976 244990 244998 245000 245014
245015 245017 245026 245029 245030 245060 245061 245065 245080 245099
245103 245126 245137 245144 245166 245173 245206 245207 245244 245246
245250 245259 245266 245270 245273 245342 245343 245352 245363 245367
245371 245378 245381 245383 245406 245409 245419 245420 245425 245428
245432 245444 245449 245450 245492 245497 245498 245519 245563 245567
245571 245590 245595 245598 245601 245603 245611 245640 245649 245687
245692 245694 245719 245720 245730 245734 245749 245752 245753 245759
245783 245787 245789 245790 245797 245810 245815 245836 245869 245891
245917 245929 245930 245931 245945 245959 245980 245992 245995 245996
246014 246028 246029 246031 246032 246047 246058 246071 246087 246098
246107 246108 246110 246133 246140 246152 246160 246176 246178 246185
246187 246200 246217 246231 246236 246238 246242 246244 246256 246257
246284 246292 246318 246337 246339 246341 246352 246353 246364 246365
246375 246382 246388 246407 246433 246449 246463 246465 246468 246490
246503 246507 246515 246519 246527 246533 246540 246550 246553 246560
246570 246581 246592 246595 246596 246605 246639 246643 246652 246653
246659 246672 246674 246677 246683 246687 246693 246703 246712 246730
246733 246740 246753 246757 246759 246764 246770 246778 246785 246793
246820 246821 246828 246845 246846 246847 246861 246875 246892 246910
246916 246955 246982 246985 247007 247012 247024 247026 247029 247032
247035 247038 247051 247056 247060 247099 247105 247149 247153 247164
247167 247178 247181 247186 247197 247250 247251 247268 247279 247287
247292 247302 247303 247304 247323 247329 247381 247382 247384 247395
247402 247406 247410 247424 247435 247440 247449 247471 247473 247482
247532 247534 247545 247546 247549 247570 247588 247592 247596 247598
247602 247615 247623 247624 247626 247650 247659 247664 247667 247683
247692 247694 247709 247724 247756 247776 247781 247798 247800 247805
247818 247824 247829 247845 247849 247855 247879 247890 247892 247903
247909 247925 247949 247972 247975 247995 248034 248051 248065 248066
248067 248072 248074 248082 248091 248112 248131 248148 248182 248192
248197 248243 248245 248250 248258 248270 248287 248299 248306 248315
248316 248319 248320 248326 248344 248353 248363 248364 248377 248387
248388 248402 248414 248420 248424 248427 248432 248433 248443 248444
248490 248522 248530 248548 248596 248598 248599 248627 248629 248635
248644 248645 248651 248652 248656 248657 248667 248672 248686 248687
248719 248736 248747 248763 248783 248784 248787 248815 248831 248835
248839 248848 248850 248853 248857 248899 248902 248905 248908 248920
248933 248959 248961 248965 248973 249001 249012 249033 249048 249050
249070 249073 249075 249077 249094 249119 249146 249156 249159 249161
249162 249188 249207 249210 249215 249216 249239 249246 249252 249259
249262 249279 249300 249331 249332 249333 249336 249344 249352 249353
249359 249362 249364 249367 249404 249441 249464 249468 249473 249480
249519 249528 249566 249571 249586 249592 249597 249620 249622 249624
249642 249730 249731 249734 249740 249751 249762 249763 249765 249776
249779 249788 249793 249796 249827 249833 249836 249849 249878 249881
249888 249907 249916 249920 249928 249930 249968 249982 249983 249985
249986 250002 250013 250040 250056 250060 250077 250087 250101 250117
250123 250124 250130 250139 250147 250149 250164 250170 250173 250175
250177 250188 250197 250199 250201 250213 250227 250240 250246 250250
250251 250259 250265 250267 250268 250281 250289 250290 250300 250307
250317 250372 250386 250388 250426 250445 250454 250460 250461 250462
250473 250475 250484 250488 250489 250492 250496 250511 250512 250521
250529 250532 250541 250570 250580 250588 250600 250620 250633 250646
250677 250679 250690 250694 250705 250729 250746 250761 250762 250775
250776 250787 250792 250793 250798 250824 250826 250827 250832 250833
250844 250882 250905 250912 250919 250928 250939 250942 250948 250957
250982 250988 251007 251021 251022 251025 251034 251036 251040 251046
251049 251054 251056 251060 251073 251078 251081 251093 251127 251132
251135 251143 251147 251151 251154 251155 251157 251158 251174 251180
251181 251195 251210 251214 251227 251249 251253 251256 251292 251293
251298 251304 251339 251344 251349 251352 251362 251367 251390 251407
251410 251413 251414 251415 251416 251445 251471 251486 251508 251529
251544 251555 251562 251571 251573 251580 251585 251592 251595 251616
251625 251627 251640 251641 251651 251674 251677 251706 251708 251715
251725 251727 251731 251742 251752 251760 251770 251772 251776 251778
251792 251809 251815 251817 251827 251836 251854 251861 251865 251891
251897 251909 251925 251927 251934 251962 251975 251998 252000 252006
252008 252011 252014 252032 252042 252046 252052 252062 252079 252085
252088 252101 252106 252117 252126 252140 252141 252153 252172 252179
252184 252195 252203 252206 252225 252229 252235 252244 252247 252265
252274 252277 252278 252279 252301 252313 252314 252332 252341 252356
252372 252374 252381 252389 252390 252394 252395 252404 252407 252411
252416 252433 252446 252451 252458 252468 252472 252473 252477 252532
252558 252564 252566 252573 252593 252597 252605 252606 252613 252622
252664 252667 252674 252689 252699 252724 252734 252740 252741 252744
252766 252777 252786 252788 252812 252838 252853 252854 252889 252895
252905 252921 252926 252936 252942 252952 252959 252969 252979 252991
252997 252998 253013 253025 253033 253043 253080 253086 253095 253100
253112 253119 253139 253151 253155 253218 253229 253238 253243 253259
253268 253273 253289 253302 253310 253332 253342 253343 253347 253356
253366 253374 253377 253387 253388 253393 253397 253405 253421 253424
253430 253439 253449 253460 253466 253469 253474 253475 253502 253506
253530 253537 253540 253549 253551 253569 253575 253581 253604 253627
253628 253634 253639 253644 253662 253665 253684 253700 253707 253710
253728 253729 253737 253745 253751 253771 253773 253805 253810 253812
253839 253840 253868 253869 253889 253890 253891 253895 253902 253906
253913 253917 253928 253931 253939 253940 253952 253963 253966 253970
253977 253995 253996 254006 254014 254015 254029 254048 254063 254081
254082 254086 254115 254118 254124 254130 254136 254141 254145 254164
254177 254186 254193 254217 254228 254243 254250 254284 254291 254303
254306 254309 254314 254330 254331 254333 254339 254347 254350 254351
254361 254365 254376 254380 254386 254414 254418 254441 254462 254479
254481 254490 254498 254509 254511 254515 254520 254524 254536 254549
254572 254574 254585 254588 254596 254611 254633 254639 254648 254649
254650 254661 254662 254698 254701 254713 254715 254720 254723 254748
254767 254778 254779 254790 254800 254803 254806 254822 254836 254839
254848 254849 254851 254869 254873 254879 254880 254896 254898 254907
254916 254917 254923 254931 254937 254939 254963 254979 254988 255008
255027 255030 255041 255047 255071 255089 255098 255100 255133 255140
255148 255150 255153 255158 255173 255181 255185 255188 255197 255209
255223 255235 255255 255256 255262 255272 255274 255292 255330 255338
255343 255355 255369 255397 255404 255412 255416 255422 255431 255436
255440 255450 255456 255468 255480 255488 255492 255505 255523 255537
255544 255565 255591 255620 255631 255637 255638 255642 255679 255681
255682 255687 255690 255691 255697 255699 255706 255710 255711 255744
255748 255762 255770 255777 255781 255811 255815 255823 255824 255844
255848 255872 255874 255887 255900 255910 255929 255932 255937 255939
255940 255954 255971 255979 255985 255988 255994 255996 256002 256022
256023 256026 256034 256051 256069 256080 256085 256087 256089 256097
256100 256113 256120 256126 256128 256135 256137 256141 256158 256173
256185 256188 256192 256200 256205 256209 256211 256221 256222 256223
256225 256230 256233 256239 256241 256248 256253 256254 256260 256266
256268 256270 256313 256320 256333 256343 256351 256363 256364 256370
256378 256382 256400 256412 256419 256425 256432 256435 256444 256462
256469 256470 256480 256490 256516 256520 256522 256526 256528 256537
256549 256554 256555 256589 256608 256626 256643 256655 256688 256689
256698 256699 256702 256713 256719 256720 256730 256732 256736 256748
256758 256768 256778 256781 256788 256797 256799 256803 256808 256811
256860 256871 256883 256884 256890 256897 256905 256912 256920 256924
256925 256936 256952 256977 256999 257019 257036 257046 257066 257070
257083 257102 257112 257144 257165 257177 257195 257203 257212 257221
257234 257237 257238 257242 257243 257244 257268 257291 257293 257298
257312 257313 257325 257332 257341 257343 257344 257345 257354 257356
257359 257361 257363 257373 257378 257380 257403 257419 257449 257455
257463 257471 257484 257487 257498 257516 257518 257520 257522 257530
257559 257563 257570 257571 257580 257583 257584 257591 257602 257630
257657 257665 257694 257698 257723 257725 257747 257755 257771 257792
257794 257802 257803 257806 257833 257834 257846 257866 257870 257886
257891 257894 257902 257907 257908 257910 257935 257943 257947 257949
257953 257969 257980 257988 257994 258000 258001 258003 258007 258018
258035 258042 258054 258075 258083 258092 258100 258114 258120 258123
258124 258127 258145 258165 258180 258181 258195 258205 258219 258228
258229 258257 258264 258266 258275 258276 258296 258297 258298 258304
258319 258321 258327 258330 258341 258356 258375 258378 258387 258407
258413 258423 258427 258460 258461 258465 258466 258470 258482 258484
258498 258502 258515 258524 258539 258560 258573 258579 258582 258586
258622 258639 258648 258651 258654 258662 258670 258675 258688 258690
258694 258706 258718 258731 258741 258744 258767 258775 258800 258809
258819 258823 258837 258843 258846 258858 258866 258868 258874 258891
258893 258915 258923 258929 258931 258940 258951 258956 258974 258978
258990 259003 259035 259043 259044 259045 259057 259062 259072 259097
259098 259107 259108 259112 259124 259140 259142 259147 259148 259149
259161 259165 259167 259183 259227 259232 259253 259262 259272 259277
259278 259288 259307 259316 259324 259337 259341 259371 259378 259394
259400 259404 259413 259438 259468 259473 259474 259483 259489 259491
259502 259519 259520 259521 259530 259534 259536 259550 259554 259595
259602 259608 259609 259637 259638 259641 259646 259649 259658 259669
259670 259681 259684 259708 259719 259728 259731 259742 259761 259769
259778 259794 259797 259799 259805 259812 259813 259832 259869 259878
259883 259884 259887 259898 259906 259918 259930 259938 259942 259948
259955 259956 259973 259977 259986 259988 259993 259998 260002 260028
260052 260079 260080 260081 260091 260096 260103 260140 260147 260159
260163 260178 260189 260190 260198 260203 260206 260212 260249 260276
260280 260281 260291 260330 260331 260343 260355 260363 260367 260378
260382 260389 260393 260395 260403 260405 260411 260434 260436 260446
260449 260457 260467 260471 260500 260512 260514 260520 260543 260550
260551 260553 260561 260563 260579 260585 260600 260608 260635 260670
260705 260722 260748 260786 260802 260812 260831 260844 260845 260852
260860 260876 260877 260893 260898 260903 260918 260928 260930 260949
260950 260956 260963 260992 261018 261021 261026 261043 261045 261047
261073 261076 261078 261086 261087 261099 261108 261110 261116 261117
261129 261148 261160 261161 261162 261179 261180 261181 261210 261249
261267 261271 261275 261316 261317 261319 261321 261326 261329 261339
261345 261346 261353 261356 261362 261367 261390 261400 261410 261438
261447 261454 261477 261490 261492 261520 261522 261523 261525 261540
261548 261556 261567 261579 261601 261604 261608 261624 261625 261631
261633 261639 261640 261651 261652 261658 261666 261677 261680 261687
261711 261716 261721 261734 261740 261741 261745 261772 261780 261781
261787 261789 261804 261817 261833 261843 261860 261862 261876 261887
261888 261913 261928 261933 261939 261947 261964 261976 261992 261993
262011 262030 262048 262060 262065 262081 262094 262099 262110 262116
262127 262134 262135 262136 262139 262152 262154 262160 262169 262174
262184 262187 262189 262190 262197 262214 262231 262235 262242 262260
262273 262292 262314 262325 262333 262339 262351 262354 262356 262378
262404 262433 262434 262451 262452 262457 262481 262491 262522 262533
262543 262562 262564 262567 262590 262592 262597 262603 262604 262605
262606 262625 262632 262640 262656 262676 262680 262682 262687 262688
262699 262705 262719 262731 262738 262739 262740 262743 262746 262757
262777 262779 262780 262798 262805 262844 262854 262864 262870 262877
262883 262910 262918 262933 262936 262948 262951 262963 262988 262989
262994 263040 263045 263057 263063 263064 263087 263099 263100 263125
263144 263145 263149 263152 263153 263156 263180 263200 263201 263206
263232 263243 263249 263261 263273 263302 263303 263305 263317 263324
263352 263356 263358 263384 263385 263396 263398 263408 263411 263414
263420 263434 263439 263445 263451 263457 263469 263488 263492 263497
263509 263528 263533 263539 263565 263567 263583 263602 263608 263614
263620 263621 263635 263657 263660 263676 263681 263729 263754 263762
263776 263777 263816 263822 263828 263839 263846 263847 263852 263858
263859 263868 263869 263879 263903 263905 263907 263912 263920 263934
263943 263946 263960 263964 263965 263976 263987 264004 264019 264021
264025 264043 264049 264051 264071 264074 264076 264082 264097 264109
264111 264113 264114 264132 264136 264144 264148 264157 264170 264183
264184 264186 264202 264208 264220 264221 264238 264240 264248 264258
264261 264264 264268 264269 264271 264280 264281 264285 264292 264296
264297 264312 264349 264361 264363 264367 264379 264384 264386 264391
264437 264446 264452 264459 264464 264472 264500 264504 264505 264512
264522 264529 264533 264535 264541 264543 264556 264557 264580 264596
264599 264616 264617 264625 264630 264632 264652 264678 264679 264707
264714 264716 264723 264727 264736 264751 264758 264761 264765 264773
264776 264780 264788 264806 264813 264828 264837 264852 264859 264865
264868 264879 264886 264898 264899 264906 264908 264923 264928 264929
264943 264946 264984 264992 265009 265019 265029 265038 265041 265048
265053 265054 265060 265087 265108 265128 265130 265141 265146 265147
265154 265159 265161 265162 265166 265173 265184 265188 265189 265203
265205 265208 265210 265211 265223 265227 265234 265245 265268 265272
265279 265322 265356 265365 265366 265369 265373 265381 265389 265425
265447 265449 265456 265457 265464 265466 265477 265518 265526 265541
265548 265549 265564 265566 265567 265585 265586 265588 265643 265645
265649 265650 265651 265655 265658 265674 265695 265696 265731 265742
265762 265790 265793 265809 265811 265812 265818 265846 265857 265865
265869 265883 265887 265888 265898 265945 265947 265950 265966 265969
265987 265988 265990 266007 266017 266019 266052 266063 266115 266120
266123 266145 266165 266171 266172 266185 266207 266209 266222 266239
266242 266249 266258 266273 266279 266285 266296 266297 266323 266333
266338 266340 266346 266352 266356 266359 266363 266370 266418 266419
266422 266423 266428 266431 266445 266447 266466 266479 266492 266496
266499 266514 266532 266539 266543 266566 266586 266595 266598 266620
266650 266672 266676 266689 266723 266728 266737 266750 266762 266766
266774 266785 266799 266806 266807 266845 266846 266849 266859 266866
266892 266908 266919 266954 266958 266982 266995 267012 267020 267024
267041 267056 267067 267086 267096 267097 267101 267105 267106 267125
267133 267140 267145 267150 267155 267162 267167 267178 267209 267212
267215 267225 267239 267247 267255 267257 267291 267315 267322 267323
267338 267349 267355 267367 267369 267370 267376 267385 267395 267397
267422 267442 267453 267459 267483 267498 267500 267503 267517 267525
267537 267538 267549 267559 267563 267567 267570 267622 267623 267628
267637 267640 267653 267656 267658 267676 267693 267698 267702 267704
267729 267750 267758 267760 267770 267771 267782 267787 267794 267796
267802 267807 267808 267833 267848 267868 267870 267875 267877 267886
267892 267900 267928 267934 267938 267948 267953 267958 267975 267977
267985 267988 267995 267997 268008 268018 268025 268032 268050 268053
268085 268092 268098 268103 268106 268108 268110 268113 268116 268118
268119 268141 268150 268153 268173 268183 268225 268230 268235 268254
268260 268279 268290 268313 268317 268319 268320 268351 268357 268358
268370 268377 268391 268401 268407 268415 268430 268435 268438 268441
268454 268456 268465 268468 268478 268488 268495 268504 268505 268506
268509 268512 268527 268537 268540 268542 268544 268563 268567 268573
268575 268584 268618 268625 268647 268653 268660 268664 268665 268670
268672 268695 268714 268717 268721 268727 268734 268736 268744 268773
268778 268780 268795 268803 268810 268821 268824 268826 268836 268854
268865 268880 268887 268898 268930 268933 268934 268981 268986 268989
269001 269014 269017 269045 269048 269050 269052 269054 269066 269082
269086 269093 269118 269119 269122 269126 269142 269143 269144 269152
269155 269169 269183 269192 269198 269199 269213 269216 269223 269243
269245 269247 269249 269268 269281 269293 269295 269298 269303 269306
269355 269365 269376 269398 269405 269407 269420 269440 269449 269454
269456 269469 269474 269475 269494 269499 269519 269546 269564 269576
269589 269632 269641 269650 269664 269680 269683 269698 269703 269706
269713 269744 269754 269755 269759 269761 269768 269811 269815 269821
269849 269867 269875 269878 269890 269892 269940 269944 269945 269951
269956 269962 269967 270006 270024 270028 270031 270052 270071 270078
270085 270121 270123 270126 270139 270189 270193 270196 270198 270209
270210 270224 270236 270263 270272 270283 270290 270307 270329 270336
270338 270354 270364 270382 270392 270397 270400 270413 270416 270419
270439 270450 270455 270456 270461 270463 270466 270482 270486 270488
270495 270514 270519 270527 270528 270540 270542 270562 270563 270577
270580 270599 270605 270610 270613 270628 270643 270648 270675 270685
270690 270699 270714 270720 270745 270761 270771 270779 270799 270807
270828 270830 270841 270847 270850 270861 270864 270874 270895 270897
270903 270907 270919 270923 270968 270993 270998 271002 271006 271033
271051 271054 271059 271064 271071 271085 271086 271089 271093 271100
271109 271111 271113 271135 271141 271151 271162 271164 271166 271172
271182 271191 271208 271210 271232 271245 271250 271253 271278 271282
271295 271297 271301 271327 271332 271338 271341 271351 271355 271357
271359 271380 271383 271403 271411 271415 271425 271437 271460 271470
271491 271493 271498 271500 271506 271507 271508 271519 271522 271549
271558 271582 271588 271590 271614 271616 271629 271631 271634 271636
271656 271663 271673 271677 271715 271723 271731 271737 271749 271754
271775 271816 271818 271829 271833 271841 271842 271850 271853 271855
271868 271877 271878 271881 271888 271891 271898 271902 271909 271922
271931 271934 271953 271956 271964 271986 271989 271994 272009 272028
272031 272032 272040 272053 272085 272111 272112 272126 272133 272148
272161 272164 272191 272197 272213 272225 272234 272243 272262 272278
272279 272295 272296 272297 272306 272310 272342 272356 272369 272384
272391 272392 272397 272411 272412 272419 272420 272457 272458 272474
272482 272490 272509 272513 272521 272525 272549 272550 272558 272567
272573 272584 272598 272618 272645 272656 272667 272668 272673 272689
272691 272699 272702 272710 272717 272720 272742 272760 272770 272781
272787 272820 272825 272854 272855 272862 272874 272897 272915 272923
272949 272951 272952 272958 272967 272977 272987 273019 273032 273034
273036 273042 273065 273067 273073 273081 273094 273099 273101 273118
273125 273132 273173 273176 273193 273202 273204 273208 273241 273249
273250 273280 273281 273288 273289 273297 273303 273325 273328 273352
273380 273386 273392 273393 273399 273411 273417 273442 273443 273470
273475 273499 273519 273534 273547 273556 273568 273569 273577 273581
273591 273596 273606 273640 273642 273646 273649 273664 273672 273678
273694 273697 273718 273721 273723 273728 273737 273750 273752 273759
273766 273772 273773 273778 273780 273781 273787 273795 273807 273813
273818 273831 273835 273844 273846 273867 273873 273890 273897 273926
273930 273971 273980 273996 274006 274013 274024 274025 274038 274040
274050 274052 274059 274065 274122 274130 274143 274152 274197 274211
274212 274237 274243 274253 274254 274275 274284 274315 274318 274323
274337 274341 274345 274360 274365 274373 274377 274382 274431 274442
274449 274474 274497 274498 274503 274504 274537 274538 274540 274550
274584 274593 274596 274600 274602 274607 274615 274616 274625 274635
274638 274646 274651 274670 274673 274674 274675 274686 274687 274688
274699 274712 274742 274743 274755 274768 274779 274796 274798 274816
274818 274826 274832 274838 274860 274874 274893 274920 274936 274939
274945 274947 274952 274954 274957 274962 274964 274971 274982 274990
275004 275026 275043 275069 275074 275089 275092 275094 275116 275121
275136 275138 275140 275157 275163 275174 275175 275180 275187 275190
275198 275225 275228 275243 275249 275251 275256 275261 275262 275274
275275 275277 275282 275283 275294 275301 275311 275321 275326 275327
275357 275359 275367 275377 275406 275410 275412 275431 275439 275443
275473 275476 275507 275522 275527 275528 275555 275559 275564 275581
275584 275600 275608 275626 275632 275639 275640 275660 275665 275675
275685 275686 275699 275700 275706 275710 275711 275722 275729 275735
275741 275747 275758 275761 275767 275772 275779 275832 275848 275852
275867 275872 275877 275890 275902 275912 275932 275934 275939 275951
275957 275961 275967 275982 276005 276012 276021 276032 276050 276052
276083 276090 276106 276117 276165 276175 276185 276229 276234 276244
276245 276253 276266 276270 276285 276292 276293 276298 276312 276321
276343 276345 276350 276374 276379 276390 276402 276407 276410 276419
276444 276448 276457 276493 276494 276495 276497 276500 276501 276506
276510 276519 276532 276534 276542 276547 276573 276574 276580 276596
276610 276612 276615 276616 276620 276624 276626 276628 276637 276648
276656 276677 276683 276689 276692 276696 276709 276727 276728 276735
276741 276747 276755 276778 276804 276809 276826 276828 276852 276875
276879 276890 276900 276911 276921 276922 276935 276939 276950 276963
276965 276971 276984 276988 276990 276994 277000 277004 277029 277048
277050 277053 277057 277060 277070 277073 277094 277099 277108 277111
277119 277143 277156 277158 277168 277172 277183 277187 277189 277191
277204 277207 277218 277219 277226 277229 277233 277259 277278 277281
277300 277304 277309 277313 277317 277321 277332 277339 277346 277354
277360 277367 277368 277378 277390 277402 277406 277412 277438 277463
277472 277474 277480 277486 277488 277509 277516 277522 277523 277552
277568 277582 277587 277591 277594 277600 277606 277612 277615 277617
277619 277633 277634 277654 277660 277662 277665 277668 277670 277676
277677 277683 277690 277695 277697 277701 277711 277712 277719 277728
277732 277743 277759 277775 277777 277778 277796 277803 277808 277831
277844 277851 277879 277881 277888 277892 277893 277898 277902 277918
277932 277943 277955 277961 277965 277977 277981 278010 278032 278033
278035 278043 278046 278061 278064 278072 278076 278078 278086 278106
278122 278145 278157 278159 278172 278180 278196 278213 278222 278238
278248 278261 278268 278281 278285 278293 278295 278309 278327 278332
278334 278349 278351 278355 278375 278410 278418 278424 278425 278427
278441 278444 278450 278453 278466 278467 278473 278478 278493 278494
278508 278509 278532 278540 278549 278576 278586 278599 278606 278613
278628 278631 278646 278671 278678 278681 278688 278709 278714 278732
278738 278741 278759 278765 278768 278772 278776 278794 278813 278826
278828 278841 278866 278867 278868 278870 278871 278883 278884 278891
278892 278893 278899 278900 278906 278915 278918 278927 278933 278938
278958 278968 278971 278977 278991 278994 278998 279003 279020 279057
279058 279060 279065 279072 279088 279113 279132 279133 279141 279145
279150 279170 279185 279189 279199 279204 279207 279225 279226 279244
279246 279249 279267 279274 279278 279289 279296 279325 279352 279372
279388 279405 279414 279423 279454 279460 279461 279465 279466 279479
279480 279491 279495 279515 279520 279536 279538 279547 279550 279554
279555 279565 279576 279586 279589 279590 279594 279596 279600 279613
279617 279619 279635 279656 279664 279680 279688 279698 279707 279769
279770 279773 279779 279793 279794 279815 279816 279821 279827 279843
279846 279856 279866 279882 279886 279887 279902 279916 279929 279936
279947 279950 279972 279998 280001 280009 280010 280018 280029 280037
280045 280054 280056 280062 280068 280080 280083 280092 280095 280097
280101 280109 280113 280126 280142 280152 280188 280189 280197 280205
280209 280216 280227 280262 280274 280286 280296 280310 280314 280320
280329 280331 280337 280342 280360 280370 280376 280385 280388 280390
280395 280407 280413 280414 280426 280427 280433 280438 280440 280446
280453 280454 280455 280464 280471 280488 280504 280507 280509 280517
280532 280538 280546 280550 280551 280562 280570 280577 280619 280621
280641 280652 280655 280656 280673 280687 280712 280713 280736 280747
280762 280823 280830 280831 280845 280853 280857 280865 280871 280875
280885 280899 280919 280921 280935 280951 280954 280967 280984 280987
281006 281019 281032 281041 281043 281047 281053 281056 281062 281064
281066 281076 281079 281096 281103 281119 281139 281152 281163 281167
281175 281187 281194 281218 281220 281221 281237 281242 281246 281253
281262 281266 281279 281286 281292 281314 281323 281337 281343 281360
281370 281374 281378 281380 281387 281392 281399 281400 281406 281422
281423 281429 281430 281436 281485 281498 281503 281507 281515 281536
281537 281578 281581 281588 281593 281600 281622 281627 281630 281638
281657 281659 281674 281679 281735 281738 281739 281748 281756 281765
281766 281771 281773 281776 281780 281793 281798 281818 281820 281841
281852 281856 281863 281864 281868 281869 281874 281877 281883 281889
281905 281933 281940 281956 281959 281964 281999 282000 282003 282022
282044 282060 282062 282071 282085 282100 282111 282128 282130 282147
282171 282182 282199 282210 282212 282228 282246 282247 282261 282272
282275 282288 282290 282291 282295 282300 282337 282341 282343 282344
282347 282354 282367 282377 282399 282414 282420 282448 282456 282457
282461 282464 282467 282472 282488 282507 282512 282527 282541 282549
282571 282575 282580 282592 282616 282618 282651 282660 282662 282675
282677 282678 282691 282692 282728 282730 282745 282747 282754 282757
282768 282774 282784 282792 282796 282798 282806 282812 282814 282821
282827 282837 282841 282849 282859 282871 282874 282876 282882 282884
282889 282911 282919 282942 282967 282988 282996 283008 283012 283014
283024 283031 283037 283038 283039 283045 283061 283096 283100 283122
283133 283150 283154 283157 283187 283190 283194 283206 283207 283217
283223 283228 283241 283242 283250 283252 283276 283282 283301 283305
283315 283329 283332 283341 283345 283374 283389 283402 283405 283416
283436 283457 283465 283467 283472 283485 283490 283496 283514 283516
283550 283552 283556 283557 283566 283567 283581 283585 283602 283609
283617 283639 283643 283644 283651 283652 283661 283666 283674 283684
283701 283731 283732 283738 283741 283742 283747 283763 283785 283796
283801 283805 283813 283827 283838 283845 283847 283848 283862 283866
283867 283873 283878 283880 283888 283893 283903 283908 283909 283924
283928 283939 283949 283957 283965 283988 283992 284001 284005 284032
284033 284047 284062 284070 284071 284092 284106 284114 284134 284164
284176 284185 284207 284215 284224 284232 284253 284255 284277 284303
284335 284336 284344 284347 284351 284356 284370 284381 284389 284399
284403 284407 284425 284428 284434 284455 284457 284461 284462 284474
284515 284562 284564 284617 284622 284625 284639 284646 284661 284665
284670 284673 284681 284685 284692 284695 284699 284701 284703 284715
284722 284730 284734 284742 284744 284757 284766 284771 284783 284797
284808 284815 284819 284823 284848 284853 284860 284867 284869 284885
284887 284891 284899 284908 284909 284917 284918 284930 284938 284947
284966 284974 284982 284989 284995 285006 285011 285013 285014 285030
285038 285044 285055 285059 285064 285074 285079 285121 285127 285133
285147 285156 285165 285173 285174 285176 285185 285189 285197 285198
285201 285208 285225 285226 285234 285236 285239 285250 285259 285260
285263 285267 285296 285303 285316 285324 285327 285343 285344 285349
285356 285357 285370 285372 285379 285384 285392 285396 285398 285429
285441 285460 285463 285485 285504 285519 285526 285538 285545 285562
285563 285565 285572 285573 285584 285586 285598 285610 285612 285617
285624 285629 285633 285644 285647 285663 285671 285737 285746 285751
285762 285778 285787 285869 285872 285886 285894 285902 285914 285916
285937 285941 285951 285962 285967 285974 285981 285995 286027 286035
286049 286072 286075 286078 286093 286101 286106 286120 286123 286126
286143 286203 286206 286213 286219 286248 286249 286268 286274 286276
286283 286309 286313 286316 286353 286361 286398 286404 286405 286409
286427 286429 286430 286435 286445 286451 286455 286474 286475 286490
286518 286524 286525 286530 286538 286568 286572 286607 286609 286617
286642 286659 286671 286672 286673 286692 286700 286702 286704 286748
286752 286770 286786 286787 286822 286854 286875 286891 286898 286900
286904 286906 286907 286917 286937 286939 286949 286950 286955 286956
286980 286987 286991 286994 286996 287006 287013 287038 287045 287056
287075 287079 287107 287129 287142 287148 287152 287172 287184 287195
287218 287238 287241 287242 287277 287279 287301 287303 287305 287311
287314 287323 287328 287335 287344 287371 287379 287389 287397 287399
287425 287438 287441 287442 287443 287445 287448 287451 287462 287476
287477 287493 287497 287501 287516 287518 287556 287572 287578 287583
287584 287592 287596 287601 287604 287624 287629 287644 287654 287675
287705 287716 287720 287740 287748 287756 287758 287762 287778 287779
287789 287793 287799 287804 287809 287818 287836 287855 287865 287872
287881 287883 287888 287895 287896 287898 287916 287923 287931 287936
287961 287966 287976 287982 287986 287990 287991 287992 287993 287996
288006 288014 288021 288039 288050 288072 288077 288079 288082 288098
288100 288115 288133 288158 288164 288176 288180 288182 288183 288212
288223 288229 288248 288257 288266 288267 288275 288279 288282 288288
288289 288293 288312 288331 288336 288342 288344 288351 288353 288365
288367 288376 288388 288390 288394 288395 288398 288413 288417 288430
288434 288437 288448 288456 288489 288490 288500 288514 288535 288539
288548 288560 288567 288571 288576 288583 288593 288598 288603 288609
288617 288619 288637 288645 288654 288690 288696 288706 288710 288731
288747 288748 288775 288776 288777 288779 288786 288790 288795 288801
288805 288816 288849 288864 288874 288877 288879 288880 288881 288883
288926 288934 288955 288958 288968 288971 288972 288988 289004 289008
289016 289028 289031 289035 289036 289048 289049 289065 289079 289084
289085 289086 289111 289143 289149 289151 289168 289175 289178 289190
289202 289228 289263 289274 289296 289301 289303 289307 289323 289331
289345 289350 289360 289362 289364 289382 289392 289409 289414 289428
289437 289442 289451 289472 289502 289516 289533 289540 289549 289550
289552 289556 289580 289588 289598 289601 289610 289614 289638 289644
289645 289668 289682 289688 289694 289695 289696 289699 289718 289730
289744 289748 289753 289762 289793 289801 289819 289830 289848 289852
289854 289884 289891 289908 289909 289929 289941 289946 289947 289954
289957 289959 289977 289987 289989 289999 290001 290005 290010 290012
290047 290048 290055 290056 290058 290061 290067 290076 290079 290080
290090 290112 290120 290121 290131 290149 290150 290191 290193 290197
290224 290227 290228 290232 290240 290259 290282 290284 290299 290314
290316 290317 290336 290343 290346 290349 290391 290405 290416 290420
290433 290435 290450 290461 290483 290486 290504 290507 290513 290525
290528 290529 290531 290549 290558 290561 290562 290575 290604 290620
290623 290630 290653 290655 290671 290690 290693 290703 290715 290717
290725 290731 290746 290772 290787 290799 290810 290812 290821 290823
290825 290831 290847 290851 290860 290865 290866 290882 290887 290890
290914 290930 290931 290934 290948 290955 290958 290974 290975 290979
290982 290997 291012 291020 291035 291056 291067 291074 291077 291133
291139 291140 291150 291171 291186 291190 291192 291206 291216 291233
291239 291242 291244 291249 291259 291285 291301 291303 291309 291314
291317 291320 291327 291328 291333 291339 291349 291351 291361 291362
291383 291392 291405 291428 291441 291443 291448 291473 291480 291490
291499 291503 291510 291515 291525 291551 291564 291571 291576 291580
291601 291620 291633 291658 291668 291674 291683 291690 291712 291723
291738 291761 291772 291784 291788 291797 291817 291839 291840 291861
291866 291871 291881 291905 291908 291928 291943 291947 291948 291954
291971 291987 291992 291999 292006 292011 292020 292043 292044 292046
292049 292053 292059 292071 292075 292076 292079 292120 292125 292129
292134 292146 292184 292240 292254 292260 292275 292277 292282 292284
292305 292312 292339 292340 292373 292376 292391 292406 292408 292410
292425 292428 292462 292477 292478 292503 292513 292516 292529 292534
292547 292559 292561 292569 292592 292645 292660 292670 292675 292702
292711 292713 292736 292739 292750 292757 292763 292773 292776 292778
292834 292854 292857 292859 292867 292873 292884 292920 292921 292933
292944 292955 292960 292991 293006 293009 293010 293011 293012 293020
293041 293042 293047 293051 293061 293062 293067 293073 293076 293077
293087 293093 293098 293099 293103 293104 293107 293109 293127 293128
293157 293162 293165 293169 293170 293173 293174 293187 293195 293204
293214 293216 293218 293220 293225 293228 293240 293241 293275 293290
293301 293321 293333 293337 293341 293344 293345 293350 293353 293354
293360 293397 293404 293443 293471 293472 293496 293517 293523 293552
293572 293575 293586 293587 293602 293608 293615 293628 293634 293635
293643 293656 293658 293673 293691 293693 293700 293712 293714 293746
293749 293777 293782 293802 293803 293806 293810 293814 293873 293875
293878 293881 293886 293904 293917 293918 293920 293970 293972 293976
293998 294004 294008 294038 294065 294083 294136 294154 294170 294174
294181 294185 294188 294211 294214 294221 294230 294232 294252 294269
294272 294275 294284 294286 294288 294291 294305 294306 294307 294336
294372 294373 294388 294395 294407 294412 294418 294420 294441 294459
294461 294469 294491 294503 294526 294533 294547 294550 294579 294581
294586 294589 294607 294608 294616 294625 294631 294639 294643 294648
294669 294674 294690 294698 294699 294705 294709 294737 294745 294746
294749 294765 294766 294779 294794 294820 294826 294835 294837 294838
294847 294852 294860 294877 294880 294886 294895 294896 294897 294919
294934 294936 294941 294954 294961 294965 294974 294977 294979 295006
295007 295025 295046 295049 295068 295069 295107 295112 295122 295131
295140 295144 295150 295156 295160 295163 295181 295205 295209 295244
295253 295271 295272 295274 295278 295286 295294 295296 295306 295321
295354 295356 295383 295388 295407 295416 295422 295427 295436 295441
295468 295475 295477 295504 295505 295511 295513 295516 295520 295525
295526 295530 295537 295540 295542 295572 295597 295600 295606 295608
295617 295637 295666 295678 295698 295700 295704 295706 295714 295725
295726 295738 295765 295770 295773 295780 295815 295819 295849 295859
295862 295865 295883 295886 295894 295906 295915 295916 295921 295924
295933 295950 295951 295952 295961 295967 295973 295986 295987 295989
295994 295997 296001 296018 296020 296029 296030 296037 296069 296071
296123 296124 296137 296164 296166 296173 296180 296195 296196 296211
296214 296216 296223 296243 296247 296248 296271 296315 296338 296343
296347 296366 296388 296416 296423 296424 296427 296431 296448 296472
296481 296496 296500 296530 296535 296545 296568 296576 296578 296580
296596 296597 296611 296624 296625 296628 296629 296663 296674 296682
296685 296690 296717 296731 296739 296742 296755 296760 296776 296781
296787 296804 296805 296810 296811 296819 296838 296845 296863 296905
296908 296923 296947 296979 296984 296985 296989 296990 297000 297002
297008 297011 297027 297029 297032 297063 297075 297092 297129 297145
297148 297152 297165 297172 297177 297192 297232 297237 297244 297251
297262 297279 297286 297293 297299 297300 297302 297312 297313 297329
297331 297332 297337 297339 297344 297360 297372 297376 297378 297379
297381 297394 297402 297423 297437 297446 297458 297459 297462 297479
297495 297502 297503 297529 297532 297543 297560 297563 297570 297597
297608 297633 297641 297646 297661 297663 297691 297698 297714 297721
297724 297758 297759 297769 297770 297785 297791 297794 297797 297800
297804 297842 297856 297861 297866 297882 297887 297904 297910 297935
297945 297954 297955 297969 297976 297983 297990 297999 298051 298056
298064 298083 298089 298111 298113 298119 298128 298134 298184 298200
298228 298230 298234 298235 298248 298269 298281 298284 298295 298300
298306 298318 298333 298343 298353 298370 298383 298393 298394 298405
298409 298424 298429 298448 298462 298465 298495 298517 298528 298536
298537 298542 298549 298557 298576 298577 298580 298600 298605 298617
298620 298637 298648 298652 298654 298655 298669 298712 298713 298716
298717 298718 298725 298728 298730 298734 298740 298745 298756 298757
298768 298775 298785 298791 298799 298800 298802 298803 298823 298846
298860 298863 298868 298871 298884 298886 298891 298896 298923 298931
298944 298964 298969 298981 299006 299008 299011 299029 299033 299061
299073 299085 299101 299102 299106 299135 299139 299146 299157 299161
299163 299193 299213 299220 299227 299230 299243 299247 299274 299279
299287 299290 299293 299300 299301 299312 299329 299331 299348 299361
299372 299377 299380 299382 299389 299392 299404 299408 299417 299438
299448 299449 299452 299469 299470 299476 299482 299484 299493 299508
299511 299521 299528 299532 299534 299564 299580 299604 299615 299618
299642 299644 299650 299654 299662 299699 299718 299723 299727 299730
299732 299739 299756 299757 299760 299776 299785 299787 299795 299812
299821 299828 299847 299856 299859 299890 299893 299906 299908 299916
299917 299930 299937 299944 299954 299957 299959 299965 299984 299987
299994 299998 300002 300025 300027 300050 300055 300068 300077 300080
300089 300090 300099 300100 300102 300105 300115 300119 300150 300159
300186 300207 300238 300247 300249 300254 300260 300284 300299 300302
300303 300309 300313 300315 300317 300329 300332 300335 300349 300353
300355 300356 300359 300362 300370 300383 300392 300393 300395 300411
300423 300428 300435 300437 300451 300459 300469 300476 300483 300505
300517 300526 300531 300535 300546 300547 300556 300557 300565 300567
300575 300588 300596 300603 300604 300616 300627 300644 300651 300661
300669 300703 300710 300722 300727 300739 300743 300749 300761 300762
300790 300791 300793 300801 300807 300808 300817 300836 300838 300848
300853 300855 300879 300884 300904 300905 300936 300939 300947 300958
300976 301014 301034 301035 301039 301054 301075 301080 301111 301119
301124 301138 301145 301167 301184 301202 301216 301217 301250 301263
301265 301267 301270 301274 301282 301289 301312 301328 301344 301346
301351 301369 301389 301399 301406 301428 301452 301457 301475 301476
301531 301537 301541 301546 301556 301562 301568 301579 301589 301602
301622 301625 301626 301638 301643 301651 301667 301676 301688 301696
301700 301702 301740 301742 301745 301752 301756 301766 301783 301803
301808 301809 301810 301821 301825 301828 301833 301844 301845 301851
301854 301869 301871 301897 301913 301916 301935 301965 301969 301989
301996 302002 302003 302016 302026 302035 302043 302047 302049 302055
302121 302130 302132 302134 302141 302159 302160 302169 302173 302174
302177 302181 302190 302207 302209 302219 302220 302225 302232 302246
302247 302256 302263 302265 302270 302272 302289 302292 302294 302304
302316 302329 302341 302350 302358 302367 302387 302388 302397 302414
302416 302421 302423 302430 302437 302440 302496 302498 302503 302504
302514 302515 302535 302541 302549 302554 302561 302567 302620 302623
302631 302660 302663 302684 302701 302711 302726 302735 302748 302763
302773 302782 302798 302805 302822 302832 302842 302844 302863 302872
302884 302886 302890 302899 302900 302901 302928 302944 302959 302962
302971 302994 302998 303017 303031 303042 303049 303063 303065 303073
303075 303081 303099 303108 303111 303113 303136 303139 303149 303154
303163 303167 303170 303178 303194 303200 303201 303204 303223 303227
303235 303243 303252 303258 303259 303282 303284 303328 303329 303362
303373 303377 303379 303392 303393 303397 303400 303404 303405 303415
303444 303445 303450 303452 303460 303466 303471 303480 303485 303490
303494 303495 303507 303522 303542 303568 303601 303607 303611 303635
303638 303646 303647 303649 303666 303677 303694 303701 303711 303716
303717 303719 303732 303733 303736 303760 303764 303797 303798 303801
303805 303810 303815 303817 303827 303844 303847 303851 303876 303878
303886 303893 303902 303909 303912 303916 303931 303932 303934 303955
303967 303969 303987 303994 304012 304015 304020 304041 304043 304051
304090 304093 304104 304112 304121 304122 304123 304127 304128 304146
304149 304155 304163 304201 304230 304242 304250 304256 304259 304260
304268 304280 304298 304300 304311 304312 304326 304331 304335 304336
304355 304356 304373 304391 304412 304423 304452 304459 304460 304471
304473 304478 304483 304491 304493 304500 304517 304522 304528 304531
304533 304538 304544 304549 304556 304557 304565 304566 304584 304587
304596 304602 304622 304629 304640 304654 304657 304670 304674 304678
304683 304690 304719 304723 304724 304731 304733 304734 304743 304747
304762 304775 304781 304786 304788 304812 304814 304826 304829 304834
304846 304857 304858 304868 304877 304894 304958 304991 305005 305006
305007 305017 305019 305020 305049 305051 305052 305059 305069 305079
305089 305090 305095 305107 305121 305125 305134 305139 305146 305166
305170 305184 305192 305202 305213 305219 305237 305254 305273 305274
305280 305286 305303 305308 305343 305378 305397 305409 305423 305427
305435 305436 305456 305459 305511 305525 305541 305561 305573 305574
305578 305580 305593 305594 305596 305606 305618 305621 305631 305654
305663 305683 305692 305696 305713 305732 305736 305737 305766 305770
305775 305777 305801 305811 305814 305822 305823 305824 305828 305855
305859 305868 305908 305938 305948 305949 305960 305963 305965 305978
305995 306011 306013 306017 306023 306034 306043 306056 306059 306061
306083 306092 306123 306134 306146 306151 306158 306166 306180 306189
306219 306230 306245 306247 306269 306292 306297 306299 306316 306332
306334 306336 306343 306345 306348 306350 306366 306376 306392 306408
306424 306425 306432 306437 306438 306450 306472 306476 306508 306521
306528 306541 306542 306546 306552 306554 306565 306568 306592 306608
306612 306637 306639 306655 306660 306669 306675 306680 306683 306699
306700 306719 306731 306735 306743 306747 306750 306761 306775 306786
306790 306801 306807 306816 306820 306832 306850 306858 306861 306879
306883 306900 306908 306916 306928 306932 306943 306947 306960 306981
306983 306991 306998 307006 307027 307046 307051 307054 307067 307070
307096 307103 307115 307130 307157 307161 307168 307170 307181 307187
307193 307199 307200 307207 307213 307222 307255 307261 307290 307296
307304 307308 307309 307323 307334 307337 307352 307363 307388 307394
307399 307416 307422 307423 307425 307459 307474 307518 307525 307528
307532 307536 307545 307546 307555 307565 307580 307582 307594 307614
307619 307624 307647 307650 307660 307665 307672 307676 307685 307714
307723 307725 307727 307730 307781 307788 307791 307794 307797 307810
307811 307821 307829 307830 307860 307863 307873 307944 307945 307946
307964 307977 307983 307988 308000 308007 308011 308033 308040 308059
308087 308091 308094 308105 308106 308119 308125 308147 308151 308158
308184 308185 308189 308209 308226 308228 308300 308308 308316 308326
308334 308341 308348 308358 308374 308389 308403 308409 308427 308441
308449 308451 308457 308470 308471 308484 308490 308496 308504 308509
308532 308536 308556 308560 308576 308586 308610 308623 308641 308649
308655 308659 308666 308667 308673 308678 308679 308680 308684 308689
308692 308694 308698 308702 308706 308714 308727 308733 308740 308763
308767 308782 308789 308791 308799 308822 308824 308849 308858 308863
308869 308882 308883 308897 308901 308917 308926 308927 308928 308933
308944 308953 308996 309003 309007 309013 309014 309020 309037 309043
309049 309051 309058 309069 309089 309091 309191 309199 309209 309212
309231 309258 309271 309275 309290 309302 309312 309335 309354 309364
309377 309381 309386 309389 309395 309415 309416 309417 309441 309461
309466 309475 309476 309488 309507 309515 309526 309539 309541 309542
309548 309564 309565 309619 309624 309632 309634 309650 309655 309685
309694 309706 309712 309720 309739 309751 309757 309773 309788 309795
309797 309809 309819 309820 309834 309841 309867 309879 309881 309883
309884 309887 309892 309897 309901 309951 309955 309957 309988 309990
310003 310032 310041 310048 310049 310059 310065 310072 310073 310078
310097 310098 310107 310113 310129 310134 310152 310162 310165 310173
310205 310222 310223 310228 310229 310239 310243 310257 310278 310284
310295 310302 310311 310335 310336 310344 310348 310349 310355 310367
310373 310379 310382 310393 310400 310401 310424 310426 310458 310475
310482 310484 310487 310489 310490 310494 310507 310513 310543 310560
310564 310579 310586 310602 310614 310660 310661 310676 310681 310684
310703 310725 310746 310748 310753 310758 310759 310760 310762 310765
310792 310799 310827 310848 310854 310862 310899 310912 310914 310916
310919 310924 310963 310964 311019 311023 311025 311029 311069 311072
311080 311089 311092 311094 311095 311100 311102 311115 311121 311125
311135 311138 311146 311156 311159 311161 311179 311183 311184 311252
311253 311254 311256 311260 311294 311315 311321 311325 311340 311348
311352 311353 311356 311357 311364 311365 311372 311374 311381 311398
311423 311428 311430 311443 311445 311457 311465 311467 311469 311472
311486 311489 311524 311534 311557 311570 311572 311576 311589 311590
311592 311610 311614 311620 311642 311653 311654 311657 311662 311665
311681 311696 311706 311711 311712 311720 311721 311724 311725 311728
311734 311749 311768 311785 311791 311792 311797 311812 311813 311820
311831 311840 311849 311850 311860 311869 311881 311889 311898 311919
311920 311939 311941 311945 311952 311957 311958 311963 311965 311983
311984 312002 312043 312046 312057 312086 312089 312094 312101 312105
312109 312121 312124 312131 312149 312151 312154 312155 312158 312159
312168 312175 312216 312263 312272 312282 312283 312287 312304 312305
312314 312315 312322 312330 312344 312349 312358 312371 312398 312407
312408 312415 312427 312434 312442 312446 312450 312453 312461 312478
312492 312495 312508 312514 312515 312521 312525 312537 312538 312542
312558 312568 312570 312578 312594 312596 312621 312647 312662 312673
312701 312704 312713 312716 312718 312723 312739 312741 312747 312749
312759 312771 312779 312782 312787 312795 312796 312801 312802 312816
312824 312837 312845 312851 312895 312898 312914 312932 312938 312959
312967 312989 313001 313007 313012 313020 313036 313039 313040 313049
313056 313084 313100 313128 313129 313134 313141 313151 313159 313163
313169 313202 313205 313269 313297 313298 313310 313315 313333 313337
313342 313356 313360 313376 313382 313391 313392 313394 313398 313440
313446 313455 313458 313460 313465 313483 313489 313490 313495 313498
313500 313502 313517 313522 313526 313527 313547 313552 313572 313596
313605 313607 313609 313616 313619 313637 313650 313662 313664 313683
313695 313698 313705 313716 313724 313725 313730 313732 313734 313742
313748 313752 313760 313783 313784 313786 313789 313795 313806 313811
313812 313820 313832 313833 313858 313874 313881 313885 313913 313920
313936 313949 313995 314008 314009 314044 314064 314073 314074 314077
314104 314113 314114 314115 314116 314117 314133 314134 314146 314162
314164 314187 314205 314213 314229 314244 314246 314252 314265 314273
314286 314298 314302 314306 314313 314324 314329 314354 314358 314364
314366 314367 314368 314375 314391 314396 314408 314416 314423 314443
314446 314448 314462 314463 314467 314468 314478 314491 314501 314517
314519 314535 314536 314549 314560 314568 314570 314575 314602 314604
314618 314620 314641 314642 314645 314647 314652 314662 314666 314675
314691 314696 314701 314703 314714 314716 314717 314723 314726 314730
314737 314740 314741 314748 314771 314779 314785 314795 314796 314797
314816 314832 314861 314874 314881 314905 314906 314908 314912 314922
314925 314927 314954 314960 314987 314990 314993 314998 315018 315020
315029 315040 315050 315062 315078 315088 315093 315097 315128 315129
315186 315193 315230 315241 315264 315278 315285 315287 315288 315293
315308 315316 315343 315348 315354 315355 315368 315373 315390 315395
315401 315409 315412 315420 315422 315423 315433 315466 315474 315478
315482 315494 315499 315500 315515 315528 315532 315535 315538 315545
315563 315570 315584 315603 315612 315627 315628 315640 315642 315682
315689 315703 315709 315712 315715 315727 315728 315733 315740 315746
315757 315760 315769 315770 315772 315774 315779 315787 315802 315816
315824 315827 315857 315881 315888 315893 315895 315899 315914 315918
315919 315927 315934 315941 315946 315955 315969 315970 315994 315996
316012 316034 316041 316044 316079 316099 316105 316121 316131 316154
316182 316183 316187 316189 316196 316198 316207 316222 316235 316237
316238 316243 316266 316295 316320 316325 316334 316346 316349 316372
316373 316379 316382 316390 316402 316408 316425 316428 316435 316443
316454 316455 316456 316463 316466 316518 316530 316548 316565 316573
316584 316587 316592 316593 316595 316598 316637 316671 316672 316677
316686 316687 316702 316710 316715 316716 316723 316727 316732 316745
316751 316755 316774 316788 316812 316814 316816 316826 316834 316839
316842 316863 316873 316874 316877 316887 316889 316895 316910 316911
316912 316944 316948 316952 316958 316965 316971 316974 316986 317039
317047 317065 317070 317074 317076 317108 317115 317128 317156 317159
317165 317201 317214 317223 317224 317225 317226 317235 317258 317271
317273 317289 317292 317296 317298 317301 317304 317310 317311 317332
317339 317355 317367 317377 317391 317392 317393 317398 317400 317417
317445 317458 317481 317485 317491 317494 317499 317510 317525 317535
317539 317541 317544 317549 317565 317572 317573 317579 317591 317595
317609 317617 317632 317633 317646 317649 317655 317674 317688 317702
317725 317734 317736 317740 317762 317770 317773 317782 317792 317795
317802 317811 317818 317829 317842 317861 317868 317882 317901 317902
317916 317920 317921 317926 317928 317929 317936 317941 317942 317955
317962 317977 317990 317996 318019 318029 318030 318035 318038 318048
318053 318074 318075 318077 318080 318094 318099 318100 318119 318125
318136 318152 318157 318161 318171 318183 318204 318206 318229 318253
318254 318258 318260 318261 318262 318263 318292 318324 318331 318332
318335 318369 318370 318388 318399 318423 318426 318427 318440 318443
318444 318450 318451 318453 318455 318459 318461 318464 318476 318484
318488 318511 318514 318520 318522 318523 318524 318536 318540 318548
318550 318560 318563 318576 318591 318611 318619 318628 318662 318666
318675 318678 318680 318718 318720 318730 318731 318758 318768 318778
318782 318784 318806 318809 318815 318854 318855 318858 318859 318868
318873 318894 318903 318907 318908 318912 318930 318935 318938 318953
318958 318966 318970 318978 318982 318990 318992 319021 319030 319039
319051 319054 319056 319063 319071 319079 319093 319099 319110 319125
319137 319140 319166 319195 319199 319200 319204 319208 319210 319216
319233 319237 319249 319255 319263 319275 319276 319280 319284 319288
319317 319320 319322 319327 319350 319352 319355 319383 319389 319396
319400 319408 319416 319418 319423 319431 319434 319449 319451 319470
319475 319489 319513 319520 319525 319529 319530 319537 319586 319588
319600 319604 319608 319620 319628 319630 319639 319643 319647 319648
319652 319689 319702 319707 319717 319729 319730 319732 319740 319745
319752 319794 319808 319823 319847 319851 319857 319868 319883 319884
319902 319930 319934 319939 319946 319952 319968 319978 319988 320000
320007 320020 320075 320084 320097 320114 320120 320134 320148 320151
320171 320172 320175 320182 320202 320215 320219 320225 320227 320238
320242 320244 320257 320266 320268 320273 320291 320308 320329 320338
320346 320353 320359 320361 320374 320384 320387 320389 320409 320411
320426 320433 320479 320486 320488 320503 320504 320505 320546 320571
320579 320581 320587 320591 320611 320613 320616 320617 320622 320630
320634 320636 320637 320643 320654 320655 320672 320679 320696 320701
320707 320714 320717 320735 320743 320746 320755 320769 320771 320772
320779 320787 320793 320808 320812 320831 320836 320851 320858 320906
320925 320936 320951 320963 320965 320966 320975 320979 320981 320982
320987 321022 321025 321032 321040 321046 321048 321050 321060 321067
321075 321104 321117 321119 321126 321130 321131 321132 321149 321153
321155 321166 321169 321193 321197 321206 321213 321218 321233 321241
321243 321246 321262 321267 321277 321285 321293 321295 321297 321299
321302 321309 321313 321319 321320 321332 321334 321357 321360 321364
321418 321429 321431 321433 321453 321460 321490 321494 321514 321518
321545 321550 321575 321577 321579 321584 321589 321595 321600 321623
321644 321646 321650 321659 321687 321689 321693 321705 321710 321723
321729 321731 321778 321795 321812 321816 321819 321824 321831 321834
321848 321857 321896 321900 321909 321912 321913 321928 321931 321932
321937 321954 321956 321964 321972 321977 322010 322019 322028 322040
322041 322042 322048 322084 322120 322134 322142 322156 322193 322198
322202 322223 322249 322261 322265 322272 322273 322284 322287 322306
322312 322315 322322 322325 322342 322363 322369 322376 322382 322392
322398 322404 322415 322434 322451 322456 322468 322471 322473 322484
322495 322510 322532 322542 322543 322581 322584 322586 322616 322619
322631 322643 322647 322650 322664 322673 322678 322686 322701 322704
322709 322711 322714 322720 322731 322734 322752 322759 322774 322787
322794 322796 322799 322808 322812 322824 322863 322864 322866 322890
322895 322902 322912 322913 322936 322942 322949 322957 322962 322976
322986 322997 323008 323009 323023 323042 323046 323067 323089 323092
323113 323130 323132 323141 323159 323168 323174 323184 323186 323207
323213 323225 323234 323246 323264 323283 323286 323319 323336 323355
323357 323367 323373 323376 323400 323402 323407 323411 323424 323432
323461 323511 323543 323548 323553 323558 323566 323575 323576 323595
323606 323614 323615 323619 323620 323623 323628 323635 323645 323657
323696 323706 323711 323723 323725 323729 323732 323736 323760 323796
323799 323800 323816 323844 323846 323847 323851 323859 323892 323910
323911 323931 323936 323942 323955 323969 323971 323981 323982 323989
323995 323997 324038 324041 324047 324054 324078 324085 324087 324094
324095 324107 324117 324149 324156 324162 324164 324165 324173 324175
324176 324180 324200 324205 324207 324228 324237 324256 324259 324262
324268 324270 324284 324286 324298 324305 324306 324309 324334 324339
324346 324350 324363 324367 324373 324375 324389 324390 324392 324394
324398 324413 324419 324433 324437 324459 324469 324471 324482 324483
324496 324504 324524 324527 324535 324546 324547 324570 324575 324580
324608 324632 324635 324649 324654 324659 324664 324670 324671 324680
324693 324703 324718 324720 324725 324757 324766 324768 324772 324777
324785 324807 324813 324829 324848 324852 324859 324861 324892 324894
324900 324908 324913 324938 324948 324962 324972 324998 325000 325025
325030 325049 325051 325067 325075 325088 325102 325108 325114 325119
325162 325181 325182 325183 325196 325213 325216 325217 325219 325225
325235 325249 325265 325283 325289 325298 325300 325319 325345 325361
325373 325385 325386 325395 325397 325403 325405 325417 325423 325427
325439 325444 325473 325479 325489 325509 325510 325515 325519 325525
325528 325550 325552 325564 325569 325571 325577 325593 325597 325606
325624 325677 325708 325721 325737 325738 325748 325805 325818 325821
325844 325849 325863 325867 325870 325877 325908 325917 325935 325984
325994 326014 326020 326031 326038 326052 326059 326064 326065 326075
326082 326083 326085 326100 326114 326127 326145 326150 326167 326173
326175 326179 326188 326190 326196 326209 326211 326237 326243 326249
326253 326254 326281 326298 326309 326310 326312 326320 326342 326349
326362 326364 326378 326399 326401 326404 326411 326414 326451 326460
326487 326494 326511 326515 326523 326525 326530 326532 326539 326543
326558 326578 326585 326589 326606 326610 326632 326640 326649 326664
326667 326683 326704 326714 326715 326723 326741 326743 326777 326786
326799 326853 326854 326860 326871 326872 326912 326925 326935 326939
326948 326953 326976 326984 326991 326994 327007 327029 327031 327045
327046 327063 327064 327066 327080 327093 327094 327099 327108 327112
327153 327155 327157 327161 327165 327167 327169 327173 327180 327184
327202 327209 327214 327227 327229 327232 327236 327270 327286 327301
327305 327315 327320 327329 327350 327357 327364 327377 327388 327391
327399 327408 327422 327434 327435 327438 327442 327468 327507 327522
327525 327527 327532 327542 327571 327584 327603 327616 327636 327646
327656 327657 327667 327668 327707 327720 327738 327748 327766 327774
327797 327802 327806 327808 327809 327817 327819 327839 327845 327866
327881 327904 327912 327976 327987 327988 328002 328006 328030 328042
328072 328074 328083 328087 328091 328109 328119 328135 328146 328153
328154 328178 328183 328198 328201 328205 328217 328225 328230 328244
328245 328250 328269 328278 328282 328288 328294 328299 328305 328312
328331 328343 328356 328358 328361 328364 328365 328371 328373 328379
328383 328393 328397 328441 328445 328448 328460 328461 328467 328482
328491 328493 328497 328505 328535 328537 328539 328540 328570 328595
328605 328625 328628 328630 328634 328674 328677 328698 328719 328731
328741 328743 328754 328759 328781 328782 328792 328799 328806 328849
328851 328855 328860 328877 328880 328885 328897 328902 328933 328937
328938 328953 328971 328977 328980 328981 328989 328998 329006 329012
329026 329028 329030 329041 329042 329043 329051 329057 329064 329106
329113 329116 329125 329130 329141 329147 329151 329170 329174 329181
329184 329185 329196 329223 329228 329229 329235 329246 329248 329253
329258 329271 329272 329285 329305 329331 329332 329361 329372 329373
329382 329395 329398 329424 329427 329432 329451 329458 329483 329491
329512 329528 329534 329541 329544 329549 329560 329569 329584 329600
329611 329636 329639 329650 329670 329696 329704 329708 329710 329711
329712 329719 329724 329727 329758 329759 329770 329777 329783 329801
329806 329810 329811 329813 329814 329817 329825 329843 329858 329865
329875 329878 329890 329892 329896 329897 329913 329919 329942 329956
329966 329970 329972 329974 329983 329993 329998 330015 330024 330028
330029 330048 330053 330054 330056 330059 330066 330072 330081 330087
330088 330105 330116 330122 330156 330160 330167 330169 330176 330204
330206 330235 330246 330270 330277 330309 330327 330328 330361 330364
330373 330402 330415 330417 330419 330431 330450 330461 330468 330471
330475 330483 330493 330500 330503 330522 330532 330554 330558 330563
330573 330592 330606 330618 330632 330634 330644 330663 330672 330679
330681 330699 330705 330712 330729 330733 330740 330747 330753 330769
330787 330788 330791 330823 330851 330853 330854 330856 330858 330862
330892 330901 330902 330910 330915 330916 330921 330925 330934 330947
330977 330987 330989 330995 330998 331020 331022 331050 331058 331147
331160 331178 331179 331180 331184 331210 331214 331221 331222 331228
331235 331242 331249 331250 331251 331284 331293 331306 331309 331318
331328 331337 331353 331359 331377 331379 331382 331385 331403 331418
331423 331427 331433 331438 331440 331456 331460 331471 331477 331492
331502 331541 331551 331558 331566 331594 331640 331653 331677 331684
331691 331704 331707 331727 331743 331751 331752 331766 331769 331780
331791 331792 331811 331821 331847 331849 331857 331867 331881 331887
331891 331893 331908 331913 331922 331924 331931 332020 332024 332028
332041 332042 332080 332083 332085 332088 332100 332101 332102 332108
332126 332129 332132 332135 332138 332147 332154 332163 332169 332194
332203 332205 332250 332274 332299 332305 332321 332327 332329 332367
332370 332396 332413 332430 332449 332466 332474 332488 332502 332515
332522 332525 332530 332536 332540 332587 332591 332592 332597 332608
332612 332631 332640 332646 332656 332661 332664 332666 332669 332678
332691 332699 332700 332708 332710 332717 332719 332725 332734 332735
332737 332772 332779 332815 332823 332830 332835 332857 332864 332881
332891 332894 332904 332913 332922 332924 332949 332975 332987 333007
333008 333017 333019 333024 333042 333054 333065 333085 333089 333100
333107 333110 333125 333130 333133 333144 333146 333157 333169 333179
333191 333195 333205 333211 333216 333224 333227 333230 333231 333247
333248 333249 333259 333263 333285 333288 333295 333311 333321 333359
333370 333373 333379 333382 333398 333415 333423 333432 333433 333447
333449 333458 333463 333478 333488 333491 333492 333495 333498 333500
333501 333507 333509 333513 333525 333529 333537 333541 333549 333552
333557 333562 333564 333579 333580 333613 333636 333642 333653 333663
333665 333668 333673 333674 333683 333686 333687 333702 333709 333719
333736 333737 333739 333751 333757 333758 333766 333785 333797 333845
333856 333870 333880 333887 333892 333913 333923 333927 333929 333931
333934 333971 333973 333982 333993 334000 334017 334024 334039 334045
334046 334052 334058 334061 334065 334073 334090 334093 334107 334111
334118 334120 334156 334162 334196 334205 334210 334213 334218 334228
334238 334242 334257 334263 334264 334269 334281 334293 334297 334332
334347 334362 334369 334386 334401 334414 334416 334417 334430 334444
334450 334462 334464 334466 334469 334472 334492 334500 334506 334512
334523 334528 334529 334536 334564 334598 334601 334617 334621 334629
334630 334640 334661 334684 334692 334700 334709 334711 334743 334746
334752 334764 334768 334772 334774 334787 334789 334796 334802 334828
334829 334843 334861 334878 334896 334900 334917 334926 334954 334956
334984 334986 334988 335000 335003 335020 335023 335026 335049 335052
335057 335071 335073 335082 335093 335107 335116 335128 335140 335158
335165 335182 335185 335189 335213 335217 335218 335248 335251 335259
335264 335274 335304 335308 335313 335321 335327 335341 335350 335364
335366 335372 335388 335401 335404 335406 335412 335417 335419 335444
335445 335448 335470 335473 335533 335544 335574 335580 335611 335639
335642 335643 335647 335664 335695 335699 335703 335708 335714 335719
335720 335724 335741 335746 335783 335794 335809 335812 335813 335831
335868 335875 335920 335939 335953 335976 335979 335998 336006 336031
336043 336044 336056 336062 336086 336096 336099 336101 336105 336107
336139 336144 336156 336162 336166 336170 336174 336183 336187 336188
336190 336204 336207 336227 336238 336255 336256 336267 336270 336274
336290 336296 336298 336306 336326 336336 336337 336341 336350 336380
336381 336394 336420 336421 336440 336450 336472 336491 336526 336528
336539 336559 336561 336564 336565 336573 336575 336579 336592 336601
336602 336605 336606 336609 336664 336676 336696 336697 336714 336720
336731 336741 336765 336768 336769 336772 336824 336833 336840 336844
336846 336851 336854 336858 336859 336861 336870 336872 336883 336889
336897 336901 336915 336918 336930 336931 336973 336985 337022 337026
337031 337044 337045 337061 337063 337081 337089 337094 337096 337121
337122 337125 337150 337169 337172 337181 337186 337194 337201 337206
337229 337258 337261 337269 337311 337313 337322 337324 337327 337332
337333 337344 337373 337374 337399 337405 337412 337425 337437 337469
337470 337471 337486 337487 337503 337508 337515 337526 337534 337541
337549 337568 337594 337595 337598 337622 337625 337667 337671 337696
337707 337708 337714 337721 337731 337732 337738 337753 337757 337769
337776 337783 337800 337801 337804 337827 337834 337849 337850 337866
337868 337877 337889 337893 337903 337904 337906 337910 337921 337930
337938 337946 337957 337966 337971 337973 337989 337990 337992 337996
338003 338006 338037 338039 338041 338053 338058 338062 338067 338081
338096 338103 338111 338129 338134 338145 338149 338154 338179 338180
338194 338196 338204 338210 338214 338222 338224 338241 338244 338245
338249 338252 338284 338286 338306 338325 338326 338349 338352 338357
338386 338405 338407 338410 338417 338421 338425 338437 338441 338442
338444 338454 338457 338464 338493 338522 338553 338557 338559 338574
338582 338589 338598 338599 338608 338610 338614 338636 338643 338647
338648 338656 338657 338658 338659 338662 338697 338705 338706 338707
338717 338720 338722 338752 338754 338798 338805 338822 338826 338833
338836 338841 338842 338848 338856 338862 338863 338866 338883 338914
338930 338935 338942 338966 338992 338993 338998 339004 339009 339019
339031 339035 339038 339044 339052 339054 339059 339066 339097 339099
339100 339111 339122 339135 339137 339144 339147 339150 339163 339206
339210 339219 339220 339229 339230 339239 339241 339246 339249 339251
339277 339310 339313 339320 339357 339363 339364 339384 339394 339409
339415 339422 339427 339450 339458 339476 339507 339522 339537 339540
339544 339547 339552 339555 339560 339562 339574 339581 339592 339593
339603 339627 339638 339654 339662 339669 339677 339699 339710 339712
339718 339729 339751 339756 339766 339768 339785 339786 339796 339800
339804 339806 339807 339810 339817 339818 339821 339823 339829 339833
339845 339851 339858 339872 339889 339892 339905 339910 339911 339912
339918 339930 339936 339942 339948 339964 339981 339991 340008 340011
340021 340026 340029 340030 340035 340036 340077 340084 340102 340120
340124 340125 340126 340149 340150 340151 340161 340164 340178 340179
340194 340199 340206 340208 340218 340223 340238 340240 340247 340271
340277 340304 340307 340312 340314 340315 340327 340333 340348 340353
340355 340366 340370 340373 340384 340386 340396 340427 340434 340435
340440 340460 340469 340470 340497 340510 340513 340530 340539 340547
340551 340566 340572 340579 340605 340620 340622 340623 340635 340648
340651 340652 340662 340663 340668 340670 340681 340698 340713 340714
340716 340727 340746 340749 340757 340763 340764 340782 340785 340786
340803 340840 340848 340854 340855 340865 340869 340879 340906 340925
340928 340930 340942 340943 340947 340950 340967 340990 341003 341004
341010 341025 341027 341032 341063 341064 341066 341087 341106 341115
341121 341123 341129 341133 341136 341143 341151 341152 341155 341164
341174 341175 341222 341228 341238 341246 341257 341260 341271 341281
341293 341301 341306 341312 341331 341338 341344 341351 341355 341358
341368 341382 341395 341398 341400 341405 341409 341417 341425 341436
341444 341461 341471 341498 341500 341514 341529 341534 341543 341558
341560 341561 341589 341598 341599 341602 341617 341623 341630 341634
341638 341649 341653 341658 341673 341690 341695 341719 341721 341728
341748 341780 341795 341802 341810 341822 341826 341829 341837 341864
341866 341867 341884 341891 341894 341902 341906 341918 341930 341931
341936 341952 341966 341972 341977 341988 341989 341995 342008 342018
342060 342072 342084 342097 342126 342128 342137 342138 342145 342153
342191 342200 342201 342206 342217 342228 342231 342234 342255 342259
342270 342301 342311 342321 342344 342346 342348 342352 342354 342367
342377 342387 342392 342408 342425 342432 342440 342442 342447 342452
342489 342492 342497 342505 342506 342519 342520 342535 342536 342539
342595 342609 342628 342645 342655 342663 342664 342673 342689 342690
342704 342711 342718 342724 342729 342738 342751 342758 342764 342778
342793 342795 342798 342813 342831 342840 342855 342864 342880 342893
342910 342911 342913 342916 342928 342939 342957 342961 342963 342979
342980 342984 342987 342996 343002 343016 343019 343021 343035 343059
343078 343080 343111 343119 343123 343128 343131 343138 343153 343180
343190 343230 343242 343244 343246 343269 343278 343279 343289 343291
343307 343317 343327 343333 343339 343348 343349 343357 343372 343404
343411 343420 343430 343431 343445 343459 343475 343477 343488 343493
343507 343509 343518 343519 343528 343540 343560 343580 343591 343600
343605 343611 343624 343633 343641 343646 343652 343654 343666 343669
343670 343677 343678 343684 343736 343749 343751 343760 343772 343774
343788 343794 343795 343813 343829 343833 343836 343872 343873 343875
343877 343879 343888 343894 343905 343912 343917 343945 343948 343962
343969 343971 343975 343979 343991 344007 344017 344042 344048 344049
344054 344060 344068 344070 344071 344072 344080 344109 344135 344138
344164 344170 344181 344184 344206 344209 344250 344263 344266 344270
344305 344310 344314 344335 344359 344389 344429 344436 344438 344441
344463 344469 344478 344491 344504 344505 344508 344511 344515 344542
344554 344565 344575 344583 344592 344612 344617 344630 344648 344662
344665 344676 344680 344690 344702 344703 344704 344707 344734 344738
344750 344762 344765 344773 344774 344778 344785 344786 344801 344807
344815 344836 344846 344849 344863 344877 344881 344902 344905 344907
344909 344920 344962 344971 344974 344988 344994 344995 345018 345034
345035 345054 345113 345122 345128 345135 345138 345142 345146 345149
345164 345167 345170 345176 345178 345188 345193 345197 345198 345199
345207 345217 345221 345233 345242 345244 345259 345264 345265 345266
345275 345278 345309 345319 345326 345328 345334 345335 345365 345375
345378 345385 345397 345404 345412 345414 345420 345426 345439 345442
345463 345464 345472 345476 345478 345479 345481 345482 345501 345502
345510 345529 345548 345556 345560 345565 345567 345580 345592 345597
345612 345614 345621 345629 345635 345650 345669 345671 345677 345697
345699 345701 345708 345709 345720 345733 345744 345755 345756 345773
345776 345779 345783 345800 345825 345830 345846 345852 345862 345863
345864 345869 345877 345882 345883 345912 345913 345919 345937 345956
345958 345978 345984 345992 345995 346016 346038 346042 346054 346072
346078 346091 346094 346098 346113 346121 346125 346132 346144 346146
346157 346167 346173 346185 346188 346208 346223 346246 346250 346254
346270 346272 346285 346290 346292 346314 346322 346323 346326 346347
346366 346375 346381 346412 346418 346441 346474 346482 346486 346533
346555 346561 346573 346579 346580 346582 346587 346595 346603 346612
346615 346619 346629 346631 346648 346654 346655 346683 346687 346697
346703 346745 346750 346753 346810 346832 346846 346849 346857 346858
346870 346877 346896 346902 346906 346909 346936 346938 346955 346964
346970 346974 346997 346999 347016 347024 347028 347033 347038 347059
347060 347067 347071 347074 347089 347090 347102 347123 347124 347133
347159 347167 347208 347213 347214 347218 347224 347227 347237 347265
347268 347277 347296 347314 347321 347322 347348 347353 347365 347381
347389 347404 347408 347411 347427 347455 347473 347496 347507 347526
347529 347539 347549 347550 347551 347557 347559 347594 347612 347642
347650 347669 347697 347699 347705 347707 347727 347735 347740 347794
347812 347827 347835 347842 347852 347855 347866 347873 347874 347880
347884 347889 347898 347917 347922 347935 347936 347947 347950 347952
347954 347968 347974 347990 347993 348002 348012 348017 348022 348040
348053 348058 348127 348128 348148 348151 348153 348155 348166 348174
348175 348176 348193 348196 348197 348204 348243 348248 348264 348267
348274 348275 348280 348283 348293 348300 348309 348357 348366 348376
348380 348394 348397 348404 348412 348439 348444 348450 348456 348464
348483 348511 348514 348521 348529 348542 348568 348600 348616 348618
348621 348650 348658 348686 348709 348710 348715 348720 348731 348740
348741 348742 348754 348759 348782 348786 348830 348831 348839 348843
348848 348863 348882 348884 348895 348913 348928 348936 348947 348948
348952 348955 348982 348990 349001 349012 349047 349061 349072 349100
349102 349110 349115 349117 349134 349135 349157 349159 349160 349163
349176 349186 349207 349234 349236 349245 349257 349280 349307 349317
349352 349353 349376 349377 349380 349395 349403 349424 349428 349441
349445 349489 349493 349498 349513 349526 349532 349566 349583 349585
349616 349620 349621 349637 349685 349690 349699 349707 349710 349716
349717 349736 349744 349753 349768 349778 349786 349789 349804 349826
349831 349835 349855 349889 349899 349911 349920 349947 349953 349986
349990 349995 349996 350011 350016 350022 350025 350032 350051 350053
350056 350065 350069 350082 350093 350104 350117 350118 350119 350139
350151 350190 350209 350213 350218 350233 350235 350237 350243 350250
350259 350277 350282 350284 350285 350292 350297 350301 350310 350316
350325 350332 350338 350354 350360 350369 350370 350375 350379 350381
350387 350390 350397 350404 350447 350468 350476 350484 350492 350516
350522 350528 350529 350542 350550 350551 350552 350555 350562 350567
350570 350585 350596 350602 350607 350608 350662 350663 350675 350676
350681 350691 350698 350704 350719 350724 350749 350751 350752 350754
350755 350758 350761 350763 350788 350795 350796 350803 350817 350831
350840 350847 350859 350861 350866 350867 350883 350884 350892 350899
350917 350921 350927 350930 350935 350938 350940 350946 350950 350965
350971 350979 350985 350987 350995 351007 351027 351028 351037 351050
351056 351063 351069 351076 351082 351097 351106 351117 351124 351127
351128 351135 351143 351147 351154 351169 351173 351190 351191 351204
351217 351219 351223 351228 351234 351238 351242 351265 351266 351271
351273 351290 351308 351327 351339 351342 351344 351357 351363 351365
351366 351393 351405 351408 351425 351429 351432 351445 351478 351480
351496 351503 351513 351523 351535 351540 351555 351571 351582 351602
351610 351621 351627 351661 351678 351688 351692 351702 351714 351733
351757 351761 351764 351774 351777 351780 351782 351790 351792 351804
351836 351857 351866 351872 351891 351894 351901 351961 351962 351971
351979 351980 351983 351986 351993 351999 352005 352023 352034 352052
352055 352071 352076 352091 352103 352121 352122 352125 352142 352146
352165 352177 352187 352194 352208 352222 352233 352246 352295 352317
352336 352348 352366 352386 352392 352407 352436 352439 352449 352450
352464 352468 352471 352478 352481 352503 352516 352541 352546 352558
352565 352576 352581 352597 352618 352626 352634 352637 352638 352687
352732 352733 352741 352746 352749 352758 352764 352766 352771 352785
352786 352803 352811 352816 352832 352849 352850 352851 352868 352887
352909 352910 352930 352940 352952 352955 352978 352991 352993 353013
353015 353016 353017 353030 353046 353059 353069 353070 353073 353075
353083 353097 353134 353152 353153 353165 353177 353202 353221 353226
353231 353232 353245 353250 353251 353255 353258 353271 353275 353288
353309 353318 353324 353332 353337 353342 353343 353351 353372 353376
353381 353405 353409 353414 353424 353475 353488 353495 353504 353519
353523 353530 353531 353541 353553 353568 353582 353605 353612 353613
353616 353621 353624 353635 353652 353654 353658 353663 353676 353678
353686 353693 353699 353703 353743 353772 353787 353795 353803 353804
353813 353817 353819 353849 353856 353869 353888 353896 353902 353903
353905 353907 353909 353919 353927 353928 353936 353939 353944 353953
353972 353979 353988 353990 353993 353994 354008 354009 354018 354022
354036 354041 354054 354068 354072 354077 354095 354114 354130 354131
354141 354158 354159 354173 354184 354186 354204 354208 354211 354223
354225 354232 354239 354268 354283 354298 354300 354320 354325 354332
354333 354343 354350 354364 354369 354374 354390 354400 354406 354422
354425 354450 354468 354471 354478 354483 354495 354496 354520 354532
354534 354535 354544 354563 354571 354588 354601 354621 354638 354639
354642 354648 354681 354689 354691 354713 354716 354724 354745 354752
354753 354756 354762 354789 354801 354808 354812 354823 354827 354841
354856 354871 354881 354882 354884 354888 354889 354894 354896 354913
354920 354937 354961 354972 354985 354986 354991 354992 355005 355006
355021 355032 355034 355038 355050 355053 355054 355065 355070 355075
355080 355086 355087 355091 355093 355094 355101 355124 355153 355156
355157 355180 355193 355202 355205 355218 355230 355234 355251 355268
355273 355287 355324 355352 355358 355381 355386 355398 355404 355408
355416 355420 355424 355430 355435 355436 355457 355469 355475 355499
355506 355511 355519 355541 355544 355570 355574 355589 355594 355597
355625 355628 355629 355634 355661 355671 355690 355692 355730 355756
355763 355768 355771 355784 355786 355787 355789 355816 355824 355829
355842 355846 355848 355849 355850 355851 355852 355855 355870 355879
355880 355896 355899 355906 355923 355942 355947 355948 355949 355952
355953 355984 355987 356018 356024 356041 356067 356072 356075 356085
356088 356096 356101 356109 356116 356118 356125 356128 356178 356186
356199 356200 356234 356236 356243 356246 356248 356254 356258 356264
356274 356305 356308 356322 356328 356341 356342 356365 356379 356380
356383 356392 356395 356407 356422 356450 356454 356464 356467 356484
356506 356518 356524 356525 356532 356562 356567 356579 356600 356601
356605 356609 356666 356682 356683 356702 356709 356721 356724 356725
356728 356743 356744 356747 356754 356756 356786 356789 356804 356836
356844 356861 356865 356871 356887 356895 356907 356912 356916 356945
356949 356957 356960 356962 356970 356972 356976 356979 356980 356984
357002 357005 357011 357013 357039 357047 357062 357072 357076 357083
357102 357109 357113 357133 357166 357182 357190 357191 357192 357196
357201 357220 357252 357254 357258 357264 357266 357269 357311 357353
357355 357368 357369 357371 357372 357374 357375 357390 357478 357482
357497 357507 357526 357528 357534 357536 357548 357550 357558 357568
357572 357585 357603 357610 357613 357618 357620 357633 357665 357669
357672 357683 357690 357696 357702 357711 357719 357726 357739 357741
357742 357764 357769 357771 357774 357781 357783 357788 357791 357795
357804 357816 357818 357825 357840 357853 357881 357890 357940 357945
357946 357950 357955 357977 357985 357994 358007 358015 358018 358020
358022 358027 358038 358045 358060 358061 358076 358081 358091 358099
358100 358101 358111 358131 358137 358165 358168 358174 358177 358184
358193 358207 358242 358254 358268 358283 358311 358315 358326 358340
358347 358367 358403 358406 358412 358447 358452 358453 358459 358465
358468 358486 358490 358494 358497 358510 358514 358520 358539 358556
358567 358574 358585 358590 358599 358608 358630 358632 358643 358645
358652 358665 358678 358685 358688 358690 358712 358717 358718 358731
358759 358788 358798 358802 358804 358805 358806 358807 358823 358826
358827 358862 358901 358911 358949 358961 358968 358969 358970 358971
358974 358977 359011 359017 359031 359032 359048 359052 359053 359061
359067 359083 359084 359086 359087 359088 359097 359108 359120 359152
359155 359164 359174 359181 359203 359225 359231 359234 359235 359240
359246 359252 359255 359277 359295 359299 359336 359343 359347 359349
359355 359362 359366 359368 359371 359382 359387 359414 359435 359446
359450 359457 359465 359485 359487 359490 359512 359543 359561 359565
359573 359618 359639 359643 359651 359661 359679 359686 359706 359710
359719 359721 359728 359730 359745 359755 359757 359783 359784 359786
359787 359790 359804 359812 359832 359843 359851 359869 359902 359913
359921 359924 359958 359959 359960 359962 359966 359973 359989 359992
359995 360024 360030 360046 360092 360100 360106 360111 360124 360135
360154 360156 360178 360190 360192 360196 360197 360199 360201 360211
360212 360220 360226 360235 360250 360263 360264 360279 360292 360299
360305 360312 360331 360341 360352 360355 360357 360377 360379 360385
360387 360388 360397 360405 360408 360414 360415 360419 360423 360433
360434 360447 360448 360469 360478 360484 360501 360510 360519 360522
360532 360581 360587 360590 360636 360638 360660 360670 360683 360685
360697 360699 360702 360718 360744 360757 360766 360769 360771 360779
360781 360792 360811 360812 360829 360852 360854 360857 360863 360864
360866 360874 360880 360881 360884 360904 360906 360915 360917 360920
360927 360930 360940 360948 360975 360997 361062 361063 361073 361076
361077 361092 361109 361112 361129 361147 361148 361151 361153 361175
361202 361209 361212 361222 361224 361228 361232 361243 361253 361258
361299 361306 361310 361316 361325 361330 361337 361349 361385 361387
361389 361390 361402 361412 361423 361436 361438 361439 361440 361446
361477 361481 361495 361498 361513 361515 361519 361521 361523 361524
361527 361529 361531 361536 361541 361554 361561 361570 361574 361592
361614 361625 361636 361637 361640 361653 361661 361665 361666 361671
361681 361686 361694 361711 361718 361721 361746 361752 361756 361767
361770 361796 361804 361806 361810 361813 361835 361852 361857 361872
361875 361900 361903 361910 361920 361925 361936 361944 361945 361963
361968 361974 361984 361994 362002 362005 362010 362021 362027 362028
362030 362051 362073 362086 362091 362094 362098 362129 362131 362145
362149 362202 362216 362231 362252 362253 362254 362255 362258 362266
362268 362274 362276 362280 362281 362285 362294 362300 362305 362346
362354 362355 362364 362380 362382 362384 362392 362395 362403 362421
362422 362439 362444 362457 362472 362524 362544 362550 362576 362581
362604 362607 362619 362626 362630 362631 362642 362643 362648 362683
362695 362700 362717 362724 362725 362731 362737 362742 362747 362759
362770 362781 362796 362815 362828 362837 362844 362861 362871 362872
362878 362906 362915 362927 362930 362931 362944 362949 362951 362957
362966 362972 362973 362979 362985 363011 363013 363016 363019 363023
363026 363035 363038 363046 363048 363061 363103 363109 363118 363143
363147 363148 363155 363161 363167 363192 363234 363279 363288 363292
363298 363317 363322 363324 363329 363343 363345 363348 363354 363366
363371 363375 363382 363384 363391 363415 363437 363444 363450 363492
363495 363497 363504 363506 363507 363515 363545 363551 363557 363567
363573 363578 363579 363593 363595 363597 363609 363622 363623 363638
363651 363653 363669 363674 363695 363697 363705 363713 363725 363732
363745 363748 363757 363758 363768 363794 363810 363812 363830 363833
363841 363856 363860 363880 363901 363907 363909 363910 363914 363920
363925 363927 363945 363969 363988 363995 364006 364026 364029 364037
364076 364089 364098 364105 364108 364111 364112 364113 364117 364120
364141 364145 364146 364166 364175 364183 364184 364192 364194 364198
364210 364211 364215 364241 364251 364257 364270 364279 364284 364288
364296 364297 364309 364324 364326 364329 364349 364352 364353 364356
364375 364380 364381 364382 364384 364406 364408 364411 364414 364415
364425 364428 364452 364456 364458 364465 364468 364473 364487 364508
364523 364560 364583 364584 364602 364607 364614 364617 364639 364656
364669 364674 364696 364697 364707 364722 364734 364735 364742 364743
364753 364758 364761 364763 364771 364793 364818 364892 364903 364912
364926 364929 364934 364950 364957 364958 364964 364974 364990 365000
365002 365004 365011 365031 365032 365111 365118 365126 365139 365140
365141 365142 365151 365158 365198 365208 365213 365228 365247 365261
365268 365288 365310 365316 365324 365338 365349 365358 365367 365381
365383 365385 365400 365401 365404 365424 365425 365426 365432 365434
365439 365440 365466 365471 365480 365484 365489 365496 365499 365511
365515 365516 365521 365531 365583 365586 365597 365617 365635 365651
365662 365673 365680 365684 365697 365699 365704 365705 365713 365719
365730 365750 365789 365807 365833 365837 365840 365845 365887 365890
365895 365898 365910 365916 365957 365984 365993 366010 366013 366017
366019 366029 366065 366069 366081 366097 366112 366141 366143 366148
366161 366177 366181 366190 366196 366202 366210 366216 366219 366227
366232 366240 366242 366254 366257 366259 366260 366261 366266 366282
366285 366298 366299 366314 366315 366325 366370 366378 366381 366384
366385 366395 366401 366403 366405 366408 366415 366461 366474 366482
366498 366502 366503 366508 366509 366523 366534 366543 366556 366566
366571 366600 366613 366620 366622 366624 366631 366632 366633 366665
366680 366682 366683 366684 366713 366718 366724 366731 366741 366764
366778 366786 366792 366795 366835 366837 366843 366858 366861 366862
366883 366887 366897 366907 366975 366985 366990 366999 367007 367030
367037 367059 367069 367089 367121 367133 367142 367144 367153 367155
367160 367175 367180 367189 367191 367202 367209 367215 367235 367250
367267 367312 367326 367331 367335 367366 367376 367404 367412 367415
367453 367464 367484 367487 367491 367513 367520 367526 367535 367537
367546 367549 367561 367562 367569 367573 367578 367600 367653 367658
367663 367668 367685 367689 367700 367701 367704 367705 367752 367780
367783 367785 367786 367801 367813 367817 367827 367838 367855 367877
367883 367894 367901 367908 367925 367928 367931 367944 367953 367956
367957 367961 367966 367996 367998 368005 368007 368012 368013 368017
368029 368032 368052 368059 368069 368090 368093 368119 368121 368130
368137 368138 368149 368151 368152 368158 368160 368189 368192 368225
368240 368266 368286 368303 368314 368319 368321 368333 368344 368351
368362 368383 368388 368393 368413 368425 368471 368482 368489 368536
368541 368545 368546 368574 368578 368586 368603 368617 368620 368626
368636 368643 368649 368650 368670 368676 368677 368687 368693 368718
368724 368733 368753 368768 368780 368788 368797 368805 368820 368834
368837 368841 368851 368857 368867 368869 368876 368878 368881 368882
368912 368917 368927 368929 368939 368947 368951 368959 368964 368972
368985 368989 369011 369013 369018 369026 369028 369030 369037 369048
369052 369054 369076 369103 369112 369122 369129 369130 369133 369164
369173 369177 369183 369186 369189 369193 369198 369200 369203 369207
369232 369244 369263 369266 369288 369290 369296 369304 369305 369324
369346 369379 369381 369384 369402 369427 369429 369458 369467 369471
369486 369549 369551 369565 369576 369582 369587 369592 369606 369628
369634 369644 369665 369666 369683 369685 369688 369699 369721 369731
369747 369755 369757 369769 369775 369785 369797 369817 369854 369855
369858 369859 369875 369876 369888 369894 369897 369902 369905 369907
369913 369930 369948 369952 369963 369965 369973 369986 369988 370002
370015 370031 370033 370041 370069 370070 370072 370076 370080 370081
370086 370092 370095 370111 370125 370141 370148 370153 370159 370171
370172 370176 370189 370197 370199 370209 370227 370228 370251 370257
370263 370275 370284 370285 370317 370341 370344 370347 370348 370353
370372 370382 370385 370386 370396 370398 370401 370407 370409 370438
370446 370449 370457 370463 370470 370484 370491 370500 370509 370520
370521 370523 370559 370565 370567 370582 370592 370600 370605 370607
370618 370637 370660 370667 370674 370680 370689 370701 370705 370710
370712 370732 370758 370792 370822 370836 370852 370854 370862 370879
370892 370907 370911 370925 370928 370943 370956 370959 370990 371013
371018 371023 371025 371046 371062 371063 371078 371084 371100 371106
371109 371111 371117 371128 371132 371143 371146 371192 371200 371218
371279 371302 371313 371316 371327 371343 371352 371354 371355 371371
371384 371405 371413 371416 371424 371425 371430 371441 371449 371454
371506 371510 371526 371546 371554 371556 371563 371564 371566 371578
371585 371592 371634 371654 371668 371673 371678 371687 371690 371697
371705 371708 371714 371724 371736 371743 371749 371750 371754 371759
371765 371775 371786 371787 371792 371804 371810 371833 371844 371874
371889 371906 371925 371932 371938 371942 371948 371959 371960 371961
371967 371973 371974 371994 372008 372014 372016 372021 372040 372041
372081 372096 372105 372106 372108 372143 372158 372171 372188 372208
372221 372227 372254 372257 372274 372287 372296 372304 372313 372326
372338 372339 372355 372360 372405 372408 372409 372410 372414 372422
372451 372456 372457 372464 372473 372490 372504 372518 372520 372529
372551 372557 372559 372560 372592 372600 372604 372608 372614 372621
372629 372631 372636 372653 372657 372660 372666 372675 372696 372698
372707 372716 372726 372744 372745 372795 372821 372845 372870 372886
372888 372909 372913 372920 372923 372931 372941 372943 372944 372962
372970 372994 373011 373015 373019 373050 373060 373062 373063 373064
373088 373095 373099 373106 373111 373116 373118 373140 373152 373156
373165 373211 373214 373227 373232 373234 373240 373241 373248 373284
373296 373312 373317 373324 373327 373358 373366 373374 373381 373383
373426 373427 373449 373450 373454 373456 373460 373464 373494 373519
373521 373525 373530 373532 373535 373536 373540 373555 373568 373576
373616 373619 373642 373671 373694 373702 373705 373706 373712 373722
373735 373741 373749 373756 373759 373760 373762 373765 373811 373822
373835 373836 373840 373844 373851 373876 373889 373892 373927 373936
373952 373961 373971 373977 373984 373988 373996 373999 374009 374029
374040 374051 374064 374076 374100 374117 374139 374157 374158 374195
374197 374212 374235 374252 374255 374276 374282 374290 374296 374300
374303 374304 374309 374325 374327 374337 374340 374343 374368 374373
374379 374386 374393 374410 374411 374433 374434 374440 374462 374464
374473 374490 374504 374513 374538 374539 374546 374555 374563 374585
374590 374620 374633 374639 374642 374647 374669 374675 374677 374685
374697 374709 374731 374739 374743 374746 374749 374750 374752 374770
374792 374793 374795 374797 374804 374827 374834 374835 374849 374852
374858 374879 374897 374900 374906 374915 374920 374929 374932 374962
374963 374970 374982 374983 375000 375029 375032 375048 375055 375070
375074 375082 375113 375155 375166 375178 375184 375185 375195 375215
375234 375236 375241 375248 375249 375255 375264 375270 375272 375286
375305 375308 375330 375334 375353 375361 375364 375373 375394 375395
375404 375412 375413 375426 375427 375441 375469 375480 375487 375492
375502 375509 375514 375532 375542 375576 375578 375580 375595 375600
375618 375623 375624 375639 375644 375646 375648 375657 375665 375670
375688 375697 375711 375719 375724 375725 375731 375737 375741 375752
375753 375758 375763 375765 375768 375773 375781 375790 375791 375797
375809 375811 375814 375821 375836 375837 375855 375868 375881 375894
375897 375901 375902 375905 375907 375938 375950 375955 375965 375979
375987 375994 376013 376015 376021 376022 376024 376028 376050 376058
376060 376077 376089 376095 376097 376124 376131 376132 376140 376181
376184 376211 376219 376223 376230 376233 376251 376253 376254 376259
376276 376280 376312 376313 376314 376323 376325 376329 376358 376375
376392 376396 376397 376402 376432 376447 376452 376460 376461 376462
376489 376493 376510 376535 376545 376553 376554 376557 376558 376568
376589 376593 376608 376610 376635 376641 376643 376647 376650 376658
376702 376712 376727 376735 376739 376749 376756 376766 376767 376853
376861 376864 376896 376899 376902 376909 376912 376916 376926 376934
376941 376948 376952 376957 376965 376969 376977 376990 376995 377004
377018 377029 377033 377059 377075 377079 377099 377102 377137 377138
377143 377150 377181 377192 377201 377207 377222 377227 377228 377239
377240 377252 377259 377269 377278 377280 377290 377325 377343 377354
377355 377359 377382 377383 377384 377400 377401 377404 377433 377449
377458 377459 377461 377501 377533 377539 377542 377547 377549 377550
377553 377556 377563 377568 377585 377595 377606 377610 377616 377617
377618 377621 377625 377632 377653 377656 377664 377676 377693 377707
377723 377728 377729 377738 377744 377749 377760 377762 377766 377774
377782 377803 377823 377826 377829 377845 377904 377918 377944 377962
377974 377975 377976 377999 378001 378011 378038 378046 378047 378066
378076 378082 378097 378108 378110 378115 378119 378151 378153 378157
378160 378168 378182 378191 378206 378207 378214 378220 378222 378254
378256 378262 378272 378280 378282 378285 378302 378332 378337 378342
378347 378348 378357 378369 378371 378377 378378 378381 378389 378413
378416 378422 378427 378458 378461 378464 378469 378501 378506 378507
378535 378537 378543 378552 378572 378574 378583 378595 378625 378648
378650 378660 378680 378681 378689 378695 378698 378717 378737 378750
378751 378757 378764 378767 378787 378789 378823 378826 378831 378838
378841 378851 378853 378882 378889 378901 378904 378926 378929 378935
378936 378964 378985 378997 379029 379071 379073 379075 379081 379085
379110 379119 379125 379132 379146 379151 379177 379184 379193 379201
379202 379220 379223 379243 379260 379266 379278 379290 379300 379309
379315 379318 379331 379355 379364 379374 379376 379396 379404 379408
379422 379441 379446 379453 379461 379466 379481 379485 379490 379509
379517 379544 379557 379561 379562 379566 379573 379588 379625 379633
379658 379661 379671 379686 379727 379730 379733 379748 379756 379765
379777 379781 379787 379797 379805 379834 379838 379849 379866 379870
379877 379878 379884 379914 379917 379925 379926 379929 379950 379951
379958 379961 379962 379964 379974 379998 380000 380007 380010 380033
380038 380059 380062 380068 380070 380079 380083 380084 380104 380105
380107 380118 380127 380128 380133 380136 380151 380170 380171 380174
380175 380180 380185 380212 380219 380220 380222 380225 380229 380232
380236 380237 380244 380245 380262 380265 380268 380278 380285 380300
380323 380324 380341 380343 380349 380354 380360 380402 380403 380420
380431 380436 380438 380439 380445 380446 380448 380449 380457 380465
380475 380480 380490 380492 380493 380496 380501 380527 380530 380547
380580 380596 380614 380624 380628 380629 380630 380631 380640 380658
380682 380697 380712 380714 380720 380733 380741 380744 380760 380762
380767 380798 380800 380801 380826 380829 380830 380832 380833 380843
380861 380867 380872 380873 380881 380920 380928 380941 380943 380958
380966 380976 380984 380996 381002 381022 381030 381033 381041 381044
381056 381091 381093 381096 381097 381124 381135 381148 381155 381159
381163 381170 381177 381185 381197 381200 381205 381211 381215 381221
381237 381243 381253 381260 381269 381275 381281 381286 381296 381311
381318 381329 381336 381361 381384 381396 381403 381405 381407 381414
381433 381438 381472 381478 381481 381482 381489 381493 381507 381510
381522 381528 381531 381538 381546 381551 381571 381601 381618 381622
381625 381629 381649 381660 381663 381676 381729 381734 381740 381751
381760 381769 381773 381779 381789 381814 381819 381821 381840 381875
381891 381894 381896 381900 381906 381914 381916 381918 381935 381939
381950 381957 381971 381994 382006 382016 382035 382037 382044 382051
382066 382067 382070 382071 382073 382079 382084 382095 382110 382124
382125 382140 382141 382143 382144 382149 382164 382178 382181 382185
382206 382213 382215 382217 382219 382224 382251 382253 382254 382255
382263 382275 382278 382286 382293 382300 382305 382312 382328 382330
382337 382352 382354 382359 382370 382374 382378 382381 382396 382415
382428 382437 382438 382444 382446 382463 382467 382478 382499 382515
382541 382544 382545 382555 382579 382580 382587 382589 382591 382602
382604 382605 382622 382629 382632 382638 382644 382647 382672 382690
382692 382694 382709 382721 382723 382732 382744 382747 382759 382781
382782 382790 382798 382807 382820 382826 382833 382834 382836 382843
382863 382867 382874 382875 382888 382891 382893 382894 382905 382906
382909 382911 382918 382938 382939 382949 382982 383007 383020 383035
383049 383050 383074 383082 383084 383090 383099 383100 383124 383133
383152 383153 383157 383162 383163 383164 383168 383171 383178 383179
383194 383196 383200 383211 383221 383223 383234 383249 383268 383307
383311 383314 383332 383351 383362 383370 383375 383419 383435 383444
383451 383463 383502 383510 383523 383525 383551 383561 383563 383596
383617 383640 383642 383659 383669 383678 383692 383722 383726 383729
383732 383733 383734 383744 383747 383753 383757 383758 383773 383794
383807 383815 383821 383843 383849 383854 383860 383864 383868 383872
383876 383879 383880 383898 383903 383905 383934 383947 383956 383958
383960 383964 383970 384003 384029 384033 384034 384051 384054 384058
384066 384093 384099 384100 384104 384120 384123 384125 384127 384129
384130 384131 384145 384166 384170 384176 384182 384186 384200 384228
384229 384232 384245 384256 384266 384270 384274 384296 384302 384314
384320 384331 384335 384337 384347 384349 384350 384361 384364 384369
384375 384390 384420 384424 384425 384434 384439 384447 384451 384490
384512 384521 384527 384531 384547 384554 384565 384572 384576 384601
384649 384660 384677 384681 384683 384693 384708 384711 384719 384723
384739 384750 384760 384761 384776 384783 384789 384790 384808 384844
384848 384854 384859 384860 384871 384873 384875 384877 384881 384894
384898 384908 384912 384921 384924 384931 384932 384947 384950 384954
384972 384986 385007 385022 385044 385051 385059 385061 385073 385074
385076 385094 385114 385121 385128 385144 385149 385156 385164 385180
385190 385200 385202 385204 385205 385209 385220 385232 385246 385247
385250 385252 385254 385268 385276 385281 385282 385292 385293 385297
385304 385316 385324 385326 385334 385346 385361 385363 385374 385378
385381 385393 385394 385404 385413 385417 385426 385427 385442 385450
385476 385502 385506 385513 385515 385524 385533 385538 385559 385585
385607 385617 385633 385641 385673 385684 385716 385721 385736 385744
385747 385754 385773 385789 385815 385829 385837 385845 385850 385860
385869 385872 385877 385879 385882 385883 385885 385911 385914 385915
385920 385927 385928 385947 385956 385973 385978 386002 386023 386027
386036 386037 386046 386072 386076 386077 386078 386087 386097 386100
386106 386112 386123 386149 386155 386157 386169 386172 386173 386183
386191 386197 386206 386213 386217 386281 386292 386294 386307 386308
386315 386316 386324 386340 386359 386372 386377 386384 386388 386399
386412 386420 386425 386444 386450 386467 386478 386515 386530 386533
386542 386546 386552 386567 386570 386581 386596 386603 386605 386610
386626 386627 386636 386642 386646 386649 386683 386699 386722 386728
386747 386751 386766 386770 386773 386784 386794 386837 386872 386886
386892 386898 386901 386903 386918 386936 386940 386947 386952 386958
386991 386997 387004 387011 387015 387027 387036 387037 387043 387062
387069 387071 387074 387076 387081 387083 387103 387113 387131 387139
387153 387165 387177 387179 387199 387230 387247 387251 387266 387280
387289 387293 387294 387296 387303 387310 387314 387316 387328 387335
387340 387341 387342 387344 387353 387364 387389 387407 387411 387421
387428 387438 387439 387443 387446 387464 387470 387479 387480 387482
387483 387484 387491 387503 387506 387514 387517 387534 387538 387539
387541 387543 387560 387569 387590 387617 387635 387648 387658 387666
387667 387668 387686 387698 387701 387704 387712 387728 387738 387739
387740 387750 387760 387762 387767 387783 387813 387819 387841 387847
387857 387859 387864 387878 387888 387895 387900 387903 387906 387912
387915 387916 387920 387937 387939 387943 387945 387960 387977 387980
387982 387983 388022 388028 388036 388038 388058 388070 388077 388085
388101 388104 388111 388120 388123 388134 388142 388147 388149 388158
388165 388180 388187 388190 388194 388202 388211 388232 388234 388243
388260 388272 388274 388280 388302 388304 388309 388314 388320 388334
388335 388357 388380 388382 388385 388387 388403 388405 388409 388413
388419 388423 388427 388434 388444 388456 388462 388467 388475 388476
388490 388497 388500 388503 388526 388533 388554 388555 388559 388575
388582 388586 388594 388599 388611 388612 388619 388635 388641 388655
388657 388660 388684 388685 388689 388699 388700 388716 388721 388723
388726 388747 388757 388758 388784 388799 388810 388853 388857 388863
388880 388891 388923 388932 388950 388958 388965 388981 388982 388988
388989 388996 388997 389003 389010 389011 389018 389034 389043 389057
389059 389068 389072 389073 389095 389096 389097 389119 389120 389123
389133 389142 389154 389161 389178 389181 389190 389202 389203 389211
389230 389262 389273 389289 389311 389325 389332 389374 389401 389425
389426 389440 389446 389459 389474 389477 389481 389482 389508 389525
389535 389547 389553 389555 389561 389573 389578 389595 389597 389599
389605 389619 389628 389630 389640 389651 389672 389676 389699 389703
389705 389721 389722 389732 389739 389744 389754 389761 389777 389789
389791 389807 389808 389812 389825 389826 389833 389848 389849 389863
389865 389872 389900 389913 389915 389925 389937 389954 389960 389961
389962 389972 389987 389993 389997 390000 390003 390012 390018 390023
390054 390062 390067 390068 390071 390085 390100 390103 390114 390142
390145 390152 390163 390164 390182 390198 390199 390200 390208 390215
390227 390230 390231 390243 390248 390249 390260 390282 390284 390295
390303 390318 390360 390361 390362 390367 390372 390377 390378 390381
390383 390389 390395 390402 390451 390471 390472 390490 390504 390510
390524 390526 390538 390575 390577 390584 390585 390593 390619 390621
390622 390632 390636 390651 390655 390656 390666 390672 390677 390680
390696 390699 390705 390712 390717 390721 390729 390739 390754 390768
390787 390797 390812 390814 390821 390868 390876 390879 390892 390893
390904 390907 390908 390933 390961 390979 390982 391000 391001 391017
391053 391055 391059 391060 391064 391065 391080 391082 391096 391117
391126 391128 391133 391136 391195 391203 391204 391213 391215 391218
391234 391249 391270 391276 391290 391295 391309 391314 391334 391339
391348 391350 391362 391365 391366 391374 391379 391419 391427 391428
391432 391447 391448 391468 391489 391543 391544 391556 391576 391577
391588 391589 391599 391600 391609 391623 391644 391657 391660 391669
391675 391722 391730 391736 391739 391747 391762 391768 391774 391777
391782 391808 391815 391817 391818 391851 391852 391869 391876 391887
391896 391903 391904 391927 391930 391932 391934 391952 391962 391965
391968 391974 391994 392029 392042 392049 392052 392063 392067 392068
392069 392073 392092 392123 392141 392164 392166 392193 392199 392226
392237 392244 392255 392267 392270 392289 392296 392299 392308 392309
392325 392337 392340 392369 392390 392393 392395 392414 392423 392429
392444 392467 392487 392494 392497 392499 392516 392529 392534 392546
392579 392589 392595 392608 392624 392627 392645 392653 392660 392661
392712 392715 392729 392732 392775 392778 392786 392793 392802 392812
392816 392818 392820 392834 392838 392844 392863 392883 392901 392902
392912 392919 392928 392933 392939 392942 392945 392952 392956 392957
392961 392964 392976 392978 392979 392980 392984 392997 392999 393005
393008 393011 393015 393022 393039 393049 393068 393079 393085 393092
393093 393103 393112 393115 393125 393128 393137 393139 393148 393152
393155 393161 393180 393194 393196 393221 393234 393255 393271 393278
393292 393312 393320 393331 393334 393348 393351 393357 393367 393377
393397 393400 393408 393411 393425 393429 393433 393464 393474 393503
393515 393542 393554 393563 393564 393570 393591 393594 393601 393606
393612 393626 393636 393641 393648 393649 393671 393673 393674 393686
393716 393718 393723 393727 393731 393732 393735 393737 393743 393744
393766 393772 393775 393780 393784 393791 393808 393810 393817 393819
393820 393831 393859 393865 393877 393879 393884 393891 393918 393923
393924 393938 393947 393955 393962 393968 393981 393988 393991 394013
394015 394043 394056 394058 394060 394081 394100 394101 394110 394113
394115 394123 394134 394168 394170 394180 394213 394217 394221 394236
394258 394266 394268 394279 394307 394316 394323 394343 394357 394369
394380 394386 394391 394395 394412 394413 394415 394419 394426 394436
394449 394461 394496 394503 394504 394522 394525 394529 394534 394536
394542 394547 394586 394590 394592 394597 394625 394628 394634 394635
394637 394658 394659 394660 394687 394706 394716 394729 394730 394731
394754 394820 394833 394836 394863 394871 394873 394876 394896 394923
394928 394953 394954 394958 394962 394966 394970 394975 394977 394980
394988 394995 395020 395036 395077 395089 395098 395107 395116 395121
395130 395169 395177 395182 395198 395199 395205 395223 395239 395256
395260 395263 395286 395311 395321 395324 395325 395327 395333 395338
395369 395370 395376 395377 395379 395403 395413 395417 395418 395441
395447 395453 395454 395456 395464 395467 395474 395477 395499 395504
395505 395531 395535 395539 395562 395578 395585 395606 395618 395620
395638 395656 395684 395686 395690 395693 395699 395707 395721 395764
395774 395785 395803 395813 395817 395825 395840 395842 395845 395846
395852 395871 395891 395892 395921 395922 395928 395931 395942 395981
395987 395989 396001 396008 396011 396020 396035 396082 396086 396089
396095 396097 396112 396127 396140 396146 396161 396175 396176 396177
396200 396208 396216 396222 396246 396254 396277 396280 396282 396294
396299 396300 396310 396333 396335 396349 396357 396359 396370 396371
396377 396386 396400 396401 396402 396404 396438 396443 396449 396459
396488 396490 396500 396501 396504 396515 396517 396530 396540 396546
396550 396553 396566 396573 396575 396576 396577 396580 396617 396621
396654 396677 396699 396704 396709 396727 396735 396748 396751 396760
396774 396779 396782 396794 396803 396824 396835 396846 396848 396889
396891 396927 396931 396934 396974 396981 396986 396992 397004 397011
397038 397049 397054 397057 397065 397066 397093 397111 397114 397124
397129 397133 397140 397144 397147 397151 397153 397166 397176 397178
397182 397205 397208 397211 397220 397230 397231 397243 397245 397260
397262 397265 397305 397312 397314 397325 397331 397342 397347 397349
397351 397352 397369 397370 397371 397379 397382 397383 397401 397402
397418 397420 397421 397422 397424 397432 397449 397450 397468 397478
397489 397506 397521 397547 397557 397565 397572 397574 397590 397600
397601 397616 397643 397646 397666 397677 397685 397689 397696 397698
397701 397710 397735 397770 397779 397789 397790 397792 397816 397818
397819 397824 397830 397842 397844 397870 397879 397887 397898 397909
397922 397947 397952 397960 397974 397977 397980 397982 398003 398009
398010 398011 398020 398036 398038 398039 398048 398053 398055 398056
398067 398068 398071 398081 398090 398091 398101 398109 398124 398128
398134 398136 398138 398148 398163 398171 398189 398198 398211 398213
398231 398232 398235 398255 398276 398277 398282 398292 398293 398297
398315 398316 398329 398337 398356 398357 398370 398371 398374 398375
398381 398383 398403 398426 398428 398437 398444 398445 398449 398452
398461 398474 398483 398517 398529 398530 398546 398554 398556 398602
398605 398637 398653 398671 398674 398679 398683 398694 398695 398704
398714 398727 398734 398774 398782 398784 398790 398798 398804 398825
398851 398862 398869 398871 398872 398890 398891 398894 398897 398903
398908 398913 398923 398929 398930 398936 398961 398969 398978 399006
399013 399014 399020 399026 399051 399066 399071 399073 399104 399111
399117 399139 399155 399157 399162 399193 399204 399206 399212 399214
399219 399222 399249 399250 399253 399285 399296 399313 399324 399325
399359 399362 399372 399374 399377 399414 399419 399428 399444 399455
399456 399468 399473 399478 399502 399513 399524 399567 399588 399589
399590 399607 399611 399621 399622 399636 399641 399646 399655 399659
399661 399666 399667 399671 399697 399714 399723 399724 399726 399740
399752 399754 399755 399759 399765 399768 399787 399788 399794 399796
399800 399811 399813 399823 399827 399830 399853 399861 399874 399884
399891 399909 399910 399914 399918 399925 399939 399962 399976 399979
399981 399984 399994 400008 400033 400045 400052 400059 400068 400078
400107 400114 400119 400129 400134 400146 400149 400153 400159 400172
400173 400180 400181 400184 400198 400202 400207 400210 400227 400228
400241 400243 400256 400261 400274 400290 400300 400310 400322 400324
400329 400331 400335 400352 400357 400358 400359 400379 400381 400388
400418 400435 400438 400444 400445 400451 400463 400472 400473 400487
400521 400526 400542 400559 400568 400575 400579 400582 400586 400608
400620 400645 400661 400666 400688 400706 400715 400767 400770 400777
400805 400811 400834 400835 400836 400860 400863 400873 400886 400897
400903 400904 400907 400931 400939 400947 400967 400978 400983 400987
400994 400997 401006 401007 401013 401016 401022 401024 401029 401033
401037 401038 401055 401076 401093 401110 401116 401126 401128 401152
401169 401171 401179 401195 401223 401229 401232 401249 401255 401265
401275 401288 401293 401300 401301 401307 401316 401317 401333 401338
401344 401349 401362 401364 401372 401406 401416 401430 401436 401444
401450 401451 401452 401463 401481 401511 401515 401525 401547 401552
401579 401599 401609 401613 401617 401626 401634 401638 401649 401659
401661 401688 401692 401699 401702 401731 401734 401737 401739 401747
401754 401765 401766 401777 401781 401790 401805 401806 401842 401885
401908 401918 401924 401925 401926 401948 401959 401962 401967 401975
401978 401980 401983 401989 401995 402010 402012 402014 402019 402024
402030 402045 402074 402097 402112 402123 402125 402132 402148 402167
402169 402176 402181 402203 402204 402214 402219 402227 402239 402251
402255 402262 402290 402294 402304 402307 402348 402364 402371 402391
402401 402405 402408 402421 402426 402458 402496 402509 402522 402535
402550 402562 402571 402576 402578 402583 402586 402587 402605 402607
402608 402624 402646 402666 402669 402670 402672 402674 402676 402690
402715 402730 402741 402745 402762 402788 402799 402812 402817 402840
402849 402853 402856 402867 402882 402907 402911 402920 402925 402929
402955 402956 402961 402962 402972 402987 402994 403024 403033 403055
403092 403097 403098 403100 403112 403127 403172 403174 403175 403178
403190 403205 403210 403215 403222 403225 403238 403260 403278 403286
403304 403317 403320 403322 403355 403358 403370 403385 403392 403421
403435 403453 403458 403486 403491 403492 403493 403503 403521 403543
403551 403552 403572 403577 403580 403585 403589 403610 403613 403637
403644 403651 403654 403662 403693 403694 403698 403713 403714 403725
403738 403739 403740 403743 403745 403777 403784 403787 403790 403801
403806 403807 403824 403826 403828 403833 403837 403838 403841 403854
403862 403892 403911 403925 403931 403936 403945 403969 403974 403980
403989 404018 404021 404028 404047 404081 404088 404089 404094 404098
404113 404133 404140 404166 404185 404187 404200 404234 404240 404246
404248 404253 404279 404281 404284 404321 404324 404334 404336 404346
404347 404370 404429 404446 404474 404479 404487 404488 404497 404506
404527 404546 404547 404561 404568 404579 404582 404587 404590 404622
404634 404635 404644 404652 404668 404688 404695 404702 404713 404715
404721 404730 404736 404747 404750 404752 404770 404801 404804 404812
404829 404847 404856 404870 404900 404901 404926 404940 404941 404957
404966 404967 404979 404987 404991 404993 404998 405010 405023 405026
405088 405092 405099 405104 405132 405137 405152 405153 405163 405168
405173 405183 405188 405191 405192 405194 405196 405202 405207 405215
405242 405263 405264 405265 405266 405276 405284 405286 405288 405307
405312 405316 405320 405335 405347 405384 405399 405401 405405 405406
405419 405432 405435 405448 405455 405462 405473 405480 405484 405487
405491 405496 405504 405511 405512 405515 405539 405545 405548 405561
405573 405579 405598 405603 405612 405617 405620 405622 405623 405630
405631 405634 405635 405657 405681 405683 405688 405696 405705 405731
405734 405742 405745 405753 405761 405779 405815 405816 405844 405865
405870 405881 405885 405890 405899 405903 405910 405914 405931 405944
405957 405970 405971 405973 405977 405996 406018 406020 406044 406055
406068 406094 406095 406098 406102 406110 406114 406117 406127 406128
406138 406145 406155 406163 406167 406173 406178 406179 406182 406189
406191 406224 406232 406244 406269 406278 406290 406291 406313 406318
406319 406320 406327 406340 406344 406355 406360 406369 406386 406393
406400 406404 406405 406418 406434 406437 406445 406457 406481 406493
406500 406515 406518 406527 406535 406543 406555 406559 406569 406572
406587 406589 406599 406600 406615 406616 406619 406631 406636 406640
406645 406655 406661 406677 406688 406691 406693 406701 406706 406712
406713 406714 406735 406745 406747 406761 406766 406770 406789 406794
406798 406812 406813 406822 406832 406838 406872 406885 406893 406910
406915 406920 406923 406936 406937 406939 406943 406946 406961 406977
407017 407020 407023 407027 407044 407046 407052 407062 407065 407078
407079 407088 407095 407101 407107 407118 407120 407125 407131 407144
407192 407215 407218 407236 407247 407251 407253 407256 407257 407262
407263 407268 407270 407271 407276 407282 407284 407286 407296 407297
407306 407317 407322 407340 407341 407356 407363 407372 407390 407403
407406 407417 407431 407446 407458 407464 407467 407497 407500 407525
407528 407530 407552 407561 407565 407575 407577 407579 407586 407589
407604 407606 407613 407622 407628 407647 407651 407661 407668 407676
407683 407691 407722 407725 407729 407744 407752 407758 407759 407768
407783 407795 407796 407798 407816 407818 407844 407868 407872 407881
407885 407886 407889 407918 407922 407928 407934 407948 407949 407979
407983 407984 407990 407997 408004 408011 408014 408025 408073 408079
408081 408093 408098 408109 408117 408131 408151 408159 408172 408183
408237 408266 408273 408276 408277 408284 408287 408294 408307 408315
408316 408333 408342 408356 408359 408369 408393 408405 408408 408415
408429 408435 408461 408465 408466 408489 408492 408497 408505 408517
408536 408547 408553 408561 408566 408586 408591 408600 408623 408628
408633 408640 408646 408661 408669 408670 408679 408690 408711 408720
408722 408729 408748 408751 408753 408766 408771 408785 408790 408803
408817 408824 408833 408834 408840 408845 408851 408860 408869 408876
408882 408895 408907 408911 408916 408928 408931 408932 408938 408947
408951 408959 408967 408981 408984 409005 409009 409016 409022 409072
409084 409086 409087 409098 409112 409138 409143 409163 409234 409236
409239 409248 409251 409266 409277 409281 409285 409288 409297 409301
409311 409318 409326 409328 409335 409349 409353 409359 409388 409390
409400 409415 409425 409435 409450 409455 409466 409481 409483 409499
409505 409513 409518 409552 409574 409590 409617 409620 409632 409633
409640 409644 409673 409681 409683 409701 409705 409708 409714 409715
409722 409725 409729 409743 409787 409808 409809 409850 409860 409865
409877 409880 409891 409896 409902 409908 409909 409916 409922 409949
409970 409975 409980 410005 410006 410009 410012 410013 410016 410020
410032 410053 410054 410058 410084 410092 410103 410134 410145 410154
410185 410186 410188 410191 410209 410227 410240 410243 410244 410249
410253 410257 410260 410275 410280 410292 410298 410305 410314 410320
410322 410323 410330 410332 410339 410340 410349 410377 410379 410414
410441 410445 410446 410447 410464 410467 410476 410490 410521 410526
410535 410557 410559 410565 410572 410593 410597 410599 410611 410612
410620 410624 410628 410629 410630 410646 410660 410661 410662 410668
410671 410680 410703 410705 410711 410746 410759 410760 410764 410790
410799 410833 410836 410837 410839 410841 410850 410851 410853 410859
410863 410867 410877 410890 410899 410901 410908 410918 410935 410942
410954 410955 410956 410966 410967 410972 410992 411009 411013 411029
411035 411046 411091 411098 411099 411110 411125 411132 411139 411141
411142 411159 411188 411201 411229 411230 411232 411236 411251 411258
411259 411262 411265 411276 411283 411284 411292 411315 411324 411337
411343 411345 411373 411389 411391 411398 411404 411423 411427 411433
411445 411455 411470 411474 411475 411486 411492 411502 411537 411542
411545 411550 411564 411567 411580 411597 411607 411610 411634 411650
411651 411653 411662 411668 411675 411680 411683 411684 411692 411693
411694 411695 411703 411704 411713 411720 411741 411742 411776 411778
411780 411781 411800 411807 411838 411843 411844 411859 411879 411883
411894 411913 411917 411918 411928 411935 411946 411960 411961 411965
411966 411972 411974 411979 411993 411994 411995 412013 412025 412041
412048 412053 412059 412061 412072 412073 412089 412092 412095 412109
412113 412119 412124 412142 412177 412186 412191 412195 412216 412217
412221 412233 412237 412240 412248 412257 412260 412264 412271 412284
412285 412295 412310 412314 412338 412347 412350 412353 412362 412368
412379 412387 412404 412407 412431 412450 412454 412464 412485 412491
412493 412501 412518 412520 412521 412539 412540 412541 412558 412559
412604 412609 412617 412621 412626 412640 412641 412643 412653 412665
412666 412670 412675 412688 412694 412706 412710 412718 412733 412739
412746 412749 412753 412780 412789 412790 412801 412803 412805 412808
412809 412819 412823 412834 412846 412850 412854 412858 412868 412892
412900 412912 412958 412959 412960 412967 412970 412998 413024 413025
413034 413059 413067 413074 413097 413107 413113 413125 413134 413148
413168 413185 413188 413191 413196 413198 413210 413217 413224 413231
413285 413287 413305 413313 413318 413346 413352 413361 413393 413412
413417 413421 413423 413429 413445 413460 413466 413467 413473 413479
413483 413502 413536 413542 413554 413562 413601 413629 413632 413641
413650 413675 413681 413685 413691 413701 413713 413714 413718 413748
413774 413786 413792 413811 413820 413840 413848 413851 413860 413886
413896 413907 413908 413912 413933 413957 413970 413983 413986 414014
414018 414029 414034 414037 414046 414065 414068 414088 414091 414095
414103 414114 414156 414157 414171 414174 414191 414200 414201 414211
414226 414253 414256 414272 414284 414296 414307 414318 414322 414331
414370 414382 414390 414397 414399 414404 414407 414409 414410 414419
414426 414435 414441 414447 414462 414489 414497 414508 414521 414531
414540 414544 414554 414558 414562 414571 414574 414579 414591 414597
414602 414636 414641 414643 414648 414659 414690 414707 414744 414749
414755 414771 414791 414795 414815 414817 414821 414822 414852 414865
414879 414898 414908 414924 414929 414930 414944 414955 414967 415009
415042 415066 415075 415085 415087 415096 415103 415106 415109 415133
415149 415152 415157 415158 415173 415198 415212 415217 415220 415227
415241 415265 415268 415271 415274 415283 415299 415312 415314 415324
415327 415329 415336 415341 415362 415388 415424 415428 415466 415472
415481 415501 415502 415515 415586 415606 415619 415632 415645 415664
415683 415684 415687 415719 415733 415740 415748 415756 415776 415795
415800 415804 415809 415836 415839 415846 415851 415854 415862 415864
415880 415898 415907 415908 415925 415931 415946 415947 415951 415953
415968 415971 415981 415988 415994 416006 416017 416018 416030 416052
416057 416060 416061 416075 416092 416095 416102 416126 416136 416148
416150 416161 416171 416186 416197 416205 416216 416228 416241 416246
416260 416266 416279 416289 416309 416320 416338 416363 416371 416374
416403 416410 416422 416435 416439 416440 416452 416480 416482 416490
416495 416500 416505 416539 416541 416549 416553 416588 416603 416605
416610 416613 416615 416628 416636 416695 416704 416708 416727 416736
416745 416770 416789 416803 416805 416811 416814 416821 416829 416839
416863 416894 416895 416899 416904 416905 416910 416913 416925 416957
416977 416986 417004 417038 417058 417075 417084 417086 417106 417125
417145 417157 417171 417174 417182 417184 417185 417205 417208 417209
417211 417216 417229 417235 417237 417267 417272 417273 417284 417304
417327 417343 417344 417379 417390 417394 417397 417400 417421 417429
417442 417454 417477 417485 417538 417549 417568 417574 417576 417583
417587 417604 417627 417638 417643 417666 417670 417697 417702 417704
417716 417739 417741 417756 417762 417765 417769 417774 417783 417787
417790 417817 417827 417832 417833 417836 417837 417838 417842 417844
417860 417864 417880 417882 417884 417891 417897 417912 417916 417923
417929 417931 417936 417958 417964 417981 418008 418040 418046 418049
418062 418081 418099 418105 418109 418118 418144 418154 418155 418156
418159 418173 418180 418182 418188 418203 418213 418215 418219 418223
418225 418235 418248 418250 418252 418255 418269 418274 418289 418291
418297 418310 418314 418315 418326 418343 418353 418354 418381 418389
418395 418398 418404 418426 418427 418432 418440 418447 418468 418471
418473 418485 418503 418505 418576 418585 418591 418609 418611 418612
418613 418614 418624 418629 418635 418641 418647 418651 418659 418671
418680 418691 418707 418739 418741 418742 418775 418787 418810 418814
418829 418835 418836 418843 418847 418848 418849 418876 418877 418899
418902 418904 418911 418917 418928 418931 418952 418956 419012 419044
419057 419077 419083 419103 419105 419106 419113 419120 419124 419126
419130 419135 419138 419157 419159 419173 419178 419182 419195 419198
419224 419227 419239 419255 419266 419284 419289 419292 419311 419313
419327 419328 419335 419348 419349 419362 419388 419393 419397 419402
419404 419410 419416 419436 419438 419447 419448 419451 419452 419464
419478 419479 419482 419490 419492 419493 419503 419517 419528 419547
419562 419565 419567 419575 419584 419593 419615 419618 419632 419648
419656 419657 419679 419690 419692 419695 419700 419724 419727 419733
419736 419746 419748 419764 419789 419793 419810 419826 419828 419829
419832 419872 419882 419885 419907 419908 419909 419926 419945 419950
419967 419970 419971 419973 419988 420000 420014 420022 420037 420058
420064 420073 420092 420098 420105 420132 420145 420162 420165 420173
420191 420195 420207 420215 420235 420273 420277 420282 420298 420313
420322 420372 420376 420377 420395 420413 420416 420421 420435 420439
420452 420462 420468 420474 420487 420498 420512 420550 420554 420559
420568 420572 420580 420591 420594 420613 420622 420623 420657 420661
420663 420718 420725 420737 420759 420799 420815 420864 420867 420876
420884 420898 420900 420914 420919 420935 420942 420943 420948 420964
420966 420977 420988 420989 420997 421013 421021 421052 421058 421060
421066 421069 421081 421083 421108 421115 421144 421146 421154 421157
421158 421185 421195 421231 421235 421252 421264 421289 421318 421326
421327 421350 421375 421412 421439 421441 421457 421458 421469 421482
421483 421493 421494 421506 421533 421537 421550 421554 421556 421557
421572 421576 421583 421588 421660 421663 421673 421706 421717 421718
421719 421737 421740 421743 421744 421750 421761 421762 421763 421773
421798 421825 421833 421834 421836 421837 421842 421851 421857 421861
421870 421895 421897 421912 421938 421942 421946 421972 422003 422005
422028 422050 422058 422063 422064 422065 422074 422076 422086 422089
422115 422120 422122 422129 422130 422145 422149 422155 422166 422173
422189 422192 422210 422213 422217 422238 422260 422280 422285 422304
422322 422325 422335 422337 422342 422355 422358 422383 422388 422391
422403 422406 422409 422411 422449 422453 422467 422483 422515 422537
422541 422571 422573 422581 422587 422589 422595 422603 422608 422626
422627 422642 422646 422651 422666 422683 422686 422696 422701 422702
422714 422717 422720 422725 422728 422749 422752 422769 422781 422800
422804 422805 422814 422838 422848 422857 422861 422865 422877 422894
422912 422913 422930 422933 422950 422960 422972 422978 422987 423007
423012 423031 423033 423045 423058 423099 423119 423132 423133 423140
423142 423143 423144 423148 423150 423155 423163 423179 423182 423226
423236 423243 423251 423255 423271 423293 423299 423300 423307 423321
423328 423338 423350 423355 423357 423358 423365 423376 423379 423389
423404 423406 423418 423427 423444 423454 423461 423486 423495 423528
423537 423563 423566 423571 423572 423578 423585 423587 423590 423594
423606 423610 423633 423636 423652 423655 423672 423679 423689 423690
423693 423713 423715 423717 423736 423748 423754 423765 423780 423788
423808 423811 423813 423819 423826 423828 423833 423836 423842 423848
423890 423905 423929 423964 423970 423988 423989 423997 423999 424003
424010 424020 424031 424054 424070 424077 424083 424089 424100 424117
424126 424133 424188 424192 424216 424220 424226 424258 424261 424264
424270 424276 424289 424293 424294 424308 424317 424320 424321 424323
424328 424333 424344 424345 424374 424402 424404 424418 424424 424430
424445 424467 424473 424474 424476 424485 424495 424506 424541 424542
424548 424550 424555 424564 424568 424576 424581 424590 424591 424597
424605 424617 424629 424634 424641 424645 424659 424667 424681 424686
424695 424701 424713 424722 424730 424740 424753 424763 424797 424798
424815 424819 424841 424864 424890 424897 424900 424925 424935 424949
424960 424976 424983 425027 425035 425043 425060 425073 425094 425111
425118 425127 425134 425143 425162 425171 425208 425212 425215 425217
425227 425236 425263 425283 425286 425310 425314 425316 425321 425335
425343 425347 425370 425387 425388 425404 425405 425410 425418 425419
425426 425462 425466 425481 425491 425500 425536 425542 425551 425556
425566 425574 425587 425606 425609 425616 425618 425646 425647 425651
425664 425671 425672 425696 425719 425759 425779 425809 425822 425832
425849 425853 425863 425869 425891 425896 425898 425910 425921 425929
425980 425991 426005 426012 426017 426041 426043 426044 426051 426063
426081 426094 426120 426134 426137 426144 426174 426177 426209 426218
426221 426261 426269 426282 426283 426289 426305 426317 426324 426333
426334 426337 426345 426346 426350 426363 426373 426384 426398 426406
426420 426434 426453 426495 426500 426516 426521 426534 426554 426569
426570 426576 426602 426608 426609 426620 426630 426636 426644 426648
426652 426674 426712 426719 426729 426730 426731 426740 426743 426744
426748 426750 426754 426757 426769 426776 426795 426796 426802 426812
426824 426826 426827 426831 426834 426844 426846 426849 426862 426868
426869 426871 426877 426878 426909 426923 426953 426969 426970 426973
426976 426981 426990 427005 427014 427023 427028 427037 427041 427043
427058 427062 427077 427083 427088 427094 427110 427125 427126 427127
427149 427150 427151 427155 427171 427190 427200 427203 427217 427218
427232 427241 427257 427285 427286 427297 427298 427306 427307 427328
427343 427346 427360 427374 427379 427383 427385 427392 427397 427407
427460 427473 427478 427481 427484 427495 427503 427508 427519 427522
427535 427541 427554 427574 427594 427602 427605 427667 427707 427719
427720 427721 427750 427756 427757 427780 427782 427810 427811 427836
427857 427865 427868 427869 427909 427942 427943 427953 427961 427971
427994 427999 428001 428024 428031 428064 428082 428085 428087 428096
428099 428111 428116 428119 428128 428150 428155 428164 428176 428192
428216 428234 428244 428252 428265 428269 428273 428284 428293 428304
428311 428316 428336 428378 428379 428380 428397 428398 428399 428406
428419 428426 428440 428450 428474 428477 428481 428482 428530 428547
428568 428579 428581 428582 428585 428587 428600 428634 428640 428653
428656 428664 428678 428687 428703 428726 428731 428733 428740 428744
428746 428747 428760 428761 428785 428787 428796 428802 428807 428815
428817 428855 428861 428886 428896 428911 428927 428942 428946 428950
428978 428980 428985 428991 428998 429025 429029 429031 429044 429047
429048 429064 429065 429078 429084 429089 429094 429103 429106 429110
429124 429141 429170 429187 429193 429228 429229 429240 429243 429245
429265 429285 429289 429301 429309 429315 429316 429330 429349 429362
429366 429382 429386 429387 429389 429396 429410 429411 429412 429423
429426 429433 429436 429440 429447 429449 429454 429455 429464 429481
429489 429500 429514 429525 429531 429550 429559 429563 429571 429572
429578 429579 429594 429599 429632 429643 429656 429665 429673 429687
429693 429696 429711 429717 429741 429744 429773 429804 429815 429849
429862 429871 429886 429889 429897 429898 429904 429910 429934 429953
429955 429960 429970 429974 429989 430008 430012 430025 430027 430035
430069 430071 430080 430093 430094 430095 430103 430116 430133 430134
430149 430171 430193 430199 430202 430204 430218 430228 430231 430259
430282 430293 430305 430309 430318 430323 430358 430360 430362 430372
430374 430378 430385 430391 430416 430438 430441 430463 430465 430473
430479 430495 430520 430521 430524 430534 430537 430553 430555 430556
430564 430570 430573 430582 430584 430590 430591 430598 430602 430607
430613 430625 430627 430633 430658 430659 430664 430668 430676 430679
430680 430683 430725 430734 430736 430746 430750 430755 430758 430764
430768 430777 430791 430809 430817 430820 430832 430840 430854 430863
430869 430874 430875 430878 430895 430912 430927 430933 430955 430967
430973 430975 430982 430986 430987 431027 431040 431046 431047 431065
431073 431091 431098 431099 431125 431131 431138 431141 431173 431176
431202 431229 431240 431243 431280 431285 431296 431301 431302 431311
431318 431323 431326 431347 431354 431355 431359 431374 431381 431389
431392 431401 431411 431436 431441 431443 431444 431460 431467 431468
431507 431553 431558 431559 431560 431567 431568 431577 431586 431590
431599 431602 431609 431621 431622 431643 431650 431661 431670 431671
431683 431688 431705 431719 431720 431722 431724 431729 431732 431761
431764 431788 431823 431833 431837 431851 431862 431882 431884 431889
431903 431912 431948 431953 431957 431967 431989 432015 432017 432024
432027 432030 432035 432042 432073 432074 432075 432081 432143 432144
432153 432170 432176 432188 432189 432197 432199 432200 432218 432234
432264 432271 432277 432285 432295 432310 432312 432332 432334 432347
432356 432362 432373 432379 432382 432389 432414 432415 432419 432422
432424 432426 432432 432441 432448 432463 432478 432479 432495 432511
432512 432527 432530 432532 432541 432566 432570 432588 432592 432596
432607 432609 432630 432635 432651 432654 432657 432658 432680 432688
432701 432706 432716 432738 432744 432764 432806 432817 432829 432832
432833 432852 432863 432875 432876 432885 432903 432905 432907 432927
432933 432944 432952 432956 432961 432966 432976 432988 432992 433012
433027 433031 433032 433033 433043 433049 433061 433069 433072 433073
433088 433099 433122 433132 433137 433139 433152 433153 433154 433161
433162 433171 433206 433211 433213 433223 433236 433249 433258 433266
433297 433301 433318 433322 433341 433342 433353 433368 433369 433399
433411 433430 433438 433447 433488 433491 433495 433527 433543 433555
433556 433565 433579 433580 433586 433588 433593 433606 433616 433623
433628 433630 433643 433649 433653 433655 433661 433662 433666 433705
433710 433714 433717 433721 433722 433723 433752 433758 433764 433768
433789 433817 433837 433857 433858 433860 433873 433884 433888 433892
433896 433899 433906 433924 433927 433928 433935 433940 433941 433942
433961 433979 433989 433996 433999 434000 434006 434008 434045 434050
434054 434055 434061 434071 434082 434095 434103 434126 434140 434146
434153 434161 434169 434174 434182 434190 434193 434195 434208 434210
434216 434239 434277 434296 434297 434306 434327 434344 434356 434366
434369 434370 434382 434387 434388 434392 434396 434403 434408 434409
434415 434431 434435 434441 434453 434457 434489 434499 434505 434509
434515 434528 434533 434553 434555 434557 434579 434583 434589 434667
434691 434709 434712 434717 434722 434727 434737 434753 434755 434766
434772 434788 434805 434812 434817 434828 434830 434837 434838 434848
434852 434859 434897 434899 434910 434911 434915 434922 434930 434948
434956 434987 434991 434995 435012 435014 435022 435023 435050 435058
435074 435103 435137 435144 435148 435150 435180 435196 435199 435204
435207 435216 435227 435229 435232 435236 435284 435296 435297 435318
435319 435327 435337 435356 435366 435392 435393 435395 435419 435428
435444 435463 435471 435486 435490 435497 435499 435508 435525 435552
435565 435566 435567 435589 435590 435629 435637 435647 435658 435673
435676 435679 435682 435691 435700 435705 435710 435718 435735 435753
435761 435766 435772 435779 435786 435788 435803 435806 435814 435816
435822 435843 435848 435866 435889 435894 435900 435903 435906 435921
435933 435937 435955 435963 435974 435975 435977 435979 436002 436004
436012 436027 436034 436044 436053 436063 436071 436072 436092 436130
436132 436134 436135 436144 436174 436183 436202 436208 436213 436220
436223 436226 436248 436252 436280 436288 436290 436300 436318 436324
436348 436352 436362 436366 436374 436375 436376 436382 436394 436409
436412 436416 436417 436422 436469 436478 436483 436497 436503 436515
436530 436532 436550 436582 436598 436600 436603 436607 436609 436631
436633 436642 436649 436691 436701 436716 436728 436736 436738 436752
436761 436769 436788 436821 436826 436833 436867 436879 436894 436910
436914 436919 436925 436941 436970 436992 436997 436998 437004 437034
437043 437066 437075 437092 437106 437126 437150 437161 437183 437214
437216 437217 437225 437237 437240 437258 437266 437270 437273 437274
437299 437315 437322 437326 437332 437334 437338 437340 437343 437363
437369 437375 437393 437394 437414 437445 437455 437457 437475 437483
437484 437493 437494 437496 437505 437508 437509 437521 437524 437526
437531 437539 437543 437571 437577 437581 437582 437597 437601 437606
437612 437621 437631 437632 437635 437661 437663 437664 437666 437711
437723 437746 437753 437758 437761 437770 437772 437774 437817 437819
437834 437846 437847 437854 437858 437862 437868 437873 437875 437879
437905 437907 437916 437921 437932 437939 438003 438022 438053 438058
438099 438101 438103 438121 438124 438150 438155 438164 438183 438194
438204 438208 438214 438234 438273 438285 438291 438299 438300 438310
438311 438321 438335 438339 438358 438361 438363 438374 438381 438392
438397 438400 438429 438433 438435 438439 438440 438452 438456 438457
438459 438469 438474 438476 438477 438497 438504 438513 438527 438533
438553 438603 438611 438614 438621 438629 438632 438647 438658 438659
438682 438691 438692 438694 438704 438720 438735 438737 438738 438740
438763 438809 438812 438824 438825 438826 438830 438851 438875 438879
438920 438921 438933 438941 438959 438993 438998 439010 439013 439027
439040 439046 439049 439081 439082 439086 439088 439100 439105 439110
439116 439118 439119 439125 439135 439136 439137 439140 439152 439165
439168 439204 439222 439224 439226 439241 439242 439246 439248 439250
439253 439257 439259 439265 439278 439301 439308 439309 439329 439354
439356 439361 439362 439364 439368 439373 439384 439386 439389 439394
439405 439417 439443 439464 439469 439479 439483 439486 439524 439525
439544 439550 439551 439566 439567 439572 439588 439589 439609 439623
439630 439631 439643 439648 439664 439682 439692 439695 439696 439699
439707 439709 439721 439724 439730 439737 439776 439780 439790 439814
439815 439834 439840 439848 439855 439856 439859 439867 439869 439876
439879 439880 439885 439901 439909 439910 439937 439944 439971 440003
440025 440031 440038 440046 440050 440054 440078 440096 440097 440099
440104 440106 440113 440120 440132 440145 440147 440148 440150 440178
440180 440203 440206 440208 440219 440224 440225 440233 440246 440249
440252 440253 440258 440259 440275 440286 440289 440292 440300 440316
440319 440320 440329 440339 440353 440371 440379 440381 440382 440388
440390 440392 440393 440396 440404 440412 440427 440428 440436 440449
440457 440480 440485 440492 440496 440501 440504 440515 440516 440527
440528 440568 440570 440597 440598 440599 440604 440610 440611 440625
440626 440633 440634 440645 440649 440651 440654 440694 440703 440742
440772 440776 440793 440802 440804 440812 440837 440840 440848 440873
440876 440881 440936 440947 440954 440968 440974 440994 440998 441000
441005 441008 441017 441032 441042 441057 441072 441092 441093 441094
441096 441097 441122 441126 441131 441141 441199 441214 441256 441310
441313 441317 441326 441328 441330 441340 441349 441370 441374 441377
441381 441389 441402 441427 441428 441438 441445 441446 441453 441468
441470 441479 441485 441507 441508 441556 441558 441563 441572 441578
441583 441588 441602 441609 441610 441618 441621 441636 441639 441640
441654 441655 441665 441684 441687 441691 441694 441709 441718 441724
441733 441737 441739 441753 441755 441759 441767 441770 441783 441827
441839 441860 441863 441872 441886 441893 441902 441906 441907 441915
441952 441960 441964 441965 441973 441978 441980 441986 441997 442009
442029 442037 442042 442049 442060 442061 442062 442100 442113 442118
442121 442126 442140 442147 442154 442164 442200 442215 442224 442244
442254 442260 442262 442277 442282 442289 442291 442292 442293 442300
442304 442306 442319 442325 442341 442354 442364 442367 442377 442391
442398 442399 442400 442401 442404 442410 442419 442443 442448 442474
442514 442520 442529 442540 442550 442551 442570 442578 442585 442589
442602 442611 442621 442623 442624 442633 442637 442640 442641 442666
442678 442680 442690 442715 442720 442722 442734 442743 442756 442758
442769 442772 442776 442779 442784 442790 442797 442798 442803 442812
442814 442828 442830 442839 442858 442861 442894 442899 442903 442908
442909 442920 442938 442946 442950 442960 442967 442969 442980 443005
443031 443033 443038 443039 443041 443043 443064 443074 443076 443086
443089 443091 443094 443102 443103 443104 443120 443142 443144 443145
443172 443190 443193 443197 443202 443205 443207 443209 443216 443226
443230 443231 443234 443238 443276 443283 443288 443290 443300 443323
443351 443366 443377 443381 443400 443421 443462 443481 443489 443495
443496 443500 443504 443508 443511 443526 443527 443529 443534 443536
443557 443559 443569 443582 443583 443585 443607 443616 443631 443636
443640 443651 443665 443670 443696 443697 443718 443728 443737 443751
443753 443756 443759 443761 443774 443778 443785 443794 443802 443804
443806 443809 443817 443820 443826 443845 443855 443865 443875 443878
443884 443888 443927 443949 443956 443967 443973 443974 443981 443983
443989 443998 444001 444031 444040 444065 444086 444089 444110 444117
444139 444148 444158 444162 444163 444183 444193 444202 444218 444220
444227 444246 444312 444321 444339 444342 444353 444365 444378 444384
444403 444410 444414 444440 444442 444452 444462 444467 444484 444486
444500 444513 444524 444540 444553 444568 444570 444582 444583 444590
444610 444621 444654 444668 444676 444684 444692 444709 444710 444714
444717 444718 444729 444735 444749 444767 444773 444776 444800 444810
444816 444839 444840 444848 444852 444885 444891 444927 444931 444935
444958 444960 444963 444964 444976 444977 444999 445003 445009 445013
445015 445017 445024 445032 445036 445051 445065 445075 445077 445079
445083 445093 445118 445119 445122 445126 445136 445143 445146 445147
445153 445161 445163 445189 445191 445194 445211 445229 445243 445253
445255 445285 445312 445320 445340 445343 445344 445349 445352 445361
445363 445367 445369 445372 445374 445376 445394 445417 445431 445459
445466 445478 445501 445502 445507 445518 445519 445530 445532 445560
445582 445591 445608 445631 445640 445648 445649 445651 445667 445678
445695 445698 445701 445736 445740 445742 445789 445811 445828 445841
445851 445853 445867 445870 445873 445880 445882 445885 445892 445918
445938 445944 445946 445949 445996 446000 446016 446017 446018 446019
446021 446048 446052 446079 446084 446100 446144 446151 446153 446165
446166 446184 446188 446198 446210 446213 446222 446227 446242 446247
446274 446277 446312 446330 446338 446341 446343 446369 446373 446397
446399 446467 446473 446476 446478 446479 446486 446492 446516 446530
446540 446553 446563 446583 446585 446589 446627 446644 446654 446656
446666 446674 446676 446686 446689 446692 446702 446705 446706 446716
446718 446734 446740 446742 446746 446751 446759 446772 446778 446784
446786 446797 446798 446802 446808 446814 446842 446843 446853 446855
446858 446863 446879 446880 446882 446898 446908 446913 446915 446928
446937 446962 447005 447011 447012 447014 447024 447038 447041 447053
447058 447059 447060 447097 447099 447111 447117 447118 447123 447132
447161 447170 447185 447195 447207 447215 447230 447268 447283 447286
447289 447316 447319 447324 447339 447347 447355 447364 447378 447444
447458 447472 447500 447503 447518 447533 447552 447553 447560 447566
447571 447574 447583 447584 447593 447604 447615 447617 447619 447627
447635 447638 447645 447647 447650 447653 447661 447666 447676 447682
447688 447693 447696 447697 447701 447706 447708 447720 447750 447762
447780 447795 447801 447816 447824 447826 447839 447848 447853 447869
447872 447901 447919 447926 447968 447983 447986 447990 448019 448024
448041 448048 448066 448087 448105 448113 448133 448136 448139 448144
448157 448162 448169 448171 448176 448179 448188 448195 448198 448217
448228 448240 448244 448245 448248 448253 448262 448269 448274 448289
448304 448321 448323 448338 448342 448343 448368 448370 448373 448379
448425 448429 448433 448436 448481 448484 448485 448501 448505 448509
448510 448529 448559 448568 448573 448584 448592 448598 448606 448607
448616 448643 448651 448664 448674 448714 448728 448732 448742 448745
448750 448753 448761 448762 448763 448785 448789 448791 448796 448797
448815 448820 448824 448829 448836 448838 448842 448844 448862 448879
448886 448896 448898 448900 448904 448927 448945 448953 448954 448977
448979 448982 448996 449000 449019 449032 449040 449059 449063 449075
449097 449111 449120 449123 449129 449154 449156 449165 449179 449217
449233 449238 449241 449249 449254 449259 449261 449277 449287 449288
449290 449293 449301 449323 449337 449345 449353 449360 449367 449370
449378 449380 449381 449390 449393 449394 449407 449410 449414 449416
449426 449427 449453 449455 449463 449474 449475 449484 449487 449491
449523 449524 449550 449559 449570 449586 449603 449607 449608 449636
449642 449670 449690 449691 449694 449700 449712 449713 449731 449742
449747 449765 449768 449773 449774 449775 449801 449828 449829 449831
449842 449846 449854 449892 449899 449904 449919 449941 449943 449952
449953 449968 449971 449973 449977 449978 449979 449993 450011 450015
450034 450036 450059 450071 450096 450104 450108 450114 450142 450145
450151 450159 450165 450167 450178 450204 450208 450218 450229 450231
450233 450235 450246 450248 450269 450270 450275 450276 450306 450310
450314 450316 450356 450364 450365 450394 450396 450401 450402 450415
450423 450440 450467 450469 450473 450474 450477 450489 450494 450499
450502 450518 450519 450537 450542 450544 450551 450618 450636 450668
450669 450695 450707 450709 450744 450749 450753 450757 450758 450762
450769 450775 450777 450781 450800 450810 450813 450825 450840 450841
450853 450869 450878 450909 450920 450924 450925 450933 450935 450942
450959 450980 450987 450990 450996 451004 451013 451014 451039 451048
451082 451144 451161 451163 451164 451172 451176 451199 451213 451224
451263 451278 451282 451286 451293 451320 451325 451346 451348 451364
451398 451399 451416 451419 451441 451461 451471 451474 451476 451491
451492 451500 451501 451509 451524 451544 451567 451609 451612 451617
451624 451627 451648 451659 451669 451692 451695 451697 451700 451719
451720 451722 451734 451754 451757 451762 451763 451781 451784 451791
451810 451818 451823 451828 451832 451845 451859 451862 451867 451881
451884 451906 451909 451912 451914 451919 451922 451929 451935 451956
451974 451982 451992 451994 452000 452007 452008 452010 452019 452042
452052 452054 452060 452068 452069 452080 452085 452089 452106 452114
452123 452141 452150 452153 452154 452156 452162 452163 452167 452169
452186 452233 452249 452250 452258 452262 452268 452269 452270 452277
452299 452373 452376 452380 452381 452397 452404 452413 452415 452417
452421 452423 452425 452430 452435 452446 452460 452461 452473 452482
452488 452495 452499 452500 452503 452527 452533 452540 452551 452552
452567 452571 452574 452585 452592 452593 452597 452644 452650 452662
452670 452697 452708 452714 452724 452730 452735 452743 452753 452754
452757 452761 452768 452769 452790 452797 452801 452811 452816 452821
452823 452838 452855 452872 452895 452908 452910 452925 452935 452978
452989 452991 453000 453005 453018 453019 453029 453033 453042 453045
453046 453060 453069 453070 453085 453088 453134 453135 453144 453187
453194 453201 453202 453215 453220 453229 453236 453237 453241 453250
453253 453258 453259 453263 453267 453274 453281 453286 453287 453295
453305 453315 453327 453328 453353 453354 453357 453373 453385 453387
453390 453396 453403 453407 453412 453421 453425 453447 453478 453481
453485 453507 453512 453513 453536 453539 453542 453551 453554 453563
453572 453580 453583 453584 453587 453604 453616 453619 453644 453645
453647 453662 453670 453680 453683 453703 453706 453710 453715 453719
453724 453747 453782 453787 453808 453811 453817 453818 453824 453830
453832 453838 453840 453868 453869 453884 453912 453931 453932 453937
453973 453996 453997 454000 454010 454014 454059 454064 454067 454068
454070 454071 454083 454088 454094 454112 454119 454120 454130 454163
454171 454175 454199 454200 454211 454214 454220 454223 454235 454238
454256 454283 454284 454289 454292 454295 454310 454337 454345 454354
454365 454372 454374 454375 454378 454384 454403 454410 454420 454444
454455 454500 454501 454524 454546 454553 454593 454602 454610 454612
454620 454621 454635 454658 454697 454707 454711 454729 454748 454758
454766 454785 454791 454796 454798 454806 454820 454821 454828 454829
454830 454842 454855 454857 454863 454866 454951 454954 454978 454997
455010 455038 455053 455056 455084 455142 455145 455165 455197 455226
455229 455242 455249 455265 455287 455301 455304 455334 455355 455372
455375 455383 455389 455411 455414 455415 455416 455418 455425 455427
455434 455451 455464 455481 455487 455531 455535 455542 455545 455563
455566 455574 455575 455600 455619 455621 455622 455628 455630 455644
455652 455656 455662 455665 455670 455671 455684 455690 455714 455720
455735 455763 455766 455770 455771 455772 455790 455794 455802 455816
455834 455861 455865 455871 455874 455888 455895 455898 455904 455908
455915 455927 455940 455948 455959 455970 455971 455976 455984 455991
456004 456030 456034 456039 456051 456057 456080 456083 456087 456090
456106 456107 456109 456113 456128 456133 456162 456168 456184 456192
456193 456216 456245 456257 456296 456308 456315 456328 456333 456347
456356 456390 456403 456405 456416 456421 456435 456442 456449 456470
456490 456497 456513 456519 456529 456536 456547 456554 456579 456590
456593 456597 456598 456615 456628 456632 456636 456642 456658 456659
456674 456690 456696 456719 456731 456741 456744 456772 456796 456805
456808 456821 456835 456840 456854 456863 456892 456898 456905 456908
456924 456927 456945 456946 456952 456961 456963 456967 456970 456977
456990 457008 457015 457016 457023 457031 457079 457084 457090 457092
457097 457176 457180 457188 457204 457206 457211 457220 457228 457244
457252 457266 457269 457281 457283 457285 457303 457329 457344 457346
457375 457383 457413 457418 457423 457425 457448 457452 457469 457476
457481 457483 457498 457503 457523 457536 457540 457544 457549 457551
457553 457556 457560 457569 457576 457579 457581 457583 457588 457600
457607 457610 457616 457623 457637 457638 457644 457646 457648 457652
457684 457697 457699 457703 457723 457755 457796 457807 457822 457823
457831 457843 457850 457851 457884 457890 457896 457898 457900 457902
457914 457928 457934 457937 457955 457959 457987 457993 458002 458020
458027 458034 458039 458071 458075 458087 458098 458137 458157 458203
458215 458224 458234 458253 458256 458259 458279 458297 458298 458304
458311 458316 458318 458319 458328 458341 458346 458347 458351 458363
458367 458368 458372 458393 458395 458413 458424 458442 458455 458456
458465 458473 458475 458489 458490 458497 458502 458520 458523 458525
458526 458530 458534 458540 458556 458566 458574 458580 458588 458593
458597 458603 458609 458619 458628 458635 458640 458657 458669 458711
458726 458732 458736 458737 458741 458742 458752 458763 458766 458768
458778 458779 458805 458817 458828 458831 458839 458847 458850 458860
458862 458871 458941 458942 458944 458950 458957 458962 458963 458974
458993 459001 459012 459032 459036 459045 459056 459061 459067 459081
459084 459087 459092 459098 459112 459120 459123 459154 459161 459204
459207 459215 459220 459227 459229 459234 459242 459244 459273 459283
459304 459309 459311 459328 459343 459356 459367 459368 459374 459379
459386 459405 459407 459420 459434 459438 459453 459477 459478 459485
459487 459513 459515 459520 459531 459533 459545 459551 459556 459575
459578 459590 459598 459611 459621 459623 459627 459643 459654 459655
459669 459678 459692 459696 459697 459724 459749 459757 459773 459782
459785 459786 459791 459794 459804 459823 459826 459849 459850 459852
459865 459873 459876 459887 459936 459938 459975 459996 460005 460012
460018 460055 460098 460099 460110 460119 460126 460137 460140 460147
460160 460161 460166 460167 460171 460181 460183 460186 460197 460198
460206 460216 460221 460222 460232 460242 460243 460256 460260 460265
460296 460312 460313 460321 460333 460344 460352 460358 460359 460366
460368 460380 460384 460425 460435 460445 460456 460463 460472 460476
460507 460522 460523 460538 460544 460559 460565 460576 460580 460582
460584 460588 460591 460605 460607 460611 460615 460623 460634 460640
460648 460656 460661 460667 460669 460677 460683 460688 460699 460705
460708 460711 460730 460735 460738 460739 460744 460745 460759 460768
460772 460780 460784 460787 460800 460811 460814 460824 460840 460847
460849 460859 460865 460871 460882 460892 460899 460909 460914 460916
460922 460926 460943 460948 460973 460976 460981 461004 461016 461020
461026 461046 461061 461082 461085 461100 461108 461122 461125 461135
461152 461153 461160 461173 461184 461185 461190 461192 461226 461235
461248 461256 461260 461263 461296 461297 461302 461305 461329 461339
461356 461357 461358 461377 461380 461389 461391 461393 461409 461427
461441 461446 461483 461484 461486 461499 461510 461516 461537 461541
461551 461575 461580 461613 461614 461638 461651 461688 461689 461690
461692 461711 461714 461740 461741 461746 461747 461748 461752 461753
461758 461774 461775 461783 461785 461786 461787 461791 461799 461805
461814 461824 461827 461829 461831 461838 461861 461863 461883 461902
461906 461913 461917 461923 461925 461928 461930 461931 461961 461971
462000 462004 462006 462010 462018 462030 462040 462044 462054 462081
462086 462100 462101 462144 462148 462157 462167 462173 462183 462189
462193 462208 462229 462231 462232 462240 462242 462254 462270 462277
462293 462297 462343 462366 462372 462373 462379 462381 462395 462404
462420 462424 462444 462462 462489 462494 462507 462516 462519 462528
462529 462562 462595 462599 462610 462614 462616 462619 462620 462621
462629 462631 462634 462636 462657 462669 462678 462688 462714 462733
462747 462748 462755 462765 462777 462779 462792 462794 462817 462822
462867 462876 462880 462885 462892 462895 462899 462913 462916 462925
462938 462972 462975 462981 462986 463002 463005 463007 463029 463034
463035 463041 463045 463049 463051 463052 463064 463097 463104 463109
463185 463186 463187 463209 463212 463226 463227 463232 463241 463247
463253 463269 463288 463295 463296 463329 463334 463348 463359 463365
463380 463394 463404 463411 463412 463423 463429 463440 463445 463448
463463 463482 463485 463494 463503 463504 463534 463577 463581 463590
463602 463611 463622 463657 463671 463672 463677 463685 463689 463706
463716 463738 463739 463749 463754 463764 463777 463781 463790 463795
463797 463815 463827 463834 463858 463859 463860 463873 463935 463938
463955 463968 463973 463979 463983 463988 464006 464020 464021 464035
464038 464049 464054 464056 464089 464094 464095 464108 464142 464166
464185 464187 464196 464200 464231 464243 464250 464252 464259 464261
464270 464285 464321 464322 464330 464340 464364 464372 464374 464377
464386 464390 464405 464416 464424 464449 464479 464493 464500 464526
464536 464550 464552 464579 464585 464591 464601 464642 464643 464671
464684 464691 464714 464743 464753 464770 464773 464786 464797 464804
464820 464837 464845 464851 464853 464862 464880 464894 464911 464920
464932 464940 464950 464973 464978 464980 464997 465009 465016 465017
465019 465021 465049 465050 465060 465083 465089 465092 465113 465122
465137 465156 465161 465182 465183 465192 465193 465215 465220 465246
465247 465258 465260 465267 465274 465275 465301 465311 465319 465322
465342 465346 465351 465381 465390 465423 465432 465454 465456 465473
465475 465488 465492 465493 465497 465498 465507 465513 465515 465525
465538 465541 465550 465553 465554 465555 465575 465589 465600 465624
465627 465633 465652 465656 465676 465685 465692 465697 465712 465717
465721 465724 465740 465744 465754 465760 465762 465775 465789 465805
465812 465816 465817 465823 465826 465838 465844 465851 465868 465871
465882 465886 465903 465909 465925 465948 465950 465970 465977 465982
465993 466000 466003 466011 466020 466026 466038 466040 466044 466046
466064 466083 466084 466086 466094 466098 466113 466129 466146 466152
466154 466165 466169 466172 466174 466180 466189 466214 466219 466222
466255 466261 466295 466300 466307 466309 466314 466332 466336 466337
466344 466346 466355 466364 466381 466400 466437 466440 466443 466453
466467 466470 466473 466484 466505 466506 466510 466515 466551 466553
466556 466564 466579 466599 466601 466608 466614 466626 466650 466685
466689 466698 466705 466707 466712 466716 466717 466720 466723 466727
466744 466761 466767 466772 466789 466811 466814 466815 466847 466854
466856 466863 466867 466874 466878 466881 466888 466890 466902 466908
466910 466918 466925 466928 466933 466982 467000 467006 467007 467019
467029 467044 467050 467054 467067 467080 467084 467094 467122 467124
467131 467147 467153 467173 467187 467192 467194 467205 467206 467207
467208 467213 467230 467233 467242 467250 467284 467285 467289 467306
467307 467333 467350 467360 467367 467374 467376 467416 467429 467439
467486 467488 467494 467501 467507 467519 467547 467559 467569 467571
467593 467597 467606 467611 467623 467632 467659 467661 467679 467697
467704 467718 467719 467730 467733 467744 467772 467783 467788 467799
467802 467813 467829 467840 467844 467889 467893 467894 467896 467898
467900 467903 467908 467917 467925 467927 467929 467931 467944 467951
467963 467966 467970 467988 467991 468006 468023 468031 468032 468054
468055 468057 468075 468105 468130 468143 468149 468173 468182 468185
468187 468189 468197 468206 468210 468213 468215 468267 468270 468281
468282 468306 468321 468324 468336 468338 468357 468358 468359 468367
468382 468388 468408 468422 468435 468459 468464 468481 468486 468494
468508 468525 468527 468530 468531 468536 468552 468553 468589 468590
468615 468618 468626 468631 468632 468638 468642 468643 468644 468645
468657 468677 468679 468680 468683 468712 468714 468715 468728 468730
468736 468739 468747 468751 468754 468756 468758 468786 468792 468794
468798 468819 468830 468834 468846 468884 468887 468888 468916 468923
468933 468940 468941 468978 468988 468998 469020 469022 469037 469040
469042 469051 469052 469062 469065 469089 469097 469099 469116 469121
469137 469150 469170 469173 469195 469213 469226 469236 469243 469253
469257 469281 469286 469298 469307 469308 469310 469315 469324 469333
469343 469349 469353 469359 469370 469383 469385 469390 469394 469406
469408 469411 469412 469414 469419 469424 469433 469452 469464 469508
469513 469523 469524 469527 469533 469553 469565 469570 469571 469579
469589 469601 469605 469611 469622 469626 469633 469639 469643 469656
469671 469687 469709 469715 469716 469723 469725 469743 469787 469795
469815 469822 469827 469850 469856 469895 469906 469911 469938 469954
469956 469970 470002 470012 470034 470036 470038 470040 470044 470046
470072 470077 470085 470092 470101 470105 470121 470135 470137 470147
470159 470164 470166 470167 470174 470188 470195 470214 470248 470253
470270 470290 470298 470333 470346 470353 470357 470369 470378 470427
470444 470452 470458 470468 470489 470497 470498 470499 470513 470520
470524 470534 470542 470543 470559 470579 470607 470608 470613 470620
470621 470643 470650 470653 470659 470663 470672 470674 470701 470736
470737 470739 470741 470749 470768 470771 470806 470827 470844 470853
470862 470880 470892 470910 470912 470917 470944 470959 470965 470967
470988 470999 471004 471030 471031 471052 471058 471060 471078 471079
471093 471094 471109 471120 471135 471152 471160 471166 471167 471173
471183 471196 471197 471201 471206 471207 471216 471222 471248 471260
471267 471268 471271 471272 471290 471307 471311 471330 471339 471364
471366 471368 471376 471383 471386 471438 471465 471466 471467 471484
471498 471501 471511 471520 471528 471530 471532 471538 471547 471579
471589 471604 471608 471624 471627 471641 471651 471664 471696 471697
471700 471722 471729 471730 471742 471763 471770 471780 471783 471797
471806 471811 471818 471848 471869 471878 471892 471900 471906 471918
471927 471932 471935 471940 471942 471952 471972 471983 472017 472029
472054 472056 472072 472074 472081 472087 472092 472098 472110 472117
472123 472129 472139 472147 472153 472164 472166 472174 472176 472178
472182 472192 472193 472213 472215 472267 472268 472280 472281 472282
472283 472312 472320 472327 472339 472345 472366 472367 472373 472375
472386 472394 472395 472400 472401 472415 472419 472445 472452 472454
472460 472462 472468 472471 472479 472496 472507 472520 472522 472525
472532 472544 472549 472553 472563 472564 472580 472612 472649 472667
472683 472688 472691 472692 472700 472703 472708 472719 472723 472740
472763 472771 472778 472788 472800 472808 472810 472819 472823 472827
472842 472844 472856 472867 472872 472890 472894 472895 472905 472918
472922 472933 472947 472949 472957 472959 472968 472973 472978 472988
473006 473017 473018 473022 473029 473060 473063 473065 473067 473086
473089 473090 473109 473113 473144 473153 473161 473180 473193 473196
473198 473202 473219 473229 473232 473251 473256 473270 473295 473301
473316 473319 473329 473344 473349 473356 473363 473365 473370 473372
473376 473382 473397 473411 473418 473472 473487 473500 473506 473517
473522 473525 473538 473542 473548 473569 473583 473591 473595 473596
473598 473601 473637 473641 473655 473700 473701 473702 473715 473723
473732 473738 473746 473753 473756 473764 473768 473773 473776 473783
473791 473802 473807 473812 473815 473825 473837 473847 473854 473855
473859 473861 473862 473864 473872 473879 473882 473904 473927 473928
473992 474010 474019 474030 474052 474055 474073 474075 474077 474090
474097 474104 474121 474128 474131 474142 474148 474150 474153 474169
474170 474181 474185 474187 474188 474193 474200 474214 474225 474228
474229 474231 474232 474243 474248 474251 474252 474267 474280 474281
474322 474329 474338 474339 474345 474353 474383 474391 474429 474446
474460 474462 474493 474505 474508 474510 474512 474513 474515 474529
474530 474537 474571 474578 474580 474593 474604 474631 474647 474659
474666 474669 474683 474703 474718 474724 474737 474739 474753 474755
474759 474760 474766 474788 474789 474805 474813 474827 474831 474833
474835 474837 474838 474842 474850 474861 474867 474869 474872 474875
474882 474888 474890 474896 474925 474940 474954 474960 474965 474970
474973 474997 475014 475024 475025 475027 475031 475040 475048 475049
475053 475067 475093 475097 475099 475105 475107 475110 475112 475128
475164 475178 475186 475199 475216 475219 475224 475239 475242 475258
475280 475300 475343 475356 475366 475418 475420 475445 475449 475450
475452 475455 475457 475459 475507 475517 475578 475592 475606 475615
475618 475630 475640 475677 475680 475683 475692 475699 475704 475725
475742 475745 475751 475759 475776 475786 475862 475867 475876 475904
475919 475940 475947 475951 475959 475969 475982 475997 475998 476004
476018 476019 476023 476030 476033 476034 476036 476044 476077 476082
476094 476095 476103 476127 476149 476168 476174 476178 476182 476192
476194 476198 476206 476217 476229 476240 476241 476252 476266 476272
476279 476287 476309 476315 476335 476345 476352 476359 476368 476386
476387 476393 476394 476398 476404 476419 476426 476437 476442 476443
476465 476495 476513 476515 476522 476524 476525 476546 476557 476564
476569 476572 476574 476584 476590 476600 476622 476629 476632 476646
476649 476677 476679 476681 476693 476696 476728 476735 476768 476769
476770 476776 476777 476789 476791 476797 476798 476817 476818 476820
476827 476833 476874 476885 476900 476901 476916 476923 476926 476932
476958 476959 476966 476972 476993 477001 477018 477021 477024 477048
477059 477060 477089 477093 477103 477111 477119 477124 477135 477138
477153 477154 477156 477160 477172 477180 477191 477195 477204 477224
477235 477245 477255 477256 477261 477264 477272 477305 477307 477311
477320 477333 477342 477354 477360 477361 477362 477374 477402 477414
477416 477419 477449 477463 477480 477489 477494 477512 477521 477525
477535 477537 477554 477555 477566 477573 477574 477578 477589 477594
477603 477620 477627 477641 477658 477687 477692 477696 477711 477729
477740 477743 477746 477772 477795 477816 477817 477844 477850 477851
477864 477866 477877 477881 477887 477899 477905 477937 477948 477960
477969 477971 477984 477986 477994 477996 478022 478025 478026 478039
478049 478050 478051 478092 478097 478098 478103 478123 478140 478150
478178 478185 478193 478196 478197 478204 478240 478252 478258 478289
478292 478309 478320 478325 478336 478355 478357 478365 478377 478387
478392 478401 478433 478437 478460 478473 478477 478491 478496 478503
478505 478511 478524 478537 478541 478550 478558 478561 478565 478572
478574 478624 478627 478633 478637 478646 478668 478684 478686 478702
478703 478705 478708 478714 478719 478721 478752 478761 478771 478776
478785 478788 478791 478804 478809 478818 478819 478820 478828 478830
478834 478840 478854 478874 478889 478894 478899 478900 478903 478911
478924 478941 478954 478972 478997 479002 479022 479033 479034 479095
479112 479124 479143 479144 479169 479175 479192 479199 479201 479203
479204 479215 479220 479232 479253 479257 479259 479264 479267 479279
479282 479312 479318 479340 479341 479348 479354 479360 479363 479381
479382 479391 479392 479400 479411 479412 479420 479437 479453 479458
479462 479472 479473 479485 479489 479500 479512 479536 479537 479566
479568 479596 479603 479625 479639 479656 479667 479691 479700 479701
479702 479713 479720 479749 479750 479755 479772 479775 479782 479785
479788 479793 479800 479804 479811 479825 479844 479853 479888 479901
479904 479922 479944 479948 479968 479970 479975 479987 479992 479998
480037 480060 480074 480101 480109 480131 480143 480151 480156 480158
480169 480172 480191 480210 480217 480225 480230 480231 480236 480270
480272 480277 480278 480290 480309 480310 480319 480334 480338 480344
480345 480349 480370 480378 480383 480401 480408 480411 480415 480435
480447 480453 480456 480464 480469 480489 480493 480496 480503 480506
480514 480530 480559 480573 480581 480585 480605 480619 480635 480640
480656 480659 480666 480674 480689 480692 480695 480739 480759 480761
480774 480790 480793 480812 480813 480826 480830 480833 480875 480894
480899 480904 480916 480933 480938 480940 480953 480955 480990 480991
480996 480998 481004 481017 481022 481026 481036 481044 481069 481104
481121 481132 481134 481145 481155 481166 481168 481179 481192 481206
481207 481218 481219 481227 481235 481236 481237 481241 481246 481269
481270 481277 481279 481287 481301 481318 481322 481329 481333 481337
481343 481376 481382 481383 481390 481402 481408 481412 481418 481423
481435 481437 481439 481451 481455 481481 481484 481488 481505 481521
481531 481551 481557 481565 481567 481571 481602 481613 481616 481621
481630 481635 481639 481641 481654 481657 481665 481673 481684 481686
481695 481713 481724 481727 481733 481749 481750 481751 481784 481785
481803 481808 481832 481835 481838 481841 481867 481870 481875 481895
481909 481925 481939 481963 481977 481986 481995 482001 482058 482060
482075 482080 482089 482097 482098 482101 482116 482117 482122 482161
482187 482245 482254 482259 482277 482278 482282 482293 482298 482302
482306 482310 482311 482318 482319 482328 482335 482354 482357 482361
482364 482367 482428 482448 482452 482455 482458 482464 482466 482471
482499 482504 482506 482514 482517 482528 482547 482548 482551 482577
482587 482607 482613 482642 482644 482661 482662 482672 482674 482710
482715 482718 482728 482729 482732 482746 482759 482778 482784 482785
482789 482790 482811 482846 482858 482864 482866 482878 482887 482890
482907 482920 482923 482925 482953 482956 482959 482964 482988 482994
483012 483024 483043 483057 483074 483077 483090 483097 483107 483110
483129 483140 483162 483166 483169 483172 483187 483188 483190 483198
483202 483207 483239 483246 483251 483268 483274 483275 483294 483321
483324 483340 483342 483359 483362 483364 483370 483394 483400 483405
483408 483413 483420 483431 483446 483450 483465 483481 483499 483502
483515 483529 483552 483556 483592 483623 483624 483631 483639 483646
483647 483648 483650 483662 483667 483669 483677 483681 483684 483688
483689 483698 483719 483748 483764 483771 483772 483784 483786 483791
483796 483817 483818 483835 483840 483854 483863 483869 483883 483897
483908 483911 483939 483957 483969 483971 483974 483997 484023 484029
484030 484036 484041 484083 484092 484094 484157 484169 484177 484180
484192 484193 484196 484202 484221 484229 484233 484236 484251 484261
484263 484275 484288 484291 484332 484333 484355 484356 484404 484410
484428 484441 484456 484469 484485 484494 484505 484517 484519 484534
484540 484543 484552 484566 484570 484576 484579 484588 484609 484610
484613 484622 484624 484635 484642 484644 484661 484698 484748 484749
484750 484754 484760 484762 484766 484768 484774 484797 484807 484815
484818 484820 484825 484829 484834 484838 484844 484860 484873 484874
484884 484900 484951 484957 484960 484975 484985 484998 485004 485012
485030 485032 485039 485045 485062 485064 485067 485079 485083 485084
485093 485120 485122 485137 485152 485177 485191 485222 485233 485235
485255 485258 485274 485281 485282 485284 485294 485295 485300 485309
485319 485327 485345 485357 485378 485387 485388 485389 485392 485405
485410 485429 485430 485435 485448 485451 485457 485460 485463 485470
485490 485496 485497 485498 485500 485533 485551 485553 485558 485565
485580 485595 485596 485625 485635 485636 485645 485646 485649 485658
485659 485672 485692 485710 485714 485726 485743 485744 485748 485756
485767 485768 485769 485778 485842 485864 485865 485868 485883 485893
485900 485902 485909 485917 485919 485927 485938 485953 485955 485960
485971 485996 486000 486011 486026 486028 486036 486037 486048 486063
486084 486115 486134 486139 486148 486149 486165 486167 486168 486185
486193 486197 486204 486205 486211 486225 486232 486241 486256 486257
486259 486260 486265 486271 486308 486330 486345 486365 486380 486391
486395 486400 486405 486413 486415 486425 486426 486429 486433 486439
486441 486453 486463 486472 486486 486489 486493 486514 486535 486551
486556 486558 486563 486573 486577 486581 486584 486588 486596 486608
486623 486647 486664 486674 486677 486690 486704 486713 486734 486735
486747 486762 486763 486779 486795 486802 486818 486824 486825 486835
486837 486861 486872 486908 486924 486927 486945 486951 486953 487010
487028 487048 487049 487064 487071 487075 487082 487084 487093 487102
487103 487108 487121 487124 487133 487144 487146 487155 487162 487169
487183 487208 487211 487222 487223 487226 487230 487231 487240 487251
487263 487275 487283 487291 487309 487314 487316 487319 487325 487356
487358 487379 487394 487398 487405 487412 487413 487419 487425 487429
487430 487433 487437 487439 487449 487452 487460 487463 487474 487492
487497 487508 487512 487548 487553 487559 487561 487572 487574 487575
487577 487583 487613 487619 487624 487628 487639 487650 487654 487666
487667 487668 487686 487687 487689 487701 487709 487717 487733 487734
487743 487763 487768 487773 487778 487783 487788 487798 487799 487809
487813 487821 487828 487831 487832 487834 487837 487840 487841 487848
487850 487855 487860 487877 487880 487881 487885 487892 487897 487903
487912 487938 487952 487957 487962 487965 487982 487991 487993 488011
488025 488042 488064 488066 488067 488074 488078 488083 488092 488099
488106 488111 488132 488142 488161 488165 488170 488180 488183 488184
488197 488201 488212 488246 488264 488266 488284 488294 488308 488312
488347 488363 488364 488365 488371 488400 488417 488421 488426 488433
488448 488468 488469 488479 488482 488492 488540 488541 488542 488559
488560 488570 488578 488582 488590 488593 488605 488624 488637 488649
488651 488655 488668 488731 488742 488750 488752 488753 488781 488788
488825 488827 488839 488841 488850 488854 488865 488875 488876 488877
488879 488883 488891 488894 488933 488982 488991 489006 489010 489014
489018 489020 489023 489029 489034 489052 489062 489086 489095 489096
489122 489128 489130 489145 489147 489161 489164 489170 489171 489175
489176 489179 489189 489211 489226 489230 489231 489232 489264 489267
489273 489284 489289 489293 489305 489306 489320 489321 489337 489361
489367 489379 489381 489406 489412 489414 489437 489440 489449 489468
489474 489483 489484 489492 489496 489514 489532 489539 489544 489551
489557 489565 489570 489592 489611 489620 489629 489630 489636 489651
489654 489655 489669 489681 489683 489685 489687 489705 489706 489715
489726 489750 489803 489826 489867 489875 489877 489891 489920 489923
489925 489934 489952 489953 489969 489976 489999 490007 490020 490063
490074 490096 490098 490105 490119 490120 490136 490140 490151 490158
490159 490224 490226 490232 490242 490268 490271 490274 490284 490296
490302 490306 490307 490312 490337 490355 490357 490359 490367 490377
490400 490427 490441 490444 490458 490472 490481 490494 490498 490521
490531 490534 490547 490558 490559 490569 490595 490606 490639 490671
490679 490689 490705 490709 490720 490722 490731 490738 490747 490781
490782 490828 490861 490862 490866 490885 490902 490929 490931 490933
490939 490957 490960 490975 490980 490981 490996 491001 491003 491015
491050 491055 491062 491063 491066 491069 491072 491074 491082 491087
491090 491092 491099 491103 491107 491113 491140 491147 491164 491165
491184 491191 491210 491215 491238 491267 491268 491283 491286 491296
491311 491325 491329 491341 491357 491363 491370 491378 491383 491405
491407 491411 491415 491426 491430 491433 491437 491443 491453 491457
491483 491506 491516 491521 491524 491525 491527 491530 491533 491536
491559 491563 491577 491597 491610 491624 491640 491641 491642 491647
491650 491668 491673 491689 491704 491715 491726 491730 491734 491735
491740 491763 491764 491765 491766 491782 491784 491793 491796 491797
491810 491815 491826 491827 491852 491854 491865 491879 491880 491889
491933 491941 491943 491951 491954 491960 491968 491981 491987 491989
491999 492033 492041 492053 492054 492061 492062 492074 492075 492080
492081 492090 492097 492112 492119 492127 492130 492143 492160 492162
492165 492196 492209 492217 492219 492237 492238 492239 492254 492259
492274 492325 492333 492347 492377 492389 492390 492394 492407 492408
492431 492435 492446 492449 492464 492472 492483 492489 492492 492499
492501 492520 492525 492532 492537 492546 492563 492570 492574 492598
492609 492620 492624 492636 492657 492658 492661 492673 492678 492717
492726 492727 492743 492756 492762 492775 492790 492800 492806 492807
492830 492835 492838 492839 492848 492852 492855 492869 492887 492914
492921 492937 492960 492963 492964 492966 493001 493010 493021 493030
493044 493045 493047 493057 493067 493072 493075 493083 493088 493100
493106 493113 493114 493124 493130 493146 493148 493157 493162 493168
493177 493179 493183 493190 493218 493225 493229 493234 493242 493244
493270 493271 493280 493300 493306 493324 493346 493350 493412 493413
493442 493444 493456 493470 493471 493476 493498 493504 493513 493518
493523 493531 493549 493551 493557 493560 493561 493578 493585 493592
493606 493613 493618 493632 493633 493635 493642 493644 493650 493658
493659 493662 493688 493704 493712 493713 493715 493742 493775 493776
493793 493825 493834 493852 493853 493854 493862 493864 493866 493876
493884 493918 493926 493943 493966 493970 494005 494023 494025 494036
494040 494060 494069 494101 494110 494118 494145 494152 494156 494164
494175 494178 494210 494213 494218 494230 494241 494267 494275 494286
494289 494302 494310 494314 494329 494380 494387 494389 494394 494428
494430 494439 494443 494446 494449 494456 494459 494465 494469 494473
494477 494506 494508 494550 494576 494589 494621 494653 494670 494678
494693 494711 494713 494721 494722 494727 494729 494731 494737 494738
494777 494810 494815 494821 494831 494835 494853 494862 494869 494872
494876 494882 494884 494886 494892 494897 494900 494916 494920 494924
494929 494932 494933 494937 494945 494963 494972 494973 494992 494993
494994 495017 495033 495034 495036 495094 495116 495134 495147 495168
495174 495179 495189 495190 495201 495207 495209 495223 495232 495238
495244 495248 495262 495271 495275 495276 495280 495287 495299 495307
495311 495326 495329 495330 495351 495352 495363 495366 495383 495387
495402 495411 495421 495425 495440 495445 495457 495459 495467 495491
495501 495519 495524 495527 495529 495530 495542 495548 495549 495550
495554 495569 495574 495583 495587 495589 495605 495609 495614 495622
495627 495642 495658 495662 495665 495670 495682 495684 495696 495745
495749 495775 495780 495781 495782 495793 495857 495886 495889 495893
495922 495935 495950 495957 495972 495974 495975 495980 495988 495990
496002 496025 496043 496055 496070 496074 496077 496079 496081 496084
496090 496106 496127 496138 496143 496145 496147 496161 496171 496172
496183 496184 496193 496201 496210 496217 496258 496286 496293 496306
496323 496328 496329 496334 496372 496382 496396 496411 496415 496416
496420 496431 496466 496468 496481 496485 496486 496492 496507 496526
496530 496531 496538 496561 496564 496568 496570 496579 496581 496586
496594 496602 496612 496632 496636 496643 496644 496668 496669 496673
496689 496691 496695 496701 496702 496727 496744 496762 496782 496785
496786 496796 496799 496811 496812 496823 496824 496827 496842 496847
496851 496853 496861 496879 496900 496911 496913 496930 496939 496942
496943 496945 496958 496963 496964 496972 496982 496985 496994 497010
497017 497025 497043 497048 497051 497068 497074 497100 497101 497106
497115 497135 497146 497150 497159 497163 497173 497174 497203 497208
497222 497226 497246 497266 497277 497294 497302 497307 497342 497379
497382 497389 497401 497403 497413 497426 497429 497447 497459 497474
497477 497480 497490 497509 497512 497518 497521 497525 497535 497537
497552 497559 497564 497583 497597 497606 497622 497634 497635 497653
497660 497672 497687 497703 497715 497718 497725 497758 497772 497777
497787 497799 497806 497830 497831 497837 497842 497850 497859 497867
497876 497880 497886 497890 497892 497893 497914 497921 497924 497925
497945 497954 497957 497960 497986 497997 498019 498025 498026 498039
498044 498054 498057 498075 498087 498097 498113 498127 498131 498143
498163 498169 498178 498182 498184 498196 498213 498223 498235 498236
498241 498261 498266 498274 498298 498301 498302 498316 498332 498356
498361 498369 498376 498380 498387 498417 498432 498447 498451 498471
498491 498507 498511 498512 498520 498521 498547 498557 498562 498563
498579 498594 498613 498616 498623 498639 498640 498651 498655 498659
498660 498663 498666 498673 498677 498690 498700 498707 498712 498716
498727 498728 498733 498740 498741 498742 498757 498764 498769 498773
498791 498810 498813 498821 498823 498825 498841 498845 498848 498859
498896 498906 498907 498908 498967 498970 498976 498983 498987 498995
498999 499005 499015 499019 499025 499065 499086 499088 499125 499134
499149 499158 499162 499195 499210 499213 499221 499234 499236 499250
499262 499270 499271 499278 499279 499297 499312 499319 499324 499368
499369 499387 499397 499409 499414 499429 499440 499463 499477 499491
499512 499523 499528 499543 499546 499560 499569 499572 499592 499598
499600 499601 499630 499639 499643 499656 499675 499677 499690 499696
499697 499700 499711 499717 499721 499727 499740 499742 499769 499771
499783 499795 499800 499818 499822 499826 499864 499869 499874 499886
499889 499910 499916 499919 499925 499941 499946 499948 499949 499971
499977 499984 499989 500001 500015 500040 500049 500055 500062 500080
500082 500085 500086 500097 500104 500112 500141 500153 500163 500167
500179 500182 500186 500201 500206 500221 500225 500229 500231 500236
500245 500253 500256 500268 500279 500284 500287 500297 500300 500312
500318 500319 500321 500326 500331 500346 500365 500373 500377 500387
500400 500408 500409 500417 500421 500422 500428 500445 500464 500473
500489 500493 500504 500510 500528 500538 500542 500567 500570 500573
500575 500587 500589 500598 500601 500617 500623 500629 500642 500648
500651 500656 500667 500680 500688 500703 500713 500726 500744 500746
500748 500751 500770 500773 500776 500838 500843 500875 500877 500892
500940 500963 500972 500973 500976 500978 500989 500992 501000 501002
501013 501016 501022 501024 501026 501037 501044 501052 501053 501058
501073 501079 501101 501112 501140 501141 501158 501159 501161 501198
501232 501237 501244 501258 501267 501292 501300 501307 501312 501313
501317 501341 501355 501358 501362 501368 501375 501394 501397 501418
501423 501427 501438 501446 501452 501458 501463 501477 501484 501496
501508 501514 501577 501578 501580 501603 501622 501623 501626 501641
501643 501670 501671 501677 501681 501693 501702 501704 501726 501728
501736 501742 501747 501759 501783 501786 501792 501799 501832 501841
501846 501847 501855 501867 501869 501891 501892 501925 501927 501937
501941 501961 501974 501983 501996 502010 502017 502053 502067 502070
502071 502076 502097 502099 502104 502122 502123 502125 502135 502144
502153 502168 502172 502175 502180 502186 502189 502196 502207 502212
502217 502231 502243 502245 502249 502252 502255 502256 502265 502287
502300 502317 502320 502354 502355 502358 502361 502372 502406 502428
502431 502444 502447 502461 502503 502527 502541 502558 502581 502588
502595 502607 502610 502613 502631 502655 502656 502675 502676 502687
502695 502700 502708 502712 502737 502746 502747 502749 502751 502761
502768 502770 502771 502773 502813 502818 502822 502864 502873 502877
502887 502890 502894 502900 502917 502943 502960 502962 502974 502979
502995 502996 503015 503027 503032 503034 503043 503060 503066 503096
503107 503125 503143 503161 503184 503190 503193 503201 503234 503241
503249 503252 503254 503264 503274 503283 503285 503304 503310 503315
503321 503330 503332 503344 503358 503364 503380 503397 503401 503413
503424 503427 503433 503445 503449 503479 503489 503491 503498 503499
503509 503528 503532 503555 503559 503561 503564 503568 503569 503571
503574 503587 503589 503606 503607 503632 503638 503644 503650 503669
503675 503688 503689 503691 503693 503707 503711 503719 503738 503765
503768 503779 503789 503791 503793 503804 503826 503829 503832 503847
503854 503857 503858 503863 503888 503913 503927 503937 503939 503975
503976 503978 503984 503988 503996 503997 503999 504001 504006 504012
504016 504028 504039 504044 504046 504064 504070 504077 504091 504099
504103 504119 504136 504161 504165 504174 504181 504217 504248 504257
504274 504275 504280 504295 504304 504318 504325 504333 504342 504393
504399 504400 504410 504418 504421 504431 504454 504466 504472 504500
504508 504519 504531 504535 504543 504546 504555 504584 504601 504614
504630 504636 504645 504652 504657 504660 504675 504676 504686 504693
504697 504717 504730 504735 504738 504743 504744 504746 504763 504768
504771 504781 504789 504791 504800 504803 504804 504814 504818 504832
504839 504850 504857 504864 504903 504907 504928 504934 504935 504962
504973 504980 504997 505015 505032 505046 505072 505091 505097 505157
505159 505165 505167 505170 505173 505187 505189 505194 505207 505219
505234 505251 505261 505267 505269 505286 505293 505296 505297 505298
505308 505314 505316 505330 505346 505351 505374 505380 505386 505392
505393 505395 505396 505404 505410 505417 505421 505429 505432 505442
505498 505508 505534 505545 505546 505557 505561 505573 505578 505580
505593 505603 505606 505619 505627 505629 505630 505631 505633 505638
505653 505656 505666 505681 505682 505691 505692 505706 505707 505715
505723 505760 505772 505778 505792 505793 505795 505796 505806 505813
505819 505823 505828 505830 505832 505837 505838 505847 505856 505869
505879 505897 505900 505907 505909 505920 505923 505934 505952 505974
506001 506003 506014 506020 506022 506044 506049 506056 506063 506072
506077 506099 506109 506117 506133 506159 506162 506165 506171 506191
506202 506223 506225 506235 506238 506241 506245 506251 506267 506269
506281 506285 506292 506302 506311 506322 506336 506337 506339 506350
506362 506363 506379 506394 506437 506438 506449 506485 506495 506497
506513 506525 506529 506531 506543 506562 506572 506573 506595 506604
506620 506636 506652 506663 506687 506688 506699 506701 506702 506705
506712 506720 506722 506727 506738 506759 506777 506788 506795 506829
506831 506861 506865 506877 506901 506904 506917 506919 506930 506935
506950 506978 506981 507015 507018 507019 507022 507025 507036 507048
507064 507067 507069 507071 507077 507080 507083 507093 507115 507131
507132 507138 507141 507182 507193 507203 507204 507207 507226 507239
507240 507253 507255 507261 507281 507283 507294 507297 507303 507305
507322 507324 507346 507348 507364 507365 507371 507391 507393 507401
507409 507414 507426 507429 507433 507439 507453 507454 507455 507457
507459 507468 507473 507477 507483 507521 507532 507533 507536 507540
507547 507556 507580 507587 507633 507639 507648 507670 507672 507674
507675 507721 507728 507731 507732 507734 507739 507748 507760 507765
507793 507796 507815 507820 507827 507830 507863 507870 507872 507877
507892 507902 507908 507909 507910 507924 507927 507934 507966 507993
507998 508004 508011 508024 508043 508056 508079 508094 508100 508110
508118 508126 508129 508136 508145 508148 508159 508163 508180 508194
508198 508209 508220 508242 508243 508268 508277 508289 508299 508308
508342 508353 508359 508360 508363 508374 508387 508390 508412 508414
508450 508452 508464 508491 508493 508495 508500 508525 508536 508540
508544 508549 508552 508556 508586 508590 508592 508606 508609 508616
508624 508628 508631 508636 508641 508643 508648 508660 508663 508664
508686 508699 508707 508720 508734 508735 508740 508753 508774 508779
508789 508792 508803 508805 508811 508816 508822 508823 508849 508851
508861 508872 508874 508879 508889 508902 508910 508953 508954 508960
508962 508978 508984 508991 508994 508999 509013 509015 509021 509037
509041 509056 509075 509087 509090 509103 509114 509119 509121 509123
509159 509170 509186 509191 509192 509193 509204 509206 509207 509218
509228 509236 509265 509268 509271 509277 509300 509308 509314 509325
509331 509342 509360 509376 509393 509408 509416 509422 509428 509429
509434 509439 509441 509442 509449 509474 509493 509524 509535 509546
509552 509554 509630 509640 509658 509674 509692 509698 509720 509721
509733 509735 509749 509754 509763 509769 509778 509779 509806 509812
509883 509887 509898 509902 509913 509922 509956 509959 509961 509962
509963 509969 509974 509977 509980 509981 509986 509990 510012 510020
510023 510028 510029 510031 510033 510044 510081 510090 510094 510102
510104 510109 510121 510163 510175 510193 510218 510236 510238 510244
510268 510273 510279 510293 510297 510341 510347 510354 510356 510361
510363 510372 510385 510404 510406 510417 510428 510438 510452 510470
510478 510481 510500 510506 510511 510518 510520 510523 510528 510539
510552 510563 510566 510573 510584 510587 510609 510644 510652 510655
510675 510678 510690 510700 510709 510716 510726 510727 510741 510748
510768 510772 510794 510796 510811 510822 510825 510832 510837 510847
510852 510855 510874 510883 510890 510900 510912 510946 510950 510951
510953 510958 510986 511033 511034 511049 511061 511066 511074 511084
511087 511091 511092 511097 511099 511109 511127 511134 511138 511146
511157 511162 511166 511175 511176 511199 511205 511228 511233 511242
511256 511259 511264 511268 511275 511287 511289 511295 511299 511305
511306 511337 511344 511345 511401 511411 511412 511417 511418 511436
511441 511453 511455 511499 511507 511525 511526 511535 511548 511555
511571 511600 511611 511613 511621 511627 511640 511641 511660 511666
511669 511676 511678 511693 511701 511709 511712 511719 511727 511737
511753 511774 511783 511784 511802 511807 511812 511813 511829 511830
511839 511840 511841 511847 511848 511869 511873 511882 511896 511900
511909 511931 511932 511941 511942 511951 511957 511977 511989 512001
512013 512015 512020 512029 512056 512082 512087 512100 512124 512140
512142 512145 512167 512182 512188 512200 512201 512205 512208 512216
512241 512257 512267 512269 512288 512289 512300 512302 512304 512309
512318 512320 512323 512324 512329 512351 512364 512378 512386 512394
512409 512418 512426 512430 512440 512442 512449 512451 512459 512470
512494 512497 512499 512508 512524 512527 512528 512562 512576 512583
512589 512593 512608 512613 512614 512635 512651 512653 512657 512667
512694 512700 512710 512714 512725 512733 512736 512739 512741 512764
512781 512783 512818 512827 512850 512856 512860 512863 512869 512871
512876 512885 512891 512893 512925 512932 512935 512937 512938 512940
512943 512947 512977 512982 512986 512997 513022 513042 513043 513044
513071 513082 513098 513110 513114 513128 513146 513157 513169 513175
513178 513204 513212 513214 513227 513228 513229 513239 513242 513246
513257 513259 513262 513290 513315 513317 513327 513331 513337 513347
513376 513392 513394 513414 513418 513422 513426 513454 513458 513463
513465 513478 513487 513491 513499 513507 513509 513528 513535 513538
513539 513542 513543 513547 513586 513592 513599 513602 513606 513624
513628 513639 513641 513656 513663 513671 513692 513696 513701 513702
513711 513729 513757 513776 513786 513793 513802 513811 513813 513821
513823 513846 513858 513859 513868 513881 513883 513890 513898 513900
513905 513907 513939 513955 513968 513975 513984 513986 513987 513989
514004 514020 514022 514044 514047 514053 514060 514063 514065 514109
514134 514142 514147 514149 514159 514160 514162 514169 514171 514172
514182 514186 514188 514220 514223 514249 514251 514254 514268 514271
514278 514351 514393 514407 514409 514424 514428 514435 514441 514445
514457 514465 514474 514484 514492 514494 514496 514497 514498 514501
514505 514509 514519 514525 514546 514558 514562 514580 514593 514596
514608 514610 514611 514623 514629 514633 514639 514641 514645 514650
514657 514689 514695 514705 514709 514718 514719 514727 514743 514746
514753 514761 514762 514774 514778 514782 514792 514794 514806 514818
514844 514845 514847 514856 514857 514861 514883 514895 514907 514916
514926 514929 514933 514945 514959 514964 514995 515017 515049 515073
515085 515106 515112 515114 515117 515118 515128 515141 515145 515173
515184 515213 515219 515236 515241 515246 515255 515277 515282 515294
515314 515317 515332 515334 515361 515369 515375 515381 515389 515390
515409 515431 515442 515452 515455 515458 515464 515468 515482 515488
515506 515523 515524 515528 515540 515556 515570 515572 515582 515590
515591 515606 515609 515610 515612 515623 515627 515641 515668 515671
515711 515720 515721 515724 515734 515758 515767 515787 515803 515804
515806 515813 515815 515821 515826 515828 515832 515836 515843 515844
515866 515870 515875 515883 515889 515890 515900 515903 515940 515948
515953 515960 515963 515967 515972 515979 515984 515985 515988 515997
516006 516009 516019 516025 516032 516033 516044 516050 516058 516076
516077 516090 516104 516106 516123 516129 516139 516141 516146 516151
516170 516187 516189 516203 516213 516217 516221 516229 516237 516269
516297 516298 516312 516317 516320 516355 516360 516369 516386 516393
516401 516412 516434 516449 516450 516465 516479 516491 516509 516530
516539 516563 516586 516588 516592 516595 516603 516608 516620 516626
516639 516640 516662 516670 516693 516695 516698 516700 516709 516726
516727 516772 516777 516779 516803 516813 516827 516829 516835 516841
516858 516873 516906 516923 516925 516941 516950 516955 516959 516962
516964 516971 516988 517008 517027 517035 517053 517073 517075 517081
517082 517085 517105 517112 517132 517147 517151 517158 517160 517163
517176 517179 517190 517192 517198 517213 517223 517231 517255 517258
517264 517265 517276 517283 517286 517288 517292 517294 517296 517311
517314 517323 517325 517332 517335 517338 517345 517355 517358 517361
517377 517398 517414 517427 517437 517447 517449 517482 517484 517485
517510 517514 517519 517526 517537 517539 517549 517556 517560 517564
517570 517577 517582 517589 517598 517599 517605 517611 517617 517618
517622 517626 517652 517673 517685 517690 517708 517718 517719 517726
517736 517766 517773 517775 517784 517795 517829 517856 517874 517879
517895 517898 517901 517910 517924 517942 517954 517995 518003 518023
518043 518048 518056 518069 518080 518088 518094 518095 518099 518107
518109 518111 518112 518118 518136 518146 518148 518159 518180 518191
518201 518216 518229 518230 518233 518244 518245 518251 518257 518304
518328 518335 518342 518348 518350 518360 518380 518381 518385 518395
518411 518425 518428 518431 518436 518449 518454 518477 518478 518514
518557 518561 518567 518576 518578 518581 518592 518595 518600 518618
518635 518636 518642 518651 518660 518693 518711 518714 518724 518729
518737 518739 518746 518764 518767 518774 518784 518792 518795 518799
518832 518834 518836 518839 518863 518878 518884 518887 518889 518896
518909 518913 518928 518962 518973 518985 518987 518991 518996 518999
519000 519001 519018 519019 519020 519021 519031 519039 519045 519059
519063 519065 519078 519088 519120 519142 519149 519159 519177 519179
519181 519186 519194 519201 519202 519222 519235 519261 519269 519270
519280 519287 519288 519293 519299 519309 519322 519342 519343 519346
519347 519348 519354 519383 519395 519402 519403 519407 519411 519413
519416 519418 519427 519435 519443 519445 519457 519468 519481 519512
519514 519516 519520 519528 519535 519551 519554 519561 519563 519566
519576 519589 519593 519611 519617 519626 519627 519635 519651 519673
519679 519707 519708 519713 519717 519746 519747 519832 519858 519869
519870 519879 519893 519895 519908 519911 519935 519937 519938 519983
519993 519999 520006 520011 520023 520053 520068 520070 520074 520077
520081 520086 520091 520094 520106 520115 520118 520119 520121 520126
520128 520152 520160 520162 520163 520166 520168 520172 520178 520181
520188 520194 520221 520236 520238 520242 520252 520267 520277 520298
520310 520325 520327 520370 520393 520404 520407 520413 520415 520421
520425 520432 520434 520448 520476 520483 520485 520488 520489 520496
520508 520512 520531 520557 520561 520570 520574 520586 520590 520603
520605 520608 520614 520617 520652 520666 520672 520681 520706 520719
520737 520744 520745 520749 520756 520766 520767 520773 520782 520783
520805 520819 520836 520844 520869 520883 520903 520916 520923 520936
520937 520942 520943 520972 520981 520985 520989 520990 521010 521037
521044 521062 521065 521072 521080 521105 521119 521139 521144 521152
521166 521167 521180 521187 521195 521196 521224 521226 521234 521244
521284 521302 521305 521309 521329 521338 521342 521346 521360 521368
521378 521389 521391 521402 521406 521409 521427 521429 521445 521461
521466 521469 521472 521500 521514 521537 521540 521556 521578 521587
521592 521595 521597 521602 521609 521628 521632 521634 521637 521638
521644 521649 521679 521680 521690 521705 521749 521757 521762 521765
521769 521771 521773 521788 521803 521806 521807 521809 521812 521818
521822 521825 521831 521838 521844 521850 521851 521867 521870 521873
521880 521894 521919 521923 521947 521952 521956 521957 521960 521974
522001 522002 522007 522015 522018 522025 522027 522028 522035 522044
522049 522058 522113 522120 522124 522135 522137 522138 522141 522157
522175 522177 522195 522217 522235 522240 522259 522263 522280 522287
522292 522294 522301 522306 522333 522339 522351 522353 522358 522361
522362 522377 522378 522379 522380 522383 522410 522419 522423 522429
522431 522432 522440 522452 522455 522475 522482 522484 522493 522525
522526 522559 522565 522569 522576 522582 522589 522591 522595 522602
522607 522612 522645 522657 522675 522689 522708 522709 522710 522720
522725 522739 522771 522784 522788 522790 522798 522809 522815 522828
522834 522836 522841 522845 522863 522866 522873 522881 522887 522889
522893 522937 522961 522969 522980 522984 522986 522994 522995 523000
523025 523032 523036 523047 523053 523054 523056 523066 523089 523097
523125 523133 523135 523153 523163 523172 523204 523205 523242 523249
523263 523267 523270 523277 523282 523289 523300 523301 523319 523343
523345 523358 523361 523363 523367 523376 523403 523421 523428 523429
523443 523453 523455 523464 523468 523471 523502 523505 523547 523555
523559 523570 523572 523576 523587 523596 523598 523607 523621 523631
523647 523658 523668 523682 523690 523697 523704 523729 523737 523740
523753 523781 523788 523793 523811 523818 523824 523842 523855 523858
523859 523900 523908 523910 523913 523914 523923 523937 523946 523959
523961 523965 523966 523989 524009 524012 524014 524032 524035 524051
524055 524074 524080 524093 524095 524108 524109 524110 524114 524134
524136 524145 524155 524163 524169 524171 524181 524185 524208 524224
524232 524243 524246 524270 524276 524278 524284 524302 524316 524323
524329 524335 524340 524343 524346 524360 524380 524398 524435 524448
524457 524464 524465 524491 524495 524510 524519 524521 524544 524558
524564 524565 524589 524592 524603 524604 524605 524623 524631 524640
524641 524652 524674 524678 524689 524691 524693 524695 524712 524715
524743 524760 524787 524792 524815 524818 524834 524835 524845 524848
524850 524870 524910 524920 524937 524961 525000 525045 525050 525054
525057 525058 525062 525070 525072 525080 525101 525104 525121 525124
525137 525156 525159 525169 525170 525177 525216 525218 525223 525227
525236 525239 525267 525273 525276 525279 525283 525290 525309 525312
525356 525396 525407 525448 525450 525464 525480 525481 525495 525501
525502 525505 525509 525510 525511 525514 525517 525558 525567 525576
525581 525618 525622 525624 525643 525664 525671 525681 525683 525692
525720 525736 525739 525743 525756 525759 525766 525841 525878 525881
525888 525890 525925 525946 525949 525970 525972 525973 525977 525985
526010 526015 526033 526078 526104 526107 526109 526111 526122 526131
526135 526139 526144 526148 526154 526160 526164 526166 526167 526175
526180 526197 526206 526211 526214 526221 526227 526234 526247 526263
526265 526275 526277 526289 526290 526297 526299 526312 526317 526321
526324 526340 526352 526361 526363 526379 526385 526405 526409 526410
526427 526429 526430 526440 526457 526461 526462 526471 526474 526479
526480 526497 526504 526507 526524 526532 526538 526543 526545 526565
526569 526576 526581 526587 526597 526599 526604 526608 526610 526613
526616 526623 526628 526638 526651 526663 526664 526667 526672 526682
526689 526706 526714 526715 526726 526766 526773 526788 526791 526793
526794 526819 526867 526871 526876 526889 526900 526908 526910 526911
526915 526916 526933 526935 526949 526950 526958 526965 526968 526974
526976 526985 526993 527014 527020 527028 527031 527042 527062 527072
527076 527115 527118 527128 527142 527145 527147 527156 527165 527171
527176 527201 527202 527216 527255 527256 527264 527288 527318 527321
527329 527349 527374 527405 527408 527422 527440 527455 527466 527481
527482 527488 527490 527499 527501 527512 527518 527523 527525 527538
527541 527546 527555 527556 527558 527576 527578 527586 527596 527601
527602 527603 527611 527633 527634 527650 527658 527660 527665 527668
527672 527674 527677 527685 527694 527711 527722 527727 527728 527734
527735 527762 527781 527798 527801 527811 527816 527817 527822 527823
527824 527835 527836 527838 527843 527858 527860 527866 527881 527894
527895 527904 527925 527927 527941 527967 527971 527980 527982 527995
528001 528009 528018 528026 528055 528076 528108 528125 528147 528153
528157 528178 528182 528197 528208 528222 528225 528226 528229 528230
528236 528256 528259 528263 528267 528272 528287 528291 528314 528318
528324 528355 528367 528376 528383 528401 528413 528435 528436 528438
528440 528476 528494 528509 528531 528538 528551 528554 528556 528576
528578 528592 528596 528604 528609 528615 528628 528630 528634 528636
528637 528638 528657 528665 528682 528687 528700 528724 528764 528768
528770 528781 528784 528810 528814 528816 528826 528828 528831 528838
528839 528854 528862 528874 528912 528938 528950 528953 528957 528958
528972 528973 528986 529000 529001 529012 529021 529031 529033 529052
529053 529054 529059 529063 529087 529098 529100 529110 529113 529119
529122 529128 529129 529130 529132 529138 529139 529143 529146 529151
529174 529202 529208 529221 529238 529252 529291 529321 529354 529356
529358 529413 529426 529444 529499 529501 529503 529511 529515 529516
529524 529531 529537 529549 529552 529555 529558 529564 529565 529570
529573 529574 529575 529577 529585 529587 529608 529626 529627 529639
529644 529646 529651 529671 529680 529717 529725 529727 529730 529740
529742 529752 529753 529760 529762 529768 529784 529788 529804 529814
529816 529817 529825 529846 529857 529869 529895 529904 529907 529926
529948 529965 529968 529970 529990 529993 530006 530013 530022 530052
530062 530069 530077 530079 530081 530086 530090 530092 530110 530113
530133 530137 530139 530146 530158 530163 530172 530181 530184 530214
530247 530262 530273 530279 530281 530283 530288 530294 530297 530319
530320 530326 530340 530344 530357 530363 530366 530374 530383 530398
530416 530419 530429 530439 530440 530447 530466 530479 530492 530493
530503 530506 530507 530509 530517 530548 530558 530578 530585 530591
530624 530637 530652 530668 530675 530681 530690 530702 530706 530725
530729 530730 530731 530733 530745 530763 530771 530779 530780 530786
530822 530832 530851 530885 530904 530913 530922 530938 530951 530953
530958 530959 530979 530981 530989 531008 531026 531027 531035 531044
531051 531058 531062 531063 531067 531088 531095 531102 531106 531120
531129 531136 531138 531144 531147 531154 531169 531174 531190 531200
531237 531239 531251 531252 531253 531254 531287 531291 531298 531299
531302 531323 531328 531340 531346 531352 531363 531364 531385 531400
531415 531430 531431 531467 531476 531483 531498 531502 531506 531512
531514 531521 531522 531524 531532 531537 531540 531541 531545 531554
531555 531564 531571 531578 531591 531596 531599 531608 531610 531614
531617 531626 531644 531645 531658 531660 531670 531676 531689 531693
531703 531714 531718 531732 531749 531752 531754 531756 531757 531759
531763 531774 531775 531776 531782 531801 531809 531843 531852 531872
531880 531887 531895 531906 531916 531934 531943 531952 531956 531960
531965 531968 531976 531978 531985 531992 531998 532005 532007 532011
532024 532034 532036 532037 532051 532065 532066 532073 532077 532080
532091 532102 532147 532157 532159 532163 532168 532173 532183 532186
532215 532217 532225 532229 532230 532232 532240 532248 532273 532279
532282 532283 532285 532328 532332 532345 532361 532374 532378 532385
532392 532396 532419 532433 532436 532444 532462 532467 532473 532482
532483 532496 532525 532527 532528 532537 532547 532551 532552 532553
532593 532606 532610 532612 532644 532645 532647 532649 532655 532659
532673 532675 532689 532696 532703 532735 532746 532748 532760 532761
532765 532777 532808 532809 532817 532828 532838 532839 532856 532866
532883 532886 532887 532892 532893 532906 532915 532927 532934 532954
532955 532957 532960 532977 532989 532995 533005 533008 533014 533047
533054 533063 533065 533068 533077 533086 533104 533114 533118 533121
533126 533133 533142 533162 533192 533197 533222 533235 533243 533247
533253 533255 533293 533296 533297 533318 533328 533338 533346 533369
533370 533371 533375 533383 533387 533400 533403 533407 533419 533445
533453 533464 533485 533513 533532 533538 533555 533556 533566 533574
533585 533589 533598 533599 533611 533615 533616 533619 533635 533639
533640 533644 533665 533687 533696 533706 533732 533741 533742 533749
533760 533780 533786 533789 533798 533801 533806 533825 533826 533846
533867 533875 533880 533881 533906 533917 533919 533953 533954 533988
533989 534001 534020 534042 534048 534049 534051 534055 534056 534062
534081 534097 534111 534119 534130 534139 534146 534156 534175 534186
534195 534196 534215 534248 534251 534252 534270 534276 534283 534307
534311 534322 534327 534379 534382 534384 534401 534421 534424 534425
534430 534439 534444 534449 534450 534453 534487 534491 534510 534511
534527 534529 534549 534594 534613 534614 534618 534636 534640 534643
534644 534678 534679 534680 534688 534691 534692 534709 534716 534739
534742 534747 534748 534761 534789 534796 534797 534811 534812 534818
534826 534854 534861 534866 534896 534919 534931 534935 534939 534941
534955 534963 534972 534974 534975 534989 534991 535004 535010 535011
535034 535038 535057 535059 535067 535075 535077 535113 535114 535118
535129 535154 535159 535176 535179 535183 535189 535191 535194 535211
535236 535240 535248 535253 535256 535299 535311 535335 535338 535342
535360 535364 535373 535374 535375 535377 535380 535391 535408 535411
535412 535416 535424 535427 535430 535431 535437 535438 535442 535468
535473 535477 535484 535487 535522 535536 535547 535548 535559 535629
535632 535642 535666 535671 535686 535689 535712 535727 535730 535749
535754 535755 535765 535771 535792 535800 535801 535803 535822 535824
535832 535870 535891 535892 535893 535906 535924 535928 535938 535948
535961 535965 535967 535972 536015 536029 536041 536043 536048 536071
536084 536090 536098 536107 536124 536152 536163 536176 536181 536187
536191 536200 536204 536216 536229 536252 536254 536280 536286 536292
536296 536297 536300 536309 536321 536345 536346 536370 536400 536404
536405 536417 536418 536429 536442 536452 536461 536466 536469 536472
536473 536481 536490 536493 536499 536502 536505 536512 536534 536541
536548 536550 536554 536555 536567 536576 536584 536598 536600 536615
536617 536621 536647 536650 536658 536659 536667 536670 536681 536686
536726 536728 536735 536743 536749 536758 536769 536775 536776 536792
536797 536800 536805 536832 536847 536857 536890 536902 536927 536937
536939 536940 536945 536947 536963 536992 536999 537001 537011 537012
537019 537033 537049 537056 537062 537067 537082 537099 537102 537110
537117 537123 537128 537132 537141 537165 537172 537179 537187 537195
537209 537215 537216 537220 537221 537224 537234 537261 537270 537286
537307 537310 537330 537339 537353 537360 537407 537409 537414 537422
537461 537498 537516 537520 537523 537528 537543 537553 537559 537570
537583 537611 537622 537623 537657 537661 537667 537670 537692 537694
537696 537720 537735 537753 537794 537802 537807 537809 537819 537820
537823 537831 537869 537890 537892 537895 537912 537915 537917 537922
537923 537928 537936 537937 537953 537957 537963 537969 537973 537993
538006 538007 538026 538030 538031 538032 538048 538059 538072 538084
538086 538087 538107 538129 538132 538139 538163 538187 538189 538193
538199 538233 538238 538256 538271 538285 538288 538305 538306 538327
538343 538350 538375 538390 538399 538400 538401 538447 538453 538464
538505 538562 538570 538573 538574 538592 538610 538612 538624 538629
538635 538639 538646 538648 538655 538661 538677 538686 538694 538697
538703 538722 538732 538758 538787 538788 538792 538800 538804 538836
538867 538870 538876 538883 538888 538892 538899 538901 538902 538911
538913 538916 538929 538935 538939 538944 538958 538986 538990 538995
539009 539019 539034 539035 539046 539051 539058 539075 539078 539094
539098 539106 539107 539115 539121 539136 539137 539166 539182 539194
539201 539202 539215 539225 539252 539259 539264 539275 539278 539294
539296 539297 539307 539310 539314 539329 539330 539345 539353 539369
539376 539378 539388 539396 539400 539405 539409 539413 539418 539428
539435 539436 539442 539454 539458 539469 539478 539481 539486 539504
539506 539508 539513 539519 539540 539557 539567 539583 539588 539589
539616 539618 539631 539644 539645 539647 539667 539682 539696 539716
539717 539720 539732 539734 539735 539747 539758 539760 539780 539786
539824 539838 539853 539864 539882 539915 539918 539921 539934 539944
539959 539968 539970 539977 539991 539992 540004 540036 540038 540039
540042 540050 540058 540083 540087 540088 540096 540108 540120 540138
540145 540149 540169 540176 540186 540198 540215 540240 540245 540246
540248 540254 540272 540287 540291 540293 540306 540340 540356 540364
540374 540387 540393 540413 540414 540417 540426 540431 540433 540436
540464 540468 540482 540488 540497 540547 540559 540560 540596 540625
540631 540634 540636 540637 540638 540643 540648 540685 540686 540691
540695 540707 540709 540716 540725 540735 540737 540758 540766 540770
540779 540783 540794 540798 540805 540809 540811 540826 540832 540884
540892 540895 540908 540911 540920 540925 540944 540955 540964 540970
540984 540989 540996 541009 541031 541038 541040 541048 541053 541058
541069 541080 541090 541100 541115 541124 541125 541126 541132 541145
541165 541167 541196 541211 541215 541223 541256 541263 541292 541295
541297 541313 541334 541357 541366 541374 541379 541393 541396 541414
541439 541460 541479 541487 541491 541502 541503 541506 541522 541560
541590 541602 541608 541610 541615 541635 541664 541680 541681 541694
541717 541723 541728 541747 541748 541757 541763 541776 541778 541780
541788 541798 541804 541811 541815 541829 541832 541840 541842 541843
541852 541867 541873 541877 541890 541891 541927 541933 541935 541944
541961 541979 541985 541994 542001 542029 542034 542037 542040 542056
542057 542058 542065 542069 542074 542079 542088 542114 542117 542118
542138 542146 542147 542148 542162 542165 542169 542176 542189 542217
542220 542234 542235 542236 542237 542255 542259 542268 542270 542280
542286 542287 542301 542317 542344 542350 542351 542380 542390 542397
542401 542415 542438 542445 542484 542534 542537 542538 542541 542544
542547 542549 542559 542566 542570 542595 542598 542618 542622 542650
542671 542678 542698 542710 542711 542728 542731 542739 542745 542755
542764 542770 542784 542795 542807 542809 542836 542856 542877 542878
542891 542897 542905 542913 542915 542917 542926 542958 542960 542966
542967 542971 542974 542975 542981 542985 542986 543005 543028 543035
543050 543053 543074 543075 543082 543087 543112 543114 543115 543118
543151 543160 543168 543176 543197 543202 543231 543234 543260 543292
543305 543317 543332 543335 543373 543378 543418 543437 543441 543443
543445 543454 543470 543475 543479 543485 543492 543494 543502 543504
543506 543510 543518 543562 543570 543576 543589 543608 543609 543628
543640 543656 543700 543715 543732 543761 543777 543787 543788 543790
543800 543807 543818 543819 543821 543823 543824 543833 543834 543845
543847 543852 543861 543872 543873 543911 543923 543926 543942 543954
543976 543982 544002 544032 544055 544070 544075 544082 544085 544101
544142 544147 544153 544163 544174 544179 544223 544224 544236 544239
544256 544265 544269 544289 544295 544304 544311 544314 544318 544325
544341 544349 544359 544376 544388 544394 544397 544433 544440 544444
544452 544454 544456 544476 544491 544495 544509 544516 544539 544542
544552 544560 544571 544576 544578 544590 544606 544607 544614 544618
544631 544636 544645 544653 544667 544671 544678 544681 544692 544696
544715 544721 544725 544734 544735 544764 544792 544813 544817 544819
544823 544853 544862 544892 544899 544901 544905 544918 544931 544933
544937 544947 544949 544957 544983 544984 544985 544993 545003 545023
545035 545039 545048 545051 545058 545072 545076 545086 545092 545095
545119 545123 545140 545143 545154 545157 545165 545171 545212 545214
545226 545233 545234 545237 545241 545246 545253 545254 545280 545296
545312 545353 545362 545372 545379 545397 545422 545429 545445 545474
545484 545497 545514 545581 545589 545618 545624 545625 545628 545636
545648 545649 545658 545698 545703 545710 545721 545770 545774 545781
545794 545812 545834 545842 545877 545879 545903 545908 545916 545943
545962 545976 545987 545998 546042 546045 546049 546051 546055 546058
546068 546073 546084 546085 546089 546116 546122 546128 546129 546135
546140 546152 546163 546166 546167 546187 546202 546206 546207 546214
546223 546226 546231 546242 546243 546275 546278 546296 546307 546311
546337 546349 546351 546352 546353 546371 546372 546377 546397 546400
546401 546402 546403 546406 546410 546431 546440 546461 546467 546478
546487 546489 546491 546494 546501 546508 546519 546532 546537 546553
546580 546582 546588 546591 546592 546599 546606 546640 546642 546658
546667 546682 546703 546718 546734 546739 546741 546751 546753 546803
546816 546831 546833 546837 546844 546853 546857 546881 546887 546899
546900 546927 546944 546952 546957 546977 546988 546992 546998 547008
547011 547018 547021 547025 547032 547034 547043 547044 547045 547048
547050 547051 547059 547070 547078 547081 547095 547116 547117 547118
547123 547127 547137 547153 547156 547160 547181 547189 547193 547209
547223 547225 547234 547248 547249 547257 547270 547289 547300 547307
547308 547330 547331 547332 547338 547341 547342 547343 547352 547358
547382 547389 547394 547408 547411 547416 547434 547435 547450 547451
547462 547463 547474 547506 547521 547524 547530 547539 547548 547584
547592 547606 547607 547609 547611 547613 547614 547620 547642 547648
547649 547660 547662 547664 547668 547681 547682 547689 547694 547703
547717 547731 547732 547741 547744 547750 547756 547761 547766 547774
547779 547781 547785 547786 547811 547825 547830 547841 547843 547861
547862 547873 547881 547886 547897 547900 547913 547918 547936 547938
547940 547970 547982 548032 548035 548050 548055 548057 548074 548077
548095 548100 548104 548111 548120 548128 548132 548133 548134 548156
548159 548160 548183 548201 548218 548224 548228 548250 548274 548275
548281 548284 548307 548320 548336 548350 548378 548402 548417 548424
548426 548437 548446 548451 548458 548463 548474 548475 548479 548486
548488 548490 548497 548499 548511 548514 548518 548519 548531 548533
548536 548543 548546 548548 548570 548576 548577 548580 548610 548621
548631 548633 548638 548641 548644 548649 548666 548680 548683 548688
548692 548710 548715 548727 548733 548735 548756 548758 548778 548781
548803 548830 548837 548858 548867 548871 548878 548881 548885 548907
548908 548909 548943 548944 548951 548953 548961 548966 548969 548970
548971 548974 548995 549003 549039 549046 549054 549056 549060 549063
549072 549085 549086 549089 549101 549109 549116 549120 549122 549140
549144 549161 549173 549201 549208 549216 549217 549219 549222 549223
549227 549231 549233 549241 549244 549256 549258 549266 549269 549270
549271 549285 549289 549294 549303 549311 549323 549325 549327 549353
549373 549375 549377 549380 549385 549396 549402 549411 549413 549434
549440 549447 549448 549454 549478 549485 549490 549491 549544 549556
549568 549581 549590 549592 549597 549601 549613 549617 549626 549629
549665 549677 549682 549689 549692 549702 549718 549725 549730 549749
549751 549768 549780 549803 549813 549819 549838 549863 549866 549869
549879 549918 549951 549955 549956 549966 549996 550009 550047 550051
550056 550062 550065 550068 550072 550074 550079 550093 550108 550115
550127 550129 550133 550138 550152 550156 550161 550162 550163 550170
550177 550182 550183 550184 550185 550192 550195 550196 550200 550212
550215 550234 550245 550263 550268 550272 550274 550304 550308 550316
550329 550353 550364 550379 550381 550395 550403 550435 550436 550437
550442 550448 550457 550462 550470 550493 550495 550498 550519 550530
550554 550555 550558 550573 550587 550598 550628 550637 550644 550654
550671 550682 550702 550711 550715 550738 550742 550771 550776 550783
550791 550805 550808 550823 550834 550840 550852 550859 550864 550890
550907 550921 550925 550927 550938 550950 550952 550955 550995 551030
551054 551057 551079 551088 551090 551099 551120 551151 551159 551172
551173 551177 551178 551188 551191 551198 551201 551207 551225 551230
551234 551250 551280 551307 551312 551315 551317 551326 551351 551361
551366 551383 551385 551386 551408 551411 551420 551421 551430 551467
551468 551474 551511 551538 551567 551569 551574 551583 551584 551592
551607 551609 551611 551619 551625 551629 551631 551660 551664 551666
551698 551700 551702 551707 551732 551752 551754 551771 551774 551783
551789 551801 551812 551814 551820 551823 551830 551847 551854 551870
551874 551877 551883 551899 551905 551910 551912 551924 551930 551934
551943 551947 551955 551966 551971 551972 551981 552001 552002 552004
552012 552013 552019 552025 552027 552039 552048 552075 552097 552149
552151 552163 552167 552169 552177 552184 552187 552189 552223 552231
552243 552247 552267 552273 552276 552289 552291 552294 552295 552298
552299 552305 552313 552318 552322 552336 552350 552364 552378 552384
552390 552394 552398 552411 552447 552450 552469 552484 552504 552510
552511 552525 552539 552540 552556 552559 552565 552576 552585 552596
552599 552600 552602 552610 552612 552616 552617 552637 552644 552647
552653 552660 552667 552670 552673 552675 552689 552697 552702 552726
552728 552731 552738 552784 552787 552789 552804 552830 552833 552834
552844 552874 552922 552971 552972 552984 552989 552993 553017 553041
553053 553055 553080 553110 553111 553115 553118 553167 553173 553191
553192 553204 553206 553214 553233 553235 553257 553260 553266 553276
553280 553291 553294 553296 553306 553314 553335 553339 553347 553355
553356 553367 553373 553375 553385 553394 553398 553411 553414 553421
553424 553439 553442 553443 553444 553455 553465 553487 553491 553500
553522 553523 553530 553545 553556 553557 553568 553574 553576 553581
553585 553599 553605 553613 553614 553618 553620 553628 553634 553645
553650 553651 553667 553697 553701 553746 553751 553753 553759 553760
553769 553775 553785 553794 553797 553802 553807 553812 553827 553849
553853 553870 553872 553894 553906 553908 553914 553938 553940 553961
553963 553967 553994 553996 554007 554014 554024 554037 554053 554062
554065 554072 554081 554088 554106 554120 554128 554132 554147 554153
554161 554174 554182 554188 554220 554244 554254 554255 554265 554267
554269 554272 554276 554290 554298 554308 554315 554333 554337 554343
554348 554351 554362 554382 554386 554400 554414 554430 554432 554434
554448 554492 554504 554506 554507 554516 554517 554527 554529 554535
554543 554544 554553 554556 554559 554570 554578 554581 554597 554609
554611 554630 554632 554636 554648 554666 554682 554694 554697 554702
554707 554721 554740 554755 554761 554787 554799 554809 554814 554829
554831 554845 554846 554856 554860 554865 554866 554878 554882 554888
554899 554913 554915 554926 554935 554944 554949 554960 554961 554978
554979 554980 554981 554982 554996 555005 555011 555016 555020 555042
555048 555068 555074 555088 555099 555108 555125 555129 555147 555158
555163 555164 555182 555183 555206 555239 555245 555249 555300 555305
555306 555313 555329 555335 555336 555344 555363 555370 555372 555386
555430 555445 555457 555462 555472 555479 555480 555496 555504 555511
555515 555544 555560 555566 555568 555570 555571 555592 555594 555596
555605 555609 555623 555627 555632 555634 555646 555649 555657 555668
555674 555682 555685 555696 555706 555723 555725 555729 555741 555745
555748 555749 555759 555761 555762 555763 555779 555783 555795 555802
555811 555816 555818 555831 555832 555835 555843 555849 555858 555870
555876 555882 555893 555899 555906 555918 555929 555947 555948 555954
555960 555965 555968 555992 556003 556009 556022 556030 556035 556039
556042 556047 556066 556070 556071 556073 556082 556083 556098 556102
556111 556124 556136 556142 556147 556162 556164 556186 556211 556212
556230 556245 556246 556247 556251 556256 556257 556275 556280 556285
556288 556300 556310 556329 556335 556336 556347 556373 556378 556400
556403 556408 556421 556425 556433 556446 556454 556461 556467 556472
556479 556504 556508 556512 556514 556526 556532 556540 556542 556543
556550 556561 556564 556575 556580 556594 556617 556628 556637 556640
556641 556645 556650 556683 556711 556714 556715 556752 556765 556771
556772 556773 556775 556776 556805 556811 556815 556834 556843 556845
556849 556850 556854 556855 556857 556862 556867 556881 556888 556893
556915 556922 556927 556928 556929 556932 556939 556953 556966 556974
557008 557041 557049 557057 557070 557087 557098 557107 557112 557137
557146 557157 557161 557173 557177 557182 557183 557186 557191 557201
557215 557217 557241 557245 557247 557250 557264 557293 557300 557304
557306 557310 557323 557326 557350 557357 557392 557394 557408 557415
557423 557426 557456 557459 557470 557478 557494 557518 557526 557534
557535 557542 557547 557549 557550 557557 557583 557587 557604 557605
557606 557613 557627 557648 557650 557676 557692 557700 557713 557714
557716 557729 557734 557769 557774 557785 557786 557789 557801 557811
557819 557822 557835 557845 557846 557850 557858 557861 557871 557875
557878 557909 557924 557926 557929 557945 557963 557987 557995 558010
558019 558027 558051 558058 558067 558069 558082 558091 558100 558104
558115 558122 558145 558156 558167 558178 558182 558186 558206 558210
558211 558216 558224 558247 558266 558271 558281 558297 558302 558318
558341 558352 558360 558374 558377 558383 558388 558389 558401 558403
558410 558412 558423 558425 558453 558473 558486 558502 558503 558509
558528 558530 558564 558571 558572 558615 558617 558627 558631 558639
558648 558668 558671 558673 558674 558757 558760 558770 558772 558774
558779 558782 558785 558788 558804 558815 558821 558848 558864 558867
558878 558879 558899 558911 558917 558921 558926 558928 558966 558977
558981 558985 558988 558997 559004 559022 559024 559033 559037 559040
559055 559069 559077 559083 559100 559104 559107 559133 559136 559161
559200 559208 559209 559211 559215 559219 559236 559238 559243 559245
559247 559250 559259 559260 559284 559290 559298 559315 559316 559322
559351 559353 559362 559381 559399 559408 559411 559431 559432 559438
559450 559451 559454 559463 559485 559498 559527 559530 559535 559541
559543 559547 559557 559563 559576 559581 559606 559608 559622 559630
559635 559642 559650 559653 559656 559661 559679 559682 559732 559735
559745 559777 559783 559819 559827 559843 559846 559856 559868 559877
559880 559891 559902 559904 559921 559924 559928 559929 559952 559953
559958 559959 559966 559993 559995 560003 560020 560045 560047 560050
560060 560066 560087 560107 560111 560115 560121 560123 560136 560140
560148 560182 560189 560209 560223 560252 560257 560267 560274 560281
560286 560290 560292 560298 560303 560352 560356 560360 560369 560383
560447 560450 560458 560473 560507 560509 560515 560541 560556 560574
560578 560587 560594 560601 560609 560638 560647 560648 560666 560671
560674 560683 560689 560693 560705 560708 560710 560716 560717 560729
560733 560749 560756 560775 560787 560817 560826 560837 560859 560879
560885 560897 560904 560924 560932 560942 560948 560949 560956 560973
560983 560988 560995 560996 560998 561012 561028 561069 561080 561090
561093 561094 561117 561129 561132 561153 561169 561171 561180 561182
561199 561214 561225 561230 561248 561249 561253 561258 561264 561281
561308 561314 561324 561328 561334 561337 561338 561361 561368 561374
561379 561383 561385 561402 561409 561424 561427 561460 561463 561498
561501 561504 561525 561552 561565 561572 561585 561586 561593 561594
561613 561614 561616 561617 561625 561658 561666 561681 561686 561689
561699 561713 561725 561727 561756 561783 561802 561809 561818 561825
561826 561842 561870 561902 561922 561928 561978 562004 562006 562010
562015 562033 562047 562053 562063 562072 562076 562104 562110 562113
562115 562128 562144 562174 562175 562176 562200 562210 562223 562229
562230 562247 562252 562270 562275 562278 562292 562294 562311 562312
562315 562331 562356 562361 562367 562368 562373 562378 562389 562394
562395 562400 562404 562419 562423 562434 562435 562451 562460 562468
562470 562471 562482 562483 562487 562489 562501 562503 562507 562508
562509 562535 562540 562544 562551 562552 562593 562596 562606 562612
562623 562625 562634 562636 562642 562653 562654 562657 562666 562668
562674 562687 562691 562697 562703 562706 562708 562712 562733 562734
562776 562782 562796 562800 562801 562813 562815 562821 562855 562863
562867 562874 562878 562886 562890 562902 562926 562931 562944 562954
562956 562962 562964 562988 562995 563001 563007 563012 563076 563098
563099 563110 563111 563122 563140 563166 563172 563181 563195 563201
563204 563222 563223 563235 563248 563249 563252 563289 563290 563297
563311 563337 563340 563365 563371 563373 563385 563403 563404 563433
563436 563437 563449 563461 563482 563501 563517 563525 563529 563537
563540 563554 563559 563582 563585 563587 563592 563626 563629 563633
563643 563644 563668 563693 563704 563705 563706 563708 563711 563761
563769 563798 563825 563827 563829 563835 563849 563852 563887 563890
563896 563909 563911 563918 563933 563946 563952 563987 564000 564005
564014 564027 564039 564043 564051 564054 564057 564061 564066 564068
564079 564097 564103 564116 564142 564146 564155 564157 564176 564181
564188 564255 564269 564270 564272 564278 564285 564298 564311 564330
564342 564347 564352 564357 564358 564367 564375 564376 564384 564394
564402 564423 564426 564439 564447 564452 564465 564475 564490 564522
564535 564566 564568 564574 564581 564600 564616 564628 564630 564649
564650 564651 564684 564689 564692 564705 564715 564737 564744 564759
564762 564778 564788 564789 564808 564819 564822 564829 564851 564866
564871 564885 564896 564901 564907 564921 564927 564963 564964 564971
564978 564995 564999 565072 565076 565084 565105 565108 565110 565114
565130 565140 565145 565146 565148 565161 565165 565186 565192 565221
565228 565295 565298 565323 565326 565333 565334 565340 565342 565347
565352 565354 565363 565378 565389 565390 565399 565406 565410 565415
565430 565434 565448 565455 565465 565466 565526 565553 565566 565567
565584 565607 565624 565637 565638 565647 565669 565677 565679 565683
565696 565719 565722 565736 565774 565779 565780 565783 565787 565792
565794 565818 565844 565866 565872 565882 565883 565884 565889 565894
565896 565900 565901 565903 565906 565909 565922 565933 565944 565946
565950 565985 566003 566007 566008 566050 566076 566087 566115 566116
566120 566131 566140 566163 566170 566177 566184 566191 566230 566266
566292 566300 566301 566313 566339 566345 566360 566373 566383 566387
566396 566397 566401 566410 566418 566419 566436 566459 566475 566477
566480 566486 566498 566508 566531 566534 566539 566556 566558 566574
566585 566596 566604 566615 566619 566621 566625 566630 566631 566635
566647 566648 566649 566661 566671 566710 566713 566733 566741 566743
566744 566769 566783 566828 566836 566849 566871 566881 566884 566901
566910 566919 566929 566934 566935 566946 566950 566958 566965 566966
566970 566997 567000 567015 567030 567031 567034 567037 567074 567079
567081 567085 567104 567120 567132 567133 567137 567138 567171 567174
567180 567190 567194 567218 567226 567229 567231 567247 567257 567258
567260 567275 567285 567288 567293 567297 567330 567331 567357 567376
567383 567410 567416 567428 567431 567432 567471 567478 567481 567483
567484 567505 567545 567563 567568 567570 567574 567577 567581 567584
567587 567595 567596 567601 567607 567612 567622 567623 567624 567632
567633 567644 567648 567650 567651 567665 567689 567708 567716 567719
567755 567759 567776 567790 567800 567814 567820 567823 567836 567844
567846 567849 567857 567861 567933 567966 567971 567977 567992 568014
568015 568018 568049 568088 568099 568104 568107 568109 568113 568127
568133 568165 568182 568184 568197 568205 568239 568244 568251 568274
568275 568283 568284 568288 568290 568303 568307 568326 568329 568333
568336 568344 568347 568382 568423 568428 568433 568449 568454 568467
568479 568480 568484 568502 568506 568511 568514 568538 568551 568553
568555 568563 568565 568568 568626 568631 568640 568663 568666 568680
568721 568724 568727 568735 568763 568768 568778 568784 568804 568810
568821 568834 568841 568845 568855 568859 568870 568880 568891 568915
568925 568932 568952 568957 568976 568985 569006 569064 569071 569100
569119 569143 569144 569172 569175 569176 569185 569190 569201 569219
569223 569238 569250 569255 569262 569264 569274 569278 569312 569318
569321 569327 569329 569336 569351 569358 569369 569376 569385 569386
569387 569391 569392 569410 569436 569441 569451 569468 569503 569509
569528 569537 569541 569554 569564 569592 569594 569598 569610 569621
569630 569644 569645 569669 569672 569680 569690 569712 569758 569770
569772 569776 569782 569786 569791 569792 569799 569815 569818 569820
569821 569826 569836 569839 569847 569849 569864 569870 569873 569886
569902 569903 569906 569907 569919 569924 569939 569946 569958 569977
569984 569987 569991 570004 570007 570008 570010 570023 570042 570043
570048 570065 570076 570115 570122 570123 570128 570170 570177 570190
570191 570195 570198 570207 570218 570240 570256 570297 570298 570304
570307 570316 570343 570352 570355 570366 570369 570371 570389 570392
570400 570422 570423 570438 570443 570445 570447 570453 570471 570488
570495 570498 570500 570505 570507 570517 570563 570566 570571 570579
570589 570603 570610 570617 570619 570623 570638 570643 570644 570667
570671 570677 570692 570697 570704 570728 570729 570730 570736 570751
570756 570786 570788 570809 570816 570822 570823 570846 570847 570853
570861 570870 570888 570899 570904 570918 570943 570959 570965 570970
570972 570977 570984 570986 570991 571020 571022 571038 571041 571049
571060 571065 571070 571072 571084 571091 571092 571098 571108 571116
571119 571128 571132 571172 571192 571195 571208 571241 571244 571251
571259 571264 571268 571273 571276 571290 571291 571301 571314 571326
571351 571393 571407 571410 571416 571423 571425 571439 571447 571454
571471 571478 571480 571518 571519 571522 571541 571554 571571 571589
571603 571606 571617 571640 571648 571652 571660 571664 571673 571675
571676 571680 571684 571686 571687 571690 571710 571713 571714 571719
571736 571737 571745 571746 571749 571759 571783 571784 571790 571792
571800 571801 571830 571844 571852 571860 571867 571877 571883 571904
571916 571921 571941 571948 571951 571961 571974 572012 572017 572022
572024 572062 572065 572071 572086 572100 572130 572157 572180 572188
572189 572201 572205 572208 572233 572240 572244 572246 572263 572274
572307 572310 572320 572325 572344 572357 572365 572391 572402 572426
572436 572438 572445 572455 572457 572461 572472 572506 572516 572525
572538 572539 572541 572543 572546 572552 572553 572569 572574 572591
572593 572601 572608 572625 572630 572640 572659 572675 572685 572694
572695 572698 572748 572751 572769 572778 572779 572793 572801 572818
572819 572831 572832 572839 572842 572843 572845 572850 572859 572874
572876 572893 572894 572898 572913 572943 572959 572976 572979 572995
573011 573022 573033 573039 573041 573043 573051 573055 573058 573061
573064 573069 573090 573092 573094 573103 573108 573111 573146 573149
573157 573191 573197 573203 573210 573213 573235 573244 573252 573253
573278 573298 573305 573345 573349 573350 573354 573355 573359 573372
573376 573393 573412 573432 573439 573457 573464 573469 573474 573515
573517 573553 573558 573559 573560 573561 573571 573576 573589 573598
573615 573620 573645 573646 573667 573676 573687 573692 573696 573701
573704 573717 573720 573723 573729 573730 573740 573750 573752 573767
573784 573787 573791 573792 573799 573809 573812 573818 573848 573868
573877 573883 573888 573907 573909 573923 573939 573943 573972 573977
573983 573985 573990 573991 574002 574003 574024 574030 574031 574032
574042 574046 574061 574064 574098 574101 574102 574106 574109 574115
574116 574128 574147 574159 574164 574178 574186 574200 574208 574214
574231 574242 574263 574269 574283 574291 574296 574299 574301 574328
574341 574351 574360 574361 574368 574371 574383 574385 574399 574408
574415 574425 574426 574428 574451 574456 574505 574534 574536 574538
574545 574560 574568 574573 574586 574596 574598 574600 574612 574617
574631 574668 574673 574680 574681 574691 574692 574707 574712 574725
574726 574736 574741 574752 574770 574775 574803 574806 574807 574811
574816 574819 574830 574832 574835 574843 574850 574863 574867 574873
574895 574896 574908 574913 574915 574925 574942 574943 574983 574985
574997 575011 575021 575037 575045 575063 575065 575067 575074 575098
575115 575150 575154 575161 575165 575171 575175 575183 575216 575228
575240 575242 575245 575252 575253 575278 575281 575292 575306 575314
575315 575319 575323 575337 575344 575375 575385 575392 575397 575408
575411 575421 575430 575433 575446 575449 575456 575458 575475 575492
575504 575507 575520 575523 575545 575552 575553 575556 575571 575578
575581 575591 575595 575598 575599 575605 575618 575630 575631 575645
575651 575670 575673 575684 575711 575715 575739 575743 575749 575750
575775 575788 575821 575823 575838 575891 575894 575910 575914 575918
575925 575931 575936 575962 575963 575965 575971 575977 575997 576012
576022 576030 576064 576077 576087 576093 576097 576116 576128 576138
576147 576151 576165 576169 576176 576178 576188 576193 576201 576212
576214 576217 576237 576240 576243 576254 576262 576280 576293 576296
576298 576302 576304 576315 576321 576348 576352 576359 576360 576366
576376 576377 576382 576402 576403 576417 576430 576455 576464 576465
576475 576484 576493 576494 576514 576526 576528 576553 576562 576568
576576 576585 576589 576620 576635 576638 576657 576667 576669 576680
576689 576693 576700 576702 576718 576731 576749 576759 576765 576771
576782 576784 576810 576811 576815 576825 576846 576877 576888 576899
576918 576931 576937 576951 576964 576965 576966 576996 577005 577021
577027 577033 577039 577040 577048 577053 577066 577072 577130 577134
577146 577147 577151 577178 577185 577204 577226 577241 577261 577299
577300 577301 577304 577326 577329 577345 577371 577373 577380 577384
577397 577415 577423 577427 577455 577469 577470 577475 577476 577496
577497 577507 577515 577519 577522 577534 577554 577556 577572 577573
577602 577608 577612 577615 577628 577634 577648 577655 577663 577666
577670 577672 577673 577691 577698 577705 577742 577780 577803 577809
577815 577826 577827 577841 577866 577882 577886 577891 577896 577929
577930 577932 577933 577945 577946 577948 577967 577992 577997 577998
578030 578031 578041 578055 578056 578065 578074 578075 578082 578093
578097 578098 578101 578103 578104 578107 578115 578116 578133 578138
578139 578152 578157 578172 578174 578183 578185 578205 578215 578220
578230 578241 578247 578248 578266 578273 578281 578293 578301 578355
578357 578361 578373 578374 578380 578381 578385 578406 578428 578436
578437 578442 578451 578465 578480 578495 578507 578509 578532 578541
578543 578558 578561 578562 578577 578578 578588 578589 578590 578608
578614 578621 578622 578628 578641 578645 578659 578678 578688 578695
578711 578727 578728 578735 578779 578789 578800 578809 578817 578821
578838 578857 578878 578884 578889 578896 578897 578904 578956 578958
578961 578967 578972 578977 578982 578988 579001 579030 579038 579052
579054 579077 579081 579085 579120 579128 579140 579156 579169 579192
579202 579204 579214 579249 579256 579259 579264 579275 579291 579305
579315 579341 579345 579352 579370 579378 579392 579403 579407 579423
579432 579449 579461 579502 579514 579515 579519 579549 579554 579558
579562 579563 579564 579578 579579 579588 579595 579616 579617 579631
579637 579656 579661 579681 579684 579709 579717 579732 579733 579736
579746 579751 579761 579773 579784 579806 579812 579826 579851 579867
579883 579903 579911 579913 579914 579936 579949 579969 579973 579984
580005 580007 580017 580027 580031 580033 580035 580042 580044 580054
580056 580066 580070 580076 580083 580105 580108 580127 580131 580135
580136 580144 580174 580189 580192 580198 580239 580265 580287 580290
580298 580302 580309 580311 580320 580335 580339 580341 580383 580403
580406 580439 580451 580461 580483 580487 580505 580531 580534 580537
580549 580572 580576 580597 580605 580613 580621 580623 580626 580648
580673 580685 580695 580698 580727 580749 580774 580788 580802 580805
580826 580837 580839 580863 580880 580893 580917 580925 580930 580940
580966 580974 580980 580987 580992 580996 581009 581023 581031 581047
581048 581061 581075 581077 581080 581095 581098 581114 581136 581141
581162 581165 581170 581176 581199 581217 581219 581229 581239 581243
581260 581274 581282 581284 581286 581289 581290 581294 581303 581331
581333 581334 581345 581352 581391 581393 581400 581424 581426 581428
581432 581439 581443 581458 581461 581474 581477 581493 581505 581515
581517 581519 581534 581552 581565 581572 581584 581598 581599 581600
581602 581606 581614 581617 581625 581626 581633 581634 581640 581659
581660 581670 581679 581704 581707 581708 581743 581756 581761 581764
581778 581788 581800 581801 581806 581819 581823 581827 581843 581882
581886 581908 581910 581913 581918 581919 581920 581924 581930 581933
581950 581960 581995 582019 582052 582053 582062 582075 582123 582129
582137 582139 582154 582166 582182 582202 582207 582209 582213 582216
582218 582232 582241 582249 582250 582259 582264 582271 582276 582294
582318 582319 582340 582343 582347 582352 582372 582378 582380 582393
582395 582397 582407 582427 582428 582437 582438 582450 582451 582453
582455 582467 582474 582520 582523 582525 582547 582559 582575 582601
582605 582608 582609 582631 582641 582656 582663 582665 582668 582671
582673 582688 582691 582700 582723 582729 582731 582733 582742 582743
582768 582771 582776 582778 582781 582802 582814 582817 582821 582840
582842 582846 582856 582864 582867 582882 582883 582886 582888 582892
582899 582911 582927 582932 582944 582967 582972 582980 582993 582998
583002 583032 583046 583047 583049 583050 583064 583068 583084 583092
583097 583104 583108 583109 583110 583117 583123 583139 583149 583150
583166 583202 583211 583215 583217 583218 583219 583261 583263 583270
583272 583274 583278 583286 583290 583292 583305 583309 583310 583311
583313 583315 583330 583355 583363 583364 583379 583382 583406 583414
583428 583432 583434 583447 583454 583455 583461 583470 583490 583529
583555 583561 583582 583587 583597 583627 583634 583642 583645 583647
583648 583669 583681 583697 583707 583727 583749 583753 583773 583780
583781 583783 583784 583792 583797 583798 583808 583809 583810 583824
583833 583839 583842 583847 583876 583878 583886 583901 583904 583914
583929 583930 583938 583939 583943 583964 583968 583987 584031 584038
584045 584054 584058 584065 584072 584084 584089 584108 584111 584114
584122 584129 584150 584154 584174 584186 584188 584189 584203 584264
584270 584278 584287 584297 584308 584320 584323 584336 584344 584354
584356 584396 584397 584399 584401 584409 584410 584412 584418 584421
584440 584472 584491 584499 584506 584511 584520 584541 584544 584551
584554 584560 584563 584614 584630 584636 584650 584651 584667 584687
584697 584704 584721 584724 584732 584738 584746 584762 584771 584788
584794 584798 584802 584803 584804 584806 584812 584816 584823 584831
584835 584840 584841 584852 584853 584869 584894 584898 584908 584912
584918 584920 584924 584954 584961 584963 584968 584994 584999 585015
585024 585037 585046 585058 585061 585063 585078 585089 585118 585120
585126 585150 585168 585173 585177 585197 585202 585204 585213 585219
585225 585236 585265 585269 585286 585291 585308 585313 585351 585357
585373 585378 585381 585385 585413 585436 585438 585451 585452 585453
585459 585475 585483 585495 585520 585524 585530 585540 585544 585548
585551 585553 585562 585564 585567 585581 585591 585606 585607 585608
585615 585620 585623 585645 585657 585665 585683 585684 585697 585703
585711 585724 585727 585734 585746 585761 585769 585795 585798 585808
585815 585822 585828 585840 585848 585849 585854 585866 585872 585879
585880 585895 585900 585919 585923 585933 585937 585945 585955 585978
585983 585984 585998 585999 586020 586021 586023 586043 586046 586047
586048 586057 586061 586101 586110 586139 586145 586146 586161 586172
586227 586239 586255 586259 586265 586269 586270 586272 586281 586314
586317 586329 586334 586338 586356 586358 586359 586363 586395 586396
586416 586418 586444 586445 586454 586456 586473 586481 586485 586486
586487 586500 586519 586526 586537 586541 586548 586559 586560 586575
586579 586605 586616 586617 586619 586626 586631 586634 586640 586641
586669 586682 586689 586705 586711 586744 586751 586759 586760 586771
586782 586788 586804 586813 586814 586820 586827 586830 586831 586837
586839 586840 586841 586855 586858 586871 586883 586894 586903 586945
586949 586951 586959 586971 586974 586983 586997 587039 587069 587070
587072 587083 587088 587095 587099 587101 587102 587105 587112 587113
587117 587118 587121 587133 587143 587151 587159 587178 587182 587183
587197 587199 587218 587226 587235 587236 587237 587254 587256 587257
587261 587273 587287 587289 587290 587305 587324 587327 587331 587336
587354 587370 587376 587383 587384 587391 587400 587410 587415 587416
587420 587424 587435 587437 587439 587441 587445 587449 587456 587472
587474 587486 587498 587503 587504 587520 587521 587545 587564 587573
587576 587606 587657 587663 587664 587670 587675 587679 587683 587703
587706 587707 587720 587731 587743 587744 587746 587760 587763 587769
587775 587823 587827 587830 587833 587838 587855 587857 587866 587872
587894 587901 587914 587918 587927 587933 587962 587965 587981 587990
587997 587998 588003 588014 588026 588059 588066 588114 588123 588133
588136 588148 588150 588154 588176 588180 588187 588211 588218 588237
588246 588256 588260 588282 588294 588299 588304 588307 588311 588315
588326 588339 588342 588345 588413 588416 588427 588433 588434 588441
588473 588477 588485 588495 588501 588512 588525 588534 588558 588570
588578 588580 588593 588597 588612 588624 588649 588652 588669 588678
588690 588691 588692 588699 588713 588716 588724 588730 588756 588764
588768 588787 588789 588806 588814 588818 588826 588830 588832 588833
588839 588867 588875 588881 588884 588906 588914 588918 588920 588928
588930 588932 588939 588954 588955 588962 588990 589009 589012 589013
589027 589031 589040 589057 589062 589063 589069 589073 589076 589084
589090 589093 589101 589111 589112 589113 589114 589130 589131 589156
589164 589189 589199 589201 589232 589250 589270 589275 589280 589290
589293 589297 589300 589308 589328 589344 589347 589376 589378 589379
589386 589407 589414 589416 589417 589424 589427 589440 589445 589446
589462 589484 589502 589503 589507 589510 589518 589521 589524 589528
589533 589539 589546 589552 589554 589562 589568 589600 589605 589616
589636 589657 589664 589676 589685 589691 589707 589712 589726 589731
589735 589738 589743 589746 589749 589751 589757 589766 589768 589770
589775 589781 589794 589799 589804 589818 589837 589860 589865 589866
589870 589884 589885 589899 589900 589902 589909 589936 589940 589953
589964 589970 589974 589975 589978 589989 590001 590002 590012 590015
590033 590050 590053 590057 590099 590117 590124 590145 590170 590181
590190 590194 590204 590209 590240 590242 590251 590252 590254 590256
590267 590268 590273 590288 590296 590306 590310 590316 590324 590341
590350 590368 590382 590391 590395 590396 590410 590413 590422 590447
590463 590467 590473 590477 590480 590482 590500 590503 590518 590519
590520 590522 590529 590531 590534 590544 590574 590593 590624 590627
590631 590638 590653 590675 590685 590701 590706 590707 590715 590719
590723 590729 590732 590764 590771 590780 590789 590811 590830 590864
590869 590880 590886 590891 590897 590910 590911 590933 590942 590947
590953 590956 590963 590983 590985 590990 590999 591001 591016 591021
591036 591048 591052 591062 591074 591075 591081 591085 591087 591090
591094 591100 591105 591108 591110 591119 591150 591175 591208 591220
591222 591232 591241 591249 591250 591252 591253 591255 591257 591258
591259 591260 591294 591300 591304 591314 591324 591333 591348 591355
591390 591411 591413 591414 591424 591440 591443 591446 591449 591455
591458 591477 591480 591481 591529 591532 591568 591584 591586 591593
591608 591615 591643 591653 591655 591663 591670 591688 591696 591704
591721 591723 591731 591745 591749 591764 591779 591784 591790 591792
591793 591812 591830 591856 591858 591873 591879 591891 591898 591900
591909 591924 591925 591940 591943 591954 591956 591960 591963 592006
592009 592016 592031 592035 592037 592044 592061 592085 592087 592093
592094 592096 592099 592101 592104 592128 592146 592147 592151 592179
592186 592202 592247 592249 592254 592256 592259 592262 592265 592289
592299 592313 592330 592345 592354 592370 592378 592381 592387 592403
592406 592419 592432 592447 592452 592455 592465 592468 592469 592477
592499 592503 592512 592516 592521 592525 592532 592533 592548 592563
592599 592600 592602 592610 592613 592635 592636 592640 592655 592675
592709 592714 592730 592736 592739 592758 592763 592766 592768 592770
592772 592780 592787 592798 592806 592813 592815 592831 592832 592838
592846 592863 592870 592876 592885 592887 592889 592892 592899 592901
592904 592915 592917 592919 592927 592942 592986 592989 593001 593030
593043 593044 593069 593080 593092 593095 593101 593120 593147 593151
593155 593164 593168 593177 593190 593209 593213 593222 593228 593233
593235 593241 593249 593259 593265 593280 593282 593307 593309 593318
593325 593326 593330 593346 593348 593353 593359 593382 593386 593387
593404 593408 593409 593417 593435 593447 593458 593460 593474 593483
593484 593509 593510 593519 593525 593538 593541 593561 593562 593572
593573 593576 593587 593599 593605 593624 593633 593638 593656 593665
593678 593683 593690 593700 593703 593723 593726 593733 593764 593765
593767 593778 593797 593809 593823 593825 593826 593853 593860 593872
593873 593878 593883 593885 593892 593897 593898 593907 593918 593920
593924 593928 593934 593935 593936 593963 593980 594009 594010 594013
594016 594035 594042 594045 594054 594063 594071 594074 594076 594078
594083 594092 594094 594097 594113 594116 594126 594136 594141 594143
594172 594176 594184 594189 594199 594203 594208 594210 594214 594222
594229 594234 594241 594254 594288 594294 594304 594310 594317 594350
594352 594358 594359 594370 594371 594386 594389 594417 594430 594434
594446 594447 594452 594466 594475 594488 594491 594500 594501 594517
594529 594566 594567 594572 594576 594577 594588 594590 594592 594593
594594 594617 594628 594633 594648 594653 594664 594673 594678 594681
594690 594698 594713 594720 594725 594726 594740 594750 594754 594755
594757 594760 594766 594774 594779 594780 594782 594787 594795 594797
594798 594802 594818 594829 594832 594841 594856 594864 594870 594892
594912 594929 594933 594944 594947 594952 594961 594963 594987 594995
595008 595018 595028 595030 595037 595056 595058 595062 595064 595071
595078 595094 595095 595098 595114 595119 595140 595142 595149 595150
595152 595157 595169 595175 595182 595189 595193 595195 595221 595227
595237 595240 595242 595261 595264 595285 595291 595294 595314 595319
595321 595323 595336 595352 595356 595357 595365 595366 595371 595378
595382 595423 595430 595434 595437 595439 595444 595446 595460 595468
595482 595483 595485 595490 595492 595505 595508 595517 595529 595540
595547 595549 595555 595581 595583 595585 595611 595612 595621 595627
595645 595648 595698 595704 595706 595716 595724 595727 595736 595737
595742 595751 595752 595760 595763 595770 595779 595785 595801 595830
595838 595843 595866 595873 595897 595901 595903 595909 595914 595919
595925 595936 595938 595940 595941 595944 595959 595960 595967 595969
595975 595977 595996 596005 596008 596016 596045 596055 596066 596087
596088 596090 596100 596105 596107 596117 596120 596125 596143 596160
596189 596207 596209 596214 596218 596235 596242 596252 596254 596263
596264 596273 596281 596285 596287 596313 596320 596322 596327 596328
596333 596338 596340 596345 596352 596357 596367 596380 596398 596401
596402 596406 596411 596422 596444 596456 596470 596487 596493 596499
596501 596509 596528 596537 596568 596571 596575 596582 596593 596604
596605 596606 596615 596621 596630 596632 596654 596660 596665 596683
596697 596701 596707 596710 596713 596716 596717 596729 596737 596750
596756 596757 596760 596768 596774 596779 596797 596812 596827 596835
596836 596838 596840 596862 596863 596871 596891 596905 596912 596913
596931 596939 596946 596954 596959 596964 596977 597008 597010 597014
597020 597023 597031 597043 597060 597063 597075 597096 597109 597127
597134 597135 597140 597159 597165 597183 597233 597234 597236 597245
597251 597256 597270 597277 597283 597288 597289 597308 597315 597316
597337 597356 597377 597384 597388 597400 597404 597416 597426 597433
597447 597460 597466 597478 597484 597485 597499 597526 597544 597550
597553 597556 597587 597594 597598 597602 597612 597625 597650 597659
597666 597672 597674 597692 597698 597713 597740 597743 597749 597756
597763 597764 597768 597776 597780 597784 597785 597788 597797 597803
597809 597816 597819 597825 597850 597856 597859 597860 597868 597906
597927 597935 597938 597942 597952 597958 597967 597970 597981 597995
597998 597999 598006 598012 598091 598092 598095 598126 598136 598142
598164 598166 598180 598199 598203 598215 598264 598265 598267 598312
598313 598316 598324 598333 598336 598337 598349 598350 598358 598360
598362 598371 598378 598402 598418 598430 598434 598437 598444 598462
598496 598501 598503 598505 598529 598533 598535 598539 598556 598589
598592 598597 598622 598651 598653 598663 598673 598674 598684 598689
598703 598718 598721 598725 598732 598749 598750 598751 598757 598761
598762 598763 598771 598781 598791 598800 598819 598848 598858 598889
598891 598896 598899 598907 598908 598913 598917 598921 598926 598929
598934 598945 598952 598963 598978 599012 599018 599026 599035 599038
599056 599059 599061 599073 599088 599106 599129 599132 599143 599149
599152 599163 599185 599187 599189 599193 599194 599219 599220 599222
599232 599251 599261 599267 599271 599291 599297 599315 599319 599327
599344 599369 599370 599380 599389 599411 599432 599457 599486 599492
599502 599505 599511 599517 599519 599537 599540 599551 599556 599578
599584 599586 599596 599597 599599 599600 599611 599628 599633 599646
599649 599671 599721 599723 599739 599745 599746 599777 599792 599795
599808 599829 599846 599852 599854 599860 599869 599877 599883 599911
599918 599919 599927 599931 599933 599939 599941 599944 599963 599964
599968 599991 600006 600013 600036 600058 600069 600087 600108 600111
600130 600135 600150 600156 600188 600194 600198 600201 600214 600215
600217 600243 600246 600254 600260 600262 600264 600271 600280 600305
600310 600316 600323 600346 600361 600363 600367 600380 600382 600399
600404 600408 600410 600412 600428 600437 600438 600445 600455 600457
600462 600470 600487 600489 600503 600514 600533 600559 600570 600580
600606 600613 600615 600629 600643 600653 600657 600666 600669 600674
600695 600701 600713 600718 600720 600722 600723 600728 600729 600731
600740 600755 600759 600761 600768 600782 600783 600785 600787 600807
600818 600830 600836 600839 600840 600846 600853 600856 600890 600895
600896 600902 600903 600912 600917 600918 600933 600969 600973 600974
600977 600982 601032 601065 601067 601070 601072 601077 601109 601134
601153 601159 601164 601174 601185 601186 601201 601206 601222 601230
601235 601239 601242 601252 601263 601265 601271 601294 601313 601334
601338 601341 601362 601387 601390 601404 601405 601415 601429 601447
601451 601463 601471 601475 601476 601492 601498 601525 601534 601549
601550 601558 601575 601638 601644 601659 601671 601685 601687 601689
601710 601715 601745 601763 601765 601796 601798 601800 601803 601831
601832 601836 601853 601865 601867 601876 601885 601892 601904 601907
601920 601934 601937 601948 601972 601993 602001 602004 602025 602035
602037 602040 602041 602046 602052 602053 602060 602062 602079 602087
602090 602091 602094 602104 602110 602120 602175 602189 602198 602205
602210 602223 602231 602265 602269 602308 602311 602314 602315 602330
602334 602336 602344 602346 602347 602397 602398 602403 602404 602413
602421 602429 602458 602466 602468 602471 602475 602487 602498 602510
602512 602514 602521 602526 602529 602531 602536 602538 602540 602545
602546 602549 602550 602552 602559 602566 602583 602603 602608 602618
602655 602685 602686 602713 602738 602776 602787 602792 602802 602819
602827 602840 602842 602853 602860 602870 602877 602879 602883 602892
602905 602913 602915 602918 602933 602940 602949 602957 602962 602966
602974 603014 603026 603059 603065 603067 603071 603072 603081 603090
603091 603094 603104 603119 603152 603161 603164 603169 603183 603184
603187 603233 603236 603243 603247 603257 603261 603265 603269 603280
603288 603298 603333 603352 603360 603361 603368 603373 603375 603376
603381 603384 603386 603388 603395 603411 603435 603437 603454 603463
603467 603489 603498 603501 603516 603527 603530 603536 603537 603568
603578 603609 603616 603619 603624 603639 603643 603645 603648 603663
603678 603691 603699 603702 603721 603723 603732 603750 603751 603762
603772 603776 603780 603786 603789 603796 603800 603812 603820 603823
603824 603830 603834 603845 603852 603853 603857 603861 603864 603870
603872 603874 603876 603896 603917 603935 603938 603944 603964 603970
603991 603993 604006 604056 604075 604076 604108 604128 604129 604136
604142 604170 604180 604185 604192 604199 604201 604209 604211 604212
604217 604218 604220 604238 604239 604257 604277 604283 604288 604304
604309 604310 604318 604332 604337 604338 604357 604369 604377 604379
604383 604424 604439 604448 604462 604463 604477 604496 604511 604528
604534 604555 604576 604578 604579 604584 604586 604592 604600 604606
604615 604617 604625 604651 604654 604665 604666 604668 604671 604674
604676 604677 604684 604699 604702 604721 604727 604746 604757 604774
604785 604794 604798 604806 604807 604826 604836 604844 604852 604857
604868 604877 604879 604889 604890 604913 604914 604922 604924 604930
604952 604959 604960 604965 604969 604979 604989 605017 605035 605041
605044 605047 605052 605062 605066 605074 605092 605093 605118 605123
605134 605135 605146 605160 605169 605194 605195 605197 605199 605200
605204 605211 605215 605227 605231 605261 605267 605268 605298 605303
605305 605325 605336 605342 605364 605376 605379 605387 605399 605407
605453 605469 605471 605486 605506 605512 605520 605521 605530 605533
605540 605549 605552 605566 605643 605661 605670 605672 605674 605675
605694 605699 605706 605707 605719 605721 605733 605739 605759 605782
605789 605796 605815 605831 605835 605836 605839 605843 605854 605870
605883 605893 605896 605899 605910 605913 605939 605976 605985 605995
606008 606011 606012 606028 606041 606054 606055 606060 606071 606081
606085 606090 606095 606099 606123 606130 606143 606150 606168 606171
606208 606218 606223 606229 606236 606244 606255 606261 606265 606267
606271 606281 606306 606312 606325 606371 606385 606404 606415 606418
606424 606430 606462 606481 606491 606498 606500 606507 606519 606521
606524 606528 606538 606543 606551 606552 606554 606559 606565 606576
606579 606588 606609 606614 606624 606628 606636 606638 606642 606680
606683 606691 606693 606697 606703 606710 606717 606728 606729 606753
606754 606790 606801 606802 606816 606819 606826 606861 606890 606902
606904 606909 606915 606922 606923 606927 606939 606963 606964 606968
606972 606983 606987 606989 607003 607004 607006 607010 607039 607043
607046 607053 607060 607066 607068 607077 607095 607102 607105 607111
607118 607132 607146 607158 607161 607164 607194 607207 607215 607220
607228 607232 607239 607246 607253 607255 607271 607273 607286 607298
607317 607331 607345 607355 607358 607372 607390 607397 607425 607436
607437 607439 607449 607451 607453 607478 607493 607495 607506 607510
607511 607529 607530 607534 607538 607553 607558 607563 607569 607574
607600 607607 607618 607620 607636 607647 607651 607671 607683 607699
607704 607722 607726 607734 607746 607751 607759 607761 607762 607775
607783 607792 607793 607801 607810 607851 607863 607864 607866 607898
607899 607924 607941 607949 607984 607998 608012 608030 608033 608037
608050 608063 608068 608069 608079 608086 608101 608104 608111 608115
608139 608169 608197 608212 608214 608221 608223 608225 608232 608238
608242 608244 608249 608261 608263 608269 608306 608324 608327 608354
608360 608370 608377 608382 608386 608401 608405 608414 608435 608441
608444 608453 608459 608474 608479 608528 608548 608555 608556 608560
608570 608600 608603 608618 608623 608627 608642 608657 608659 608688
608691 608696 608705 608707 608716 608735 608737 608749 608750 608753
608755 608766 608780 608805 608814 608859 608861 608866 608891 608899
608913 608928 608961 608985 608993 609000 609001 609003 609014 609017
609030 609077 609080 609082 609084 609091 609094 609116 609121 609131
609144 609182 609186 609196 609221 609228 609229 609234 609249 609250
609258 609268 609276 609281 609282 609294 609306 609317 609340 609370
609371 609379 609388 609391 609404 609407 609421 609486 609501 609533
609545 609549 609577 609580 609582 609586 609602 609606 609642 609647
609652 609675 609685 609687 609690 609705 609716 609729 609764 609769
609777 609808 609834 609839 609857 609863 609865 609882 609892 609916
609923 609939 609961 609984 609991 609994 609995 610018 610024 610033
610039 610072 610073 610083 610084 610087 610089 610129 610131 610145
610164 610180 610201 610210 610216 610217 610224 610232 610237 610240
610241 610244 610246 610254 610259 610264 610280 610305 610323 610329
610335 610342 610345 610371 610378 610386 610388 610403 610430 610431
610432 610433 610435 610438 610442 610445 610452 610457 610458 610465
610469 610481 610495 610499 610518 610537 610550 610552 610579 610601
610602 610603 610605 610606 610613 610619 610622 610626 610635 610652
610675 610691 610692 610705 610716 610717 610720 610725 610726 610730
610736 610740 610741 610744 610746 610753 610759 610767 610786 610797
610809 610824 610848 610850 610851 610854 610857 610892 610896 610897
610901 610942 610944 610979 610985 611012 611026 611031 611041 611042
611050 611066 611075 611084 611093 611097 611102 611119 611121 611134
611138 611141 611159 611169 611172 611174 611175 611186 611189 611201
611203 611221 611227 611237 611242 611253 611255 611258 611265 611267
611268 611277 611282 611286 611294 611307 611308 611328 611334 611361
611362 611363 611385 611390 611395 611396 611406 611411 611416 611423
611434 611435 611440 611457 611475 611481 611493 611495 611518 611524
611536 611552 611561 611564 611570 611578 611585 611594 611646 611652
611662 611687 611694 611699 611705 611709 611711 611720 611735 611758
611773 611797 611798 611804 611811 611812 611837 611843 611862 611865
611870 611872 611873 611876 611877 611886 611888 611898 611903 611913
611914 611926 611928 611938 611940 611941 611944 611945 611969 611977
611990 611999 612010 612011 612016 612019 612021 612027 612037 612039
612049 612058 612061 612063 612079 612093 612095 612102 612132 612161
612166 612175 612178 612187 612188 612189 612202 612232 612259 612270
612291 612297 612332 612344 612358 612367 612370 612371 612372 612380
612416 612460 612484 612487 612489 612502 612514 612515 612526 612567
612570 612589 612590 612591 612595 612606 612607 612622 612624 612628
612636 612637 612639 612660 612661 612671 612685 612689 612703 612716
612718 612719 612732 612737 612754 612760 612761 612763 612777 612783
612790 612791 612792 612822 612833 612834 612835 612836 612839 612842
612847 612860 612878 612888 612893 612895 612898 612900 612903 612920
612936 612957 612965 612972 612980 612984 612987 612997 612998 613001
613012 613013 613017 613023 613026 613037 613038 613049 613053 613057
613072 613094 613105 613127 613129 613131 613150 613156 613187 613188
613189 613193 613223 613235 613241 613258 613266 613267 613281 613287
613296 613315 613316 613325 613341 613345 613352 613381 613383 613394
613401 613408 613423 613461 613469 613487 613489 613499 613505 613524
613529 613533 613545 613548 613598 613601 613610 613631 613644 613663
613668 613673 613686 613703 613704 613729 613745 613753 613758 613767
613769 613773 613775 613779 613783 613791 613792 613802 613816 613825
613827 613828 613829 613858 613869 613873 613876 613891 613895 613898
613900 613909 613918 613922 613932 613954 613959 613964 613973 613987
613990 613993 613998 614010 614014 614027 614036 614052 614054 614055
614097 614106 614114 614116 614126 614127 614139 614160 614168 614171
614174 614176 614179 614197 614208 614209 614213 614238 614275 614299
614309 614317 614330 614333 614343 614345 614360 614362 614370 614375
614406 614421 614428 614443 614451 614455 614468 614478 614479 614492
614493 614506 614508 614509 614513 614521 614524 614525 614545 614549
614564 614566 614575 614578 614585 614589 614592 614602 614604 614611
614637 614639 614640 614644 614652 614661 614663 614674 614676 614695
614696 614728 614744 614747 614752 614753 614761 614771 614790 614801
614825 614826 614850 614855 614861 614868 614877 614886 614895 614904
614916 614919 614920 614925 614969 614977 615005 615006 615008 615023
615026 615029 615036 615044 615051 615060 615067 615074 615095 615101
615103 615106 615109 615126 615136 615161 615177 615182 615188 615189
615191 615213 615218 615222 615230 615238 615280 615290 615302 615306
615319 615323 615336 615341 615344 615349 615350 615383 615386 615404
615418 615428 615441 615450 615454 615463 615482 615483 615491 615519
615531 615571 615576 615580 615593 615621 615646 615659 615705 615708
615735 615757 615768 615781 615819 615843 615870 615875 615876 615882
615890 615892 615896 615927 615943 615964 615968 615969 615975 615982
615996 616080 616082 616090 616093 616094 616125 616140 616142 616151
616170 616189 616198 616205 616212 616215 616217 616225 616230 616254
616261 616266 616268 616274 616284 616296 616308 616309 616316 616326
616333 616343 616345 616358 616371 616380 616381 616396 616411 616414
616416 616432 616434 616449 616452 616488 616493 616496 616504 616513
616518 616521 616533 616534 616536 616541 616544 616559 616578 616579
616592 616593 616603 616623 616635 616650 616661 616664 616681 616698
616716 616730 616736 616757 616771 616773 616790 616801 616851 616853
616861 616875 616876 616884 616888 616890 616893 616898 616910 616912
616913 616915 616916 616917 616937 616944 616954 616961 616977 616979
616993 617006 617009 617016 617034 617047 617101 617105 617114 617129
617130 617131 617136 617137 617142 617150 617157 617173 617186 617191
617192 617208 617221 617225 617254 617255 617258 617268 617292 617293
617310 617331 617333 617334 617349 617358 617361 617369 617370 617371
617375 617379 617388 617389 617394 617401 617413 617416 617417 617418
617467 617469 617470 617481 617521 617538 617547 617576 617597 617603
617607 617610 617612 617617 617619 617621 617631 617634 617637 617641
617649 617668 617682 617683 617689 617693 617694 617696 617699 617700
617706 617713 617722 617727 617760 617764 617788 617808 617811 617813
617819 617826 617834 617838 617851 617858 617872 617875 617878 617888
617919 617924 617931 617942 617970 617974 617981 617982 617987 617992
617994 617999 618027 618030 618038 618048 618050 618053 618055 618061
618085 618095 618096 618101 618121 618130 618138 618146 618148 618159
618185 618189 618207 618224 618230 618245 618252 618261 618282 618288
618319 618321 618324 618330 618342 618345 618350 618356 618358 618367
618377 618386 618389 618395 618397 618405 618430 618438 618441 618456
618461 618466 618468 618474 618479 618483 618527 618543 618550 618553
618556 618588 618610 618627 618659 618695 618703 618706 618722 618739
618740 618745 618761 618771 618783 618787 618788 618792 618797 618813
618819 618820 618822 618823 618834 618842 618863 618876 618881 618882
618895 618908 618914 618919 618926 618959 618975 618987 618990 618998
619024 619030 619065 619069 619073 619077 619079 619088 619093 619098
619115 619131 619191 619201 619204 619205 619208 619212 619231 619241
619273 619282 619284 619290 619292 619301 619303 619306 619311 619317
619353 619379 619380 619399 619425 619451 619457 619472 619479 619482
619499 619502 619509 619519 619522 619524 619525 619533 619535 619548
619555 619556 619567 619579 619584 619597 619602 619606 619607 619615
619636 619642 619663 619673 619674 619676 619694 619720 619735 619736
619742 619753 619756 619768 619781 619805 619808 619809 619812 619816
619826 619832 619841 619858 619910 619940 619949 619982 620001 620004
620025 620041 620054 620055 620074 620098 620126 620130 620132 620153
620171 620174 620177 620198 620208 620209 620223 620234 620256 620274
620276 620283 620290 620297 620299 620320 620325 620349 620356 620367
620370 620371 620383 620385 620424 620427 620434 620440 620445 620448
620452 620466 620472 620504 620525 620526 620529 620530 620532 620534
620568 620575 620589 620593 620600 620606 620611 620617 620623 620636
620658 620681 620684 620698 620717 620719 620734 620760 620774 620777
620778 620785 620788 620801 620811 620839 620863 620882 620886 620888
620889 620891 620900 620906 620908 620921 620927 620943 620951 620976
620990 621012 621014 621015 621018 621022 621034 621081 621102 621109
621123 621137 621144 621148 621152 621160 621161 621171 621178 621184
621186 621189 621222 621226 621237 621262 621309 621324 621365 621380
621385 621396 621417 621427 621445 621456 621459 621460 621468 621471
621483 621489 621502 621506 621507 621518 621522 621523 621531 621555
621556 621563 621569 621584 621643 621648 621651 621653 621669 621673
621677 621687 621689 621691 621696 621698 621700 621709 621716 621743
621744 621748 621757 621767 621770 621780 621781 621785 621788 621790
621798 621802 621809 621821 621823 621825 621827 621832 621835 621846
621860 621884 621893 621896 621903 621904 621905 621907 621914 621947
621965 622001 622003 622006 622013 622024 622035 622047 622057 622066
622072 622084 622096 622097 622107 622114 622123 622129 622134 622162
622170 622171 622187 622200 622201 622223 622226 622246 622261 622276
622278 622280 622308 622317 622328 622329 622351 622366 622378 622408
622417 622428 622431 622436 622462 622466 622468 622473 622481 622518
622524 622529 622534 622535 622539 622545 622551 622564 622568 622578
622589 622592 622593 622600 622622 622627 622634 622648 622667 622677
622693 622695 622699 622700 622708 622716 622721 622722 622723 622732
622764 622780 622782 622786 622799 622802 622817 622843 622844 622881
622898 622906 622910 622914 622952 622972 622974 622981 622991 622999
623004 623013 623027 623032 623040 623063 623077 623088 623091 623107
623119 623135 623153 623156 623158 623166 623168 623206 623212 623219
623220 623243 623249 623286 623308 623315 623323 623329 623334 623337
623349 623365 623367 623385 623390 623412 623431 623446 623451 623467
623499 623507 623534 623554 623570 623584 623603 623611 623646 623683
623696 623711 623722 623723 623726 623729 623734 623744 623769 623778
623816 623822 623826 623836 623856 623867 623868 623869 623888 623896
623903 623924 623928 623945 623953 623957 623962 623976 623983 623996
624020 624034 624064 624073 624083 624094 624099 624105 624124 624154
624156 624175 624179 624185 624186 624209 624210 624211 624212 624224
624227 624238 624252 624259 624260 624280 624308 624323 624330 624332
624334 624359 624374 624380 624382 624394 624410 624412 624419 624420
624421 624429 624432 624473 624490 624505 624519 624526 624548 624550
624592 624594 624604 624631 624645 624649 624653 624659 624662 624670
624681 624697 624729 624735 624743 624748 624752 624758 624759 624760
624766 624782 624789 624808 624824 624833 624841 624843 624844 624871
624873 624878 624884 624891 624903 624918 624934 624942 624955 624962
624964 624978 624984 625007 625014 625030 625032 625036 625040 625041
625048 625061 625063 625066 625069 625076 625078 625084 625112 625113
625125 625136 625144 625155 625156 625173 625174 625180 625197 625198
625200 625218 625220 625221 625226 625233 625274 625280 625293 625295
625299 625301 625312 625326 625328 625332 625352 625366 625377 625390
625440 625442 625449 625468 625471 625477 625493 625497 625510 625518
625529 625535 625549 625550 625582 625587 625598 625601 625602 625603
625624 625633 625651 625658 625680 625724 625732 625741 625742 625748
625767 625774 625775 625824 625826 625827 625847 625884 625890 625898
625910 625912 625937 625938 625940 625956 625959 625962 625975 625981
625986 626003 626008 626022 626026 626031 626038 626042 626050 626058
626063 626078 626082 626086 626087 626090 626101 626104 626113 626133
626135 626151 626170 626172 626190 626191 626197 626201 626203 626231
626234 626241 626243 626247 626249 626253 626255 626276 626293 626296
626301 626303 626306 626314 626330 626333 626340 626342 626350 626367
626375 626376 626378 626383 626393 626400 626435 626436 626440 626441
626450 626466 626470 626479 626501 626502 626504 626513 626514 626518
626520 626523 626536 626538 626539 626550 626565 626575 626625 626634
626641 626643 626645 626652 626653 626656 626686 626691 626721 626727
626738 626742 626750 626756 626762 626767 626785 626787 626797 626806
626811 626821 626840 626869 626871 626877 626878 626883 626951 626957
626971 626978 626981 627000 627005 627009 627025 627029 627043 627067
627073 627093 627099 627119 627125 627142 627147 627184 627203 627206
627209 627229 627234 627262 627270 627271 627275 627277 627287 627295
627296 627303 627308 627319 627322 627351 627352 627360 627379 627381
627382 627394 627400 627402 627407 627408 627418 627419 627438 627447
627460 627474 627480 627539 627549 627555 627568 627570 627572 627586
627590 627593 627595 627602 627606 627619 627621 627622 627635 627673
627690 627696 627697 627718 627723 627734 627736 627751 627759 627766
627772 627780 627784 627804 627814 627817 627819 627826 627828 627832
627833 627835 627847 627858 627861 627870 627890 627891 627897 627916
627938 627945 627950 627960 627978 627981 627986 627987 627997 627998
628000 628037 628053 628064 628067 628074 628091 628098 628113 628118
628119 628140 628150 628154 628164 628192 628197 628207 628212 628218
628222 628226 628227 628231 628235 628239 628260 628261 628287 628306
628311 628319 628327 628369 628375 628378 628393 628395 628403 628420
628423 628432 628444 628451 628461 628467 628474 628491 628510 628511
628514 628517 628523 628527 628530 628553 628571 628574 628583 628604
628609 628612 628615 628618 628619 628648 628652 628655 628663 628668
628672 628693 628695 628712 628734 628749 628758 628770 628775 628779
628782 628802 628803 628807 628818 628820 628841 628846 628847 628859
628860 628862 628882 628887 628894 628895 628903 628910 628928 628931
628944 628949 628956 628962 628984 628988 628995 629006 629018 629029
629032 629034 629037 629040 629045 629049 629051 629077 629097 629121
629126 629139 629179 629182 629194 629203 629205 629219 629237 629245
629257 629274 629287 629289 629297 629307 629318 629319 629323 629328
629332 629336 629352 629367 629384 629390 629391 629402 629413 629426
629429 629431 629439 629465 629480 629481 629488 629498 629500 629509
629510 629519 629525 629535 629552 629554 629558 629567 629574 629594
629595 629613 629618 629619 629621 629630 629634 629636 629657 629658
629671 629686 629690 629696 629699 629713 629731 629734 629753 629755
629758 629766 629770 629803 629808 629809 629812 629814 629816 629835
629849 629870 629877 629892 629896 629907 629914 629932 629983 629989
629993 629994 629995 630014 630016 630040 630056 630064 630071 630089
630106 630109 630128 630140 630143 630150 630188 630192 630203 630209
630218 630221 630224 630233 630240 630243 630246 630250 630255 630265
630268 630276 630288 630294 630300 630301 630305 630307 630311 630314
630318 630332 630344 630349 630374 630403 630411 630425 630439 630441
630444 630445 630449 630456 630462 630466 630469 630488 630507 630533
630544 630548 630551 630559 630567 630646 630661 630673 630717 630721
630727 630728 630736 630763 630769 630777 630785 630790 630794 630798
630809 630815 630824 630829 630846 630858 630897 630910 630918 630933
630937 630942 630946 630954 630963 630964 630980 630984 631000 631046
631053 631067 631075 631076 631078 631083 631085 631088 631089 631093
631097 631098 631100 631110 631112 631122 631150 631164 631168 631184
631202 631207 631211 631213 631222 631233 631239 631258 631265 631282
631289 631293 631300 631308 631316 631324 631327 631335 631365 631373
631379 631380 631383 631385 631393 631397 631415 631419 631420 631423
631436 631442 631446 631456 631462 631467 631472 631485 631486 631489
631491 631495 631499 631511 631519 631533 631540 631541 631578 631579
631583 631584 631591 631604 631611 631616 631617 631618 631619 631646
631648 631653 631662 631671 631675 631686 631718 631720 631734 631739
631748 631751 631770 631783 631784 631787 631789 631805 631807 631811
631820 631829 631832 631843 631876 631878 631882 631904 631913 631914
631917 631919 631921 631928 631934 631952 631963 631984 631990 631998
632007 632039 632066 632077 632085 632088 632102 632103 632111 632113
632117 632133 632136 632143 632166 632170 632174 632183 632192 632195
632214 632252 632257 632258 632290 632306 632321 632360 632367 632385
632410 632416 632419 632420 632427 632445 632454 632474 632476 632488
632510 632523 632524 632525 632531 632538 632540 632542 632549 632562
632563 632573 632574 632594 632622 632632 632637 632647 632648 632670
632674 632697 632718 632719 632725 632733 632760 632769 632795 632802
632811 632826 632832 632843 632867 632890 632892 632901 632910 632918
632929 632933 632938 632940 632946 632958 632960 632966 632977 632978
633020 633026 633036 633037 633041 633051 633092 633101 633104 633113
633119 633135 633176 633189 633201 633207 633209 633211 633218 633237
633264 633270 633286 633293 633297 633316 633319 633335 633351 633386
633388 633393 633396 633411 633423 633427 633439 633443 633452 633462
633477 633480 633481 633497 633503 633527 633538 633539 633581 633613
633626 633637 633647 633658 633660 633662 633668 633681 633684 633685
633705 633709 633710 633713 633716 633726 633732 633739 633746 633749
633752 633754 633758 633764 633768 633777 633786 633787 633789 633792
633812 633824 633830 633839 633855 633863 633865 633868 633878 633896
633902 633918 633922 633924 633927 633951 633952 633960 633964 633970
633986 633999 634000 634003 634010 634041 634042 634044 634052 634054
634064 634073 634078 634080 634112 634129 634133 634137 634141 634153
634157 634158 634160 634185 634191 634194 634199 634232 634235 634249
634258 634262 634270 634274 634280 634281 634288 634292 634346 634352
634355 634357 634358 634366 634371 634399 634401 634406 634429 634435
634436 634441 634442 634450 634479 634516 634518 634538 634539 634547
634552 634557 634559 634583 634587 634607 634616 634624 634631 634639
634656 634659 634662 634669 634681 634693 634713 634714 634726 634728
634739 634742 634743 634766 634790 634813 634814 634815 634829 634831
634839 634841 634842 634849 634852 634853 634893 634896 634898 634901
634913 634922 634931 634941 634949 634950 634952 634999 635009 635031
635048 635068 635077 635103 635139 635142 635153 635158 635167 635176
635211 635220 635255 635258 635259 635267 635281 635285 635291 635293
635304 635311 635331 635332 635355 635364 635370 635371 635392 635393
635394 635396 635397 635405 635419 635438 635461 635476 635489 635496
635511 635515 635517 635520 635529 635538 635546 635549 635555 635559
635565 635585 635587 635590 635602 635603 635616 635623 635638 635651
635658 635659 635671 635677 635693 635695 635696 635722 635737 635759
635771 635798 635815 635819 635832 635836 635838 635844 635853 635856
635862 635874 635876 635889 635892 635902 635961 635989 635997 636016
636018 636024 636029 636033 636034 636048 636055 636077 636093 636104
636112 636115 636128 636132 636143 636144 636160 636176 636178 636182
636207 636214 636215 636233 636238 636239 636242 636254 636267 636276
636306 636313 636319 636330 636336 636346 636349 636356 636361 636373
636392 636394 636425 636440 636456 636458 636464 636470 636478 636488
636505 636513 636522 636527 636528 636537 636541 636566 636576 636586
636601 636618 636639 636641 636650 636659 636673 636685 636690 636694
636696 636703 636742 636751 636762 636769 636787 636804 636806 636827
636833 636837 636851 636876 636877 636880 636882 636899 636904 636910
636912 636947 636959 636972 636979 636992 637000 637005 637006 637022
637029 637040 637054 637057 637075 637076 637082 637088 637092 637097
637098 637105 637119 637123 637126 637128 637130 637138 637169 637188
637192 637205 637245 637253 637269 637282 637293 637318 637321 637322
637325 637339 637344 637372 637377 637378 637381 637382 637385 637386
637404 637434 637481 637507 637518 637562 637565 637575 637585 637592
637595 637610 637622 637626 637628 637632 637637 637648 637658 637660
637672 637678 637680 637687 637693 637708 637709 637751 637776 637786
637807 637828 637829 637842 637848 637855 637859 637860 637868 637870
637877 637891 637910 637914 637916 637920 637925 637931 637934 637936
637948 637953 637954 637957 637960 637964 637969 637970 637975 637977
637990 637991 638001 638006 638013 638015 638018 638024 638037 638046
638060 638061 638067 638081 638092 638095 638115 638123 638124 638126
638127 638132 638159 638168 638183 638229 638231 638233 638238 638256
638265 638269 638283 638285 638288 638295 638300 638312 638316 638323
638346 638355 638358 638360 638364 638365 638367 638373 638381 638382
638394 638411 638422 638428 638436 638438 638457 638467 638485 638494
638505 638521 638546 638566 638577 638584 638599 638624 638627 638628
638639 638643 638660 638677 638682 638697 638714 638715 638729 638733
638734 638759 638761 638762 638777 638780 638791 638793 638840 638852
638868 638926 638943 638960 638961 638967 638973 638983 638987 638995
638999 639014 639015 639051 639060 639076 639084 639088 639102 639105
639106 639136 639144 639147 639160 639200 639207 639208 639214 639215
639255 639264 639281 639284 639288 639291 639294 639297 639306 639338
639365 639398 639406 639414 639423 639425 639435 639451 639459 639468
639476 639477 639492 639495 639515 639532 639548 639559 639567 639575
639578 639583 639585 639592 639602 639618 639623 639626 639637 639640
639644 639671 639675 639682 639695 639716 639726 639728 639752 639764
639775 639781 639793 639799 639800 639820 639821 639825 639831 639839
639840 639844 639914 639922 639936 639939 639940 639968 639983 639987
640024 640039 640045 640048 640074 640079 640103 640108 640112 640123
640132 640139 640147 640170 640176 640204 640222 640252 640276 640296
640301 640309 640316 640320 640324 640325 640329 640338 640339 640346
640355 640356 640383 640394 640395 640400 640411 640417 640421 640437
640438 640441 640443 640460 640462 640470 640491 640499 640503 640504
640527 640535 640548 640555 640565 640566 640569 640574 640581 640587
640601 640608 640630 640634 640635 640638 640647 640654 640659 640662
640676 640683 640689 640702 640708 640751 640752 640755 640779 640782
640787 640789 640805 640809 640810 640811 640817 640825 640838 640846
640847 640854 640857 640864 640869 640872 640873 640882 640914 640929
640956 640958 640965 640981 640992 640997 641024 641028 641030 641055
641064 641068 641069 641120 641125 641138 641164 641169 641197 641242
641265 641279 641287 641298 641309 641319 641323 641334 641337 641340
641344 641348 641357 641375 641377 641380 641398 641416 641417 641440
641457 641459 641469 641482 641489 641495 641496 641502 641507 641512
641513 641528 641529 641541 641551 641556 641566 641573 641582 641586
641587 641591 641593 641599 641611 641652 641657 641659 641663 641667
641682 641695 641712 641716 641730 641731 641740 641742 641749 641760
641763 641780 641792 641814 641816 641845 641848 641851 641864 641873
641875 641876 641884 641894 641922 641936 641942 641959 641975 641996
642006 642035 642043 642053 642065 642078 642081 642084 642106 642108
642127 642129 642130 642131 642149 642154 642162 642174 642177 642182
642184 642185 642193 642198 642203 642204 642206 642209 642216 642219
642244 642270 642278 642281 642287 642289 642294 642297 642307 642330
642331 642334 642341 642360 642369 642373 642381 642386 642389 642394
642422 642425 642429 642431 642452 642469 642473 642490 642515 642544
642571 642580 642602 642618 642620 642623 642626 642634 642640 642644
642669 642675 642695 642703 642707 642714 642716 642737 642756 642764
642770 642774 642820 642834 642864 642875 642900 642901 642945 642961
642973 642987 642989 642994 642998 643006 643023 643026 643040 643080
643083 643084 643088 643091 643122 643123 643163 643175 643178 643182
643191 643199 643206 643216 643222 643226 643228 643233 643242 643251
643254 643293 643294 643296 643303 643314 643318 643334 643335 643340
643341 643343 643351 643352 643364 643366 643371 643392 643412 643413
643414 643415 643429 643434 643438 643439 643443 643445 643473 643502
643510 643519 643525 643545 643546 643550 643554 643560 643579 643582
643588 643590 643608 643609 643619 643622 643637 643648 643650 643688
643702 643733 643734 643746 643751 643775 643791 643796 643809 643815
643826 643837 643843 643848 643850 643853 643859 643875 643886 643902
643904 643905 643907 643910 643913 643915 643922 643924 643930 643934
643950 643953 643957 643963 643974 643981 643987 643991 643997 644005
644008 644013 644029 644030 644032 644038 644044 644055 644063 644067
644079 644089 644093 644100 644106 644111 644112 644124 644140 644149
644151 644166 644182 644183 644202 644203 644219 644220 644234 644246
644247 644249 644250 644255 644260 644262 644267 644285 644287 644289
644294 644308 644344 644375 644376 644379 644393 644395 644398 644412
644415 644432 644436 644440 644451 644472 644476 644506 644519 644525
644530 644536 644549 644552 644557 644604 644608 644613 644614 644617
644620 644624 644629 644660 644679 644692 644699 644711 644712 644713
644718 644725 644734 644736 644747 644751 644764 644769 644771 644777
644789 644810 644813 644851 644855 644862 644880 644901 644906 644913
644948 644950 644967 644975 644983 644990 644997 645006 645012 645018
645037 645042 645053 645069 645080 645092 645101 645102 645113 645128
645133 645144 645155 645159 645164 645169 645198 645205 645208 645216
645218 645236 645239 645243 645247 645259 645268 645271 645285 645304
645306 645320 645329 645369 645380 645384 645385 645386 645416 645423
645425 645432 645442 645468 645486 645500 645502 645505 645511 645514
645519 645528 645586 645606 645629 645640 645643 645646 645652 645660
645665 645685 645691 645697 645699 645704 645713 645716 645718 645730
645734 645741 645751 645764 645767 645768 645779 645791 645792 645840
645879 645882 645894 645895 645907 645908 645923 645924 645952 645955
645957 645964 645973 645982 646004 646016 646029 646062 646070 646072
646080 646094 646095 646108 646115 646133 646136 646145 646150 646155
646174 646187 646189 646199 646205 646207 646214 646218 646221 646242
646243 646255 646270 646276 646284 646303 646327 646328 646351 646366
646367 646370 646382 646389 646396 646411 646417 646451 646456 646459
646460 646470 646505 646523 646524 646526 646531 646535 646544 646545
646554 646559 646563 646577 646581 646591 646601 646613 646617 646618
646622 646637 646665 646669 646671 646694 646696 646705 646708 646720
646725 646742 646752 646761 646771 646774 646779 646789 646826 646845
646848 646850 646879 646880 646881 646899 646900 646901 646913 646915
646923 646947 646950 646954 646961 646979 646988 646990 646995 646996
647000 647002 647004 647010 647020 647031 647040 647044 647051 647052
647057 647059 647066 647071 647073 647087 647117 647137 647139 647141
647150 647158 647162 647174 647182 647194 647195 647207 647211 647215
647218 647221 647228 647230 647236 647238 647249 647250 647253 647262
647275 647277 647279 647282 647290 647300 647331 647335 647350 647352
647373 647375 647391 647412 647423 647425 647435 647438 647451 647466
647472 647477 647480 647496 647499 647507 647511 647518 647547 647562
647569 647570 647580 647605 647611 647630 647631 647634 647636 647645
647648 647654 647662 647676 647684 647687 647697 647699 647704 647720
647732 647733 647738 647749 647766 647769 647775 647800 647823 647831
647861 647864 647865 647875 647894 647907 647911 647912 647914 647919
647921 647923 647926 647932 647948 647965 647970 647975 647979 647985
647996 648013 648019 648027 648039 648040 648047 648056 648061 648074
648078 648084 648100 648114 648135 648161 648167 648177 648182 648202
648211 648220 648241 648249 648267 648269 648273 648282 648283 648296
648315 648327 648357 648359 648373 648377 648383 648399 648401 648406
648420 648430 648433 648454 648456 648457 648479 648488 648492 648498
648499 648506 648513 648528 648541 648550 648557 648560 648562 648566
648585 648588 648590 648599 648617 648628 648639 648651 648671 648676
648690 648703 648708 648709 648713 648714 648715 648717 648718 648732
648736 648741 648751 648780 648783 648788 648792 648794 648808 648809
648811 648818 648821 648827 648829 648855 648881 648900 648901 648907
648909 648920 648921 648930 648951 648969 648976 648990 648992 648996
648997 648998 649031 649032 649038 649041 649082 649087 649096 649113
649122 649128 649133 649140 649146 649160 649167 649188 649206 649213
649219 649239 649256 649261 649262 649263 649277 649281 649284 649307
649312 649319 649325 649330 649334 649356 649360 649364 649372 649380
649384 649392 649405 649410 649419 649421 649422 649435 649462 649471
649472 649474 649480 649485 649496 649505 649507 649519 649522 649525
649537 649543 649575 649607 649608 649611 649615 649616 649617 649628
649642 649644 649653 649655 649675 649706 649712 649738 649754 649758
649804 649807 649820 649829 649833 649841 649843 649846 649850 649862
649875 649928 649932 649940 649951 649980 649985 649987 650002 650003
650031 650038 650048 650057 650075 650084 650101 650112 650117 650123
650133 650147 650164 650167 650187 650188 650195 650206 650209 650211
650230 650236 650243 650264 650269 650272 650274 650281 650315 650317
650328 650352 650359 650362 650365 650377 650402 650403 650405 650406
650409 650446 650448 650449 650452 650456 650457 650473 650477 650485
650493 650502 650510 650522 650535 650564 650571 650582 650585 650592
650604 650625 650657 650659 650673 650682 650683 650687 650707 650710
650738 650741 650760 650768 650769 650776 650779 650822 650828 650843
650860 650868 650873 650882 650896 650901 650905 650918 650925 650926
650932 650937 650945 650946 650949 650953 650957 650960 650961 650966
650969 650993 650996 651003 651039 651088 651110 651122 651123 651144
651147 651150 651162 651181 651186 651190 651224 651233 651245 651262
651269 651297 651303 651320 651330 651337 651346 651367 651382 651386
651388 651391 651395 651396 651400 651420 651433 651440 651455 651468
651474 651490 651501 651512 651527 651548 651550 651551 651558 651561
651586 651599 651605 651610 651611 651612 651613 651629 651630 651634
651646 651652 651655 651661 651667 651669 651676 651691 651737 651755
651760 651767 651770 651772 651777 651781 651791 651794 651795 651799
651843 651848 651850 651875 651891 651948 651960 651963 651973 651988
651992 652021 652023 652025 652040 652045 652073 652076 652079 652081
652088 652115 652121 652130 652135 652151 652170 652191 652196 652197
652203 652213 652223 652241 652244 652248 652250 652253 652264 652281
652292 652299 652326 652334 652343 652345 652353 652354 652356 652359
652364 652365 652374 652381 652384 652395 652402 652411 652415 652424
652434 652465 652470 652479 652483 652487 652494 652498 652499 652528
652539 652550 652551 652555 652557 652580 652606 652607 652608 652624
652633 652669 652673 652683 652685 652698 652706 652711 652726 652732
652734 652735 652756 652767 652774 652775 652792 652794 652813 652817
652820 652823 652829 652847 652864 652879 652894 652904 652910 652932
652945 652946 652971 652982 652991 653001 653015 653019 653069 653076
653095 653115 653122 653147 653161 653162 653163 653166 653177 653189
653190 653196 653199 653200 653203 653205 653208 653214 653216 653217
653224 653238 653242 653259 653266 653268 653272 653275 653276 653282
653285 653295 653297 653316 653336 653338 653339 653342 653347 653350
653354 653366 653369 653397 653438 653449 653451 653454 653455 653456
653458 653460 653462 653472 653482 653487 653489 653494 653509 653512
653513 653520 653527 653534 653540 653545 653549 653552 653561 653577
653587 653603 653625 653630 653639 653660 653672 653677 653682 653690
653705 653773 653777 653787 653797 653810 653812 653833 653839 653842
653848 653853 653872 653894 653896 653898 653905 653913 653930 653938
653955 653959 653960 653972 653973 653979 653993 654005 654010 654015
654021 654028 654034 654037 654041 654043 654055 654058 654081 654085
654090 654091 654094 654095 654104 654105 654121 654124 654125 654128
654153 654179 654190 654199 654202 654222 654226 654262 654323 654353
654358 654361 654362 654363 654369 654376 654391 654397 654404 654411
654416 654420 654445 654495 654519 654526 654533 654552 654566 654573
654574 654586 654589 654599 654601 654615 654624 654637 654647 654649
654655 654662 654668 654670 654679 654688 654696 654709 654714 654715
654720 654725 654735 654743 654754 654773 654776 654777 654788 654795
654796 654797 654816 654826 654830 654839 654862 654863 654864 654869
654873 654875 654889 654896 654904 654916 654931 654943 654953 654954
654957 654961 654970 654984 655005 655013 655022 655025 655032 655037
655042 655044 655047 655068 655078 655095 655097 655103 655111 655118
655141 655146 655167 655169 655173 655180 655183 655184 655185 655196
655201 655204 655205 655206 655210 655215 655236 655248 655251 655259
655272 655298 655306 655309 655312 655320 655338 655341 655349 655366
655367 655368 655376 655383 655448 655451 655456 655459 655468 655478
655500 655503 655509 655511 655557 655567 655569 655574 655591 655599
655630 655631 655635 655636 655638 655640 655653 655658 655679 655680
655690 655711 655712 655718 655725 655729 655734 655735 655742 655755
655775 655784 655796 655801 655811 655813 655818 655831 655845 655849
655851 655855 655860 655876 655886 655888 655889 655911 655914 655923
655926 655955 655976 655985 655991 655997 655998 656011 656012 656019
656020 656025 656026 656030 656037 656039 656049 656050 656074 656086
656095 656111 656119 656122 656128 656129 656138 656144 656153 656155
656163 656166 656167 656172 656179 656180 656184 656195 656198 656199
656201 656214 656232 656242 656268 656288 656302 656308 656312 656320
656321 656338 656344 656346 656364 656368 656370 656379 656391 656402
656404 656405 656414 656418 656419 656421 656436 656445 656454 656456
656457 656461 656466 656473 656485 656501 656509 656511 656519 656531
656539 656544 656572 656578 656592 656593 656594 656604 656606 656607
656612 656617 656627 656628 656634 656641 656656 656657 656658 656663
656668 656691 656707 656714 656716 656726 656740 656752 656776 656777
656779 656790 656793 656799 656801 656811 656829 656836 656856 656860
656867 656868 656870 656872 656897 656900 656906 656907 656922 656924
656927 656930 656945 656958 656959 656966 656968 656973 656977 656996
657022 657024 657025 657028 657040 657046 657050 657056 657069 657072
657075 657088 657098 657103 657106 657113 657133 657135 657145 657146
657160 657165 657173 657204 657213 657217 657231 657244 657246 657251
657279 657317 657333 657335 657354 657370 657377 657384 657389 657392
657444 657454 657476 657478 657510 657526 657533 657535 657541 657547
657558 657565 657599 657602 657610 657612 657626 657637 657643 657661
657662 657663 657667 657670 657675 657681 657693 657712 657734 657789
657807 657818 657833 657866 657885 657895 657905 657907 657944 657959
657965 657973 657978 657982 658005 658006 658022 658037 658038 658047
658057 658069 658107 658114 658125 658135 658137 658138 658141 658151
658167 658183 658206 658209 658213 658218 658235 658246 658271 658277
658287 658294 658317 658318 658319 658356 658357 658362 658369 658379
658380 658387 658402 658408 658410 658416 658431 658442 658449 658471
658475 658494 658509 658510 658511 658524 658527 658528 658532 658549
658581 658591 658608 658633 658635 658648 658652 658668 658669 658683
658689 658693 658709 658713 658735 658741 658750 658754 658761 658766
658771 658776 658785 658787 658790 658793 658794 658803 658809 658834
658838 658847 658851 658855 658859 658868 658878 658880 658900 658901
658934 658959 658964 658971 658981 659001 659010 659038 659044 659047
659051 659063 659066 659074 659077 659081 659083 659098 659106 659146
659156 659182 659183 659185 659194 659204 659241 659246 659248 659252
659268 659290 659293 659296 659308 659317 659331 659336 659343 659355
659361 659371 659389 659405 659410 659411 659417 659429 659440 659447
659462 659467 659489 659499 659505 659527 659529 659537 659547 659549
659561 659565 659572 659608 659609 659629 659641 659646 659651 659658
659663 659665 659678 659691 659692 659697 659698 659702 659703 659709
659723 659728 659733 659739 659758 659775 659784 659790 659797 659856
659868 659874 659886 659888 659894 659896 659901 659921 659938 659939
659954 659958 659962 659963 659974 659983 660007 660016 660031 660032
660036 660039 660048 660051 660060 660065 660066 660075 660077 660087
660106 660107 660110 660121 660129 660139 660147 660169 660187 660193
660201 660202 660207 660216 660227 660229 660231 660241 660242 660256
660260 660276 660295 660299 660301 660352 660359 660365 660374 660380
660385 660386 660394 660403 660417 660428 660435 660436 660456 660465
660468 660469 660474 660485 660503 660510 660523 660525 660551 660569
660573 660582 660583 660597 660603 660608 660609 660632 660659 660665
660674 660696 660698 660706 660724 660749 660758 660780 660785 660798
660819 660824 660837 660844 660857 660866 660867 660874 660877 660889
660916 660918 660925 660938 660974 660977 661004 661008 661009 661028
661029 661049 661054 661063 661073 661074 661082 661090 661098 661105
661108 661160 661161 661191 661196 661200 661219 661248 661250 661270
661290 661293 661300 661301 661315 661333 661366 661367 661372 661374
661380 661383 661408 661413 661427 661430 661437 661439 661444 661467
661480 661481 661482 661509 661513 661531 661544 661571 661580 661605
661610 661611 661629 661631 661642 661646 661657 661667 661671 661689
661694 661703 661706 661711 661718 661719 661728 661737 661747 661753
661758 661771 661776 661792 661813 661825 661826 661832 661836 661837
661840 661852 661855 661858 661863 661878 661881 661895 661896 661901
661908 661920 661954 661979 662006 662010 662017 662021 662025 662027
662032 662033 662041 662068 662069 662080 662084 662097 662100 662102
662104 662123 662134 662136 662147 662152 662170 662173 662199 662212
662213 662226 662239 662240 662254 662257 662258 662260 662262 662267
662283 662287 662288 662290 662294 662318 662324 662339 662343 662350
662353 662360 662361 662363 662375 662377 662379 662380 662388 662399
662412 662415 662442 662464 662492 662503 662505 662528 662540 662541
662545 662547 662561 662589 662593 662602 662646 662660 662661 662695
662701 662732 662746 662755 662769 662770 662781 662790 662793 662817
662824 662837 662842 662843 662848 662855 662858 662865 662879 662894
662895 662907 662909 662920 662924 662927 662940 662959 662960 662964
662973 662992 663002 663008 663011 663025 663043 663049 663055 663063
663069 663073 663099 663129 663132 663136 663151 663157 663172 663192
663199 663212 663220 663225 663236 663245 663250 663251 663277 663278
663283 663296 663298 663300 663318 663338 663343 663346 663356 663362
663369 663372 663379 663381 663387 663389 663391 663414 663416 663422
663423 663425 663432 663443 663448 663453 663462 663468 663488 663498
663502 663506 663515 663516 663527 663559 663573 663596 663597 663602
663609 663640 663644 663647 663658 663659 663666 663688 663689 663698
663709 663713 663721 663745 663750 663767 663771 663775 663779 663780
663781 663816 663818 663838 663840 663852 663888 663893 663908 663914
663954 663963 663973 663976 663977 663981 663986 663993 664022 664033
664035 664048 664049 664070 664071 664085 664097 664106 664117 664119
664131 664138 664140 664162 664215 664221 664228 664232 664277 664282
664286 664294 664303 664316 664319 664331 664332 664358 664362 664364
664373 664377 664378 664394 664396 664420 664431 664434 664438 664439
664454 664465 664468 664473 664479 664480 664483 664486 664490 664500
664532 664548 664556 664559 664568 664575 664582 664584 664601 664638
664644 664665 664669 664674 664681 664699 664717 664718 664721 664726
664730 664737 664761 664763 664767 664780 664781 664793 664808 664821
664831 664835 664840 664874 664887 664888 664898 664900 664945 664949
664960 664963 665005 665012 665015 665027 665039 665045 665068 665070
665086 665089 665113 665117 665118 665127 665139 665143 665167 665168
665185 665194 665199 665204 665209 665223 665235 665242 665246 665264
665266 665286 665290 665310 665315 665338 665359 665365 665367 665369
665370 665385 665387 665394 665396 665415 665417 665422 665435 665437
665440 665457 665482 665483 665491 665494 665495 665502 665549 665564
665567 665578 665579 665587 665592 665595 665600 665621 665632 665634
665642 665650 665652 665653 665664 665672 665679 665686 665724 665728
665733 665747 665765 665767 665768 665776 665788 665807 665808 665845
665847 665879 665893 665894 665897 665913 665920 665923 665931 665938
665941 665951 665953 665963 666001 666032 666040 666042 666065 666068
666069 666087 666098 666099 666100 666102 666117 666121 666122 666129
666131 666149 666170 666176 666226 666227 666236 666239 666253 666275
666276 666283 666284 666302 666333 666342 666347 666348 666355 666376
666381 666382 666400 666419 666435 666455 666458 666460 666464 666478
666481 666488 666503 666514 666520 666524 666544 666550 666552 666553
666591 666601 666602 666606 666617 666632 666640 666659 666663 666670
666701 666707 666720 666725 666727 666728 666734 666753 666755 666758
666760 666761 666762 666766 666782 666786 666806 666813 666814 666818
666824 666829 666835 666838 666840 666844 666849 666862 666890 666893
666921 666931 666940 666970 666977 666980 666982 666996 667008 667021
667025 667036 667045 667046 667050 667052 667068 667072 667078 667096
667117 667133 667134 667149 667150 667160 667162 667187 667200 667201
667212 667237 667241 667248 667249 667257 667272 667283 667285 667290
667295 667318 667338 667382 667390 667395 667407 667428 667433 667441
667451 667460 667461 667474 667480 667490 667505 667510 667524 667545
667548 667549 667565 667571 667575 667586 667608 667621 667637 667652
667654 667666 667690 667691 667703 667708 667722 667753 667754 667777
667780 667782 667783 667820 667846 667851 667889 667905 667943 667954
667956 667963 667988 667995 668002 668019 668021 668027 668037 668048
668050 668063 668076 668078 668112 668117 668146 668151 668184 668191
668200 668205 668206 668210 668215 668220 668223 668228 668233 668237
668273 668277 668280 668282 668286 668315 668323 668327 668335 668347
668357 668363 668384 668397 668403 668405 668409 668411 668415 668418
668427 668430 668458 668461 668465 668468 668512 668519 668532 668547
668549 668559 668561 668567 668568 668580 668582 668588 668597 668607
668610 668612 668628 668629 668633 668635 668640 668645 668653 668659
668682 668684 668704 668734 668739 668741 668742 668765 668771 668781
668816 668818 668823 668827 668838 668841 668846 668858 668888 668893
668910 668919 668927 668940 668941 668983 668987 668998 669011 669022
669030 669034 669036 669049 669050 669062 669073 669097 669110 669123
669130 669132 669149 669169 669173 669192 669201 669208 669218 669226
669234 669250 669262 669266 669273 669274 669275 669281 669294 669295
669303 669329 669338 669344 669347 669359 669360 669377 669391 669402
669416 669427 669434 669439 669460 669495 669496 669502 669503 669506
669507 669511 669522 669526 669545 669551 669565 669582 669585 669612
669621 669629 669653 669667 669680 669702 669707 669715 669725 669727
669730 669731 669741 669743 669751 669753 669758 669770 669779 669807
669841 669850 669851 669858 669863 669871 669874 669896 669903 669906
669921 669922 669923 669925 669932 669943 669974 669986 669994 669999
670009 670017 670019 670045 670055 670070 670079 670091 670096 670097
670112 670121 670139 670151 670157 670166 670191 670194 670212 670223
670230 670238 670254 670268 670271 670273 670296 670305 670306 670323
670329 670343 670376 670381 670384 670388 670405 670416 670423 670429
670435 670457 670517 670525 670531 670542 670552 670554 670570 670571
670575 670598 670603 670627 670630 670631 670638 670647 670655 670668
670672 670679 670714 670722 670729 670750 670754 670757 670758 670769
670771 670799 670802 670823 670825 670833 670837 670884 670885 670887
670890 670911 670931 670932 670942 670947 670964 670971 670975 670993
671006 671012 671020 671023 671028 671031 671034 671040 671055 671064
671090 671107 671138 671140 671183 671195 671196 671207 671209 671211
671229 671232 671239 671263 671276 671277 671290 671313 671326 671329
671331 671335 671343 671349 671363 671375 671379 671415 671425 671426
671439 671444 671471 671482 671523 671536 671544 671628 671656 671661
671669 671685 671689 671695 671702 671704 671710 671711 671719 671726
671728 671747 671770 671773 671790 671793 671809 671819 671826 671831
671838 671848 671859 671881 671885 671890 671906 671910 671912 671925
671926 671929 671930 671937 671941 671942 671946 671966 671980 672005
672007 672037 672043 672047 672049 672051 672055 672095 672096 672117
672124 672129 672130 672149 672151 672153 672165 672170 672172 672179
672183 672185 672190 672192 672197 672205 672208 672211 672219 672232
672257 672274 672286 672291 672298 672303 672316 672326 672336 672352
672371 672375 672390 672393 672402 672411 672425 672431 672443 672446
672450 672456 672463 672471 672473 672477 672481 672491 672494 672501
672517 672529 672541 672542 672544 672551 672556 672557 672561 672568
672580 672585 672587 672598 672622 672676 672683 672692 672698 672706
672710 672711 672726 672749 672754 672755 672756 672765 672775 672792
672795 672827 672832 672837 672854 672861 672885 672888 672889 672896
672903 672908 672917 672934 672941 672944 672947 672951 672982 673060
673065 673079 673080 673096 673099 673115 673162 673176 673182 673184
673197 673198 673245 673246 673257 673258 673272 673274 673284 673292
673297 673306 673309 673318 673337 673385 673395 673411 673426 673429
673435 673438 673443 673468 673473 673474 673483 673484 673487 673490
673494 673502 673517 673534 673543 673567 673577 673581 673602 673607
673608 673615 673616 673622 673629 673633 673636 673641 673690 673699
673701 673710 673713 673714 673720 673725 673741 673755 673763 673771
673783 673794 673818 673823 673836 673842 673848 673859 673878 673879
673882 673889 673912 673936 673941 673946 673968 673971 673973 673977
673982 673997 674023 674034 674037 674040 674053 674061 674093 674100
674115 674132 674142 674157 674173 674175 674182 674188 674193 674197
674200 674218 674239 674251 674258 674270 674282 674286 674288 674290
674298 674307 674332 674348 674367 674373 674374 674387 674411 674414
674418 674435 674456 674470 674520 674532 674552 674563 674599 674625
674649 674656 674658 674669 674682 674683 674695 674725 674727 674738
674741 674763 674774 674776 674781 674783 674801 674837 674854 674858
674864 674871 674879 674881 674897 674898 674917 674918 674929 674945
674961 674971 674973 674975 674979 674989 674995 675004 675005 675006
675013 675020 675033 675040 675060 675067 675077 675083 675086 675087
675089 675091 675099 675100 675105 675119 675132 675134 675135 675154
675166 675172 675174 675176 675181 675182 675183 675199 675210 675217
675219 675240 675252 675254 675271 675280 675317 675321 675323 675346
675363 675372 675380 675388 675402 675426 675456 675458 675463 675481
675484 675489 675505 675506 675508 675523 675525 675546 675550 675552
675555 675560 675562 675572 675575 675585 675586 675601 675607 675609
675617 675619 675624 675647 675670 675672 675681 675692 675715 675724
675732 675735 675745 675751 675763 675766 675785 675823 675830 675845
675853 675858 675871 675872 675888 675891 675907 675909 675915 675918
675924 675926 675939 675942 675957 675969 675976 675980 675988 675989
676002 676022 676041 676047 676048 676063 676076 676083 676112 676113
676121 676124 676125 676128 676135 676136 676146 676164 676165 676166
676170 676177 676179 676188 676203 676218 676224 676271 676286 676292
676300 676307 676311 676321 676330 676334 676338 676342 676348 676352
676367 676368 676375 676402 676415 676418 676419 676430 676436 676440
676487 676497 676504 676537 676539 676555 676562 676565 676571 676610
676620 676637 676652 676655 676656 676664 676666 676669 676671 676680
676706 676720 676722 676739 676747 676749 676761 676763 676765 676779
676792 676800 676810 676852 676856 676860 676861 676898 676900 676929
676971 676972 676980 676990 676996 677026 677031 677033 677039 677043
677045 677068 677077 677078 677091 677118 677124 677165 677204 677210
677218 677234 677247 677252 677261 677279 677311 677314 677322 677334
677335 677355 677371 677376 677394 677398 677400 677418 677450 677465
677481 677485 677487 677500 677507 677515 677531 677542 677569 677572
677585 677596 677597 677606 677618 677619 677637 677663 677683 677697
677700 677705 677707 677728 677729 677754 677755 677761 677765 677804
677834 677835 677847 677879 677897 677906 677927 677930 677934 677937
677940 677963 677967 677969 677975 677990 678004 678011 678012 678026
678030 678054 678066 678073 678074 678091 678095 678096 678113 678115
678118 678131 678141 678149 678157 678168 678171 678183 678193 678205
678209 678210 678224 678225 678233 678243 678249 678252 678268 678270
678305 678308 678321 678323 678332 678337 678357 678360 678365 678371
678390 678392 678421 678425 678427 678432 678459 678467 678477 678481
678495 678519 678522 678533 678535 678538 678545 678558 678606 678609
678631 678640 678645 678664 678670 678673 678680 678685 678695 678704
678715 678735 678748 678754 678757 678764 678768 678772 678778 678784
678788 678796 678813 678815 678816 678818 678833 678845 678849 678850
678858 678863 678881 678903 678908 678922 678942 678943 678944 678953
678957 678977 678978 678990 679015 679016 679031 679034 679042 679053
679055 679067 679071 679085 679087 679088 679092 679097 679100 679102
679110 679129 679165 679169 679173 679189 679191 679200 679205 679238
679263 679274 679291 679304 679320 679329 679335 679343 679354 679380
679384 679385 679386 679404 679405 679412 679419 679442 679453 679460
679461 679464 679465 679477 679490 679511 679518 679522 679535 679536
679553 679554 679555 679563 679571 679578 679584 679589 679593 679624
679632 679647 679655 679659 679661 679663 679665 679676 679680 679691
679697 679707 679711 679712 679715 679718 679719 679720 679721 679728
679738 679753 679774 679782 679786 679791 679797 679808 679813 679821
679835 679845 679862 679863 679864 679878 679890 679897 679913 679916
679918 679920 679948 679969 679971 679985 679988 680009 680025 680032
680053 680060 680067 680074 680079 680111 680133 680137 680147 680152
680166 680174 680175 680178 680181 680192 680198 680207 680214 680251
680262 680274 680278 680279 680284 680285 680288 680289 680304 680306
680314 680320 680321 680326 680333 680337 680341 680358 680361 680365
680374 680392 680397 680406 680411 680412 680421 680425 680440 680445
680451 680455 680461 680484 680485 680490 680499 680508 680510 680513
680514 680518 680523 680526 680529 680538 680547 680557 680559 680562
680568 680585 680594 680609 680616 680624 680632 680636 680639 680642
680643 680644 680656 680681 680691 680694 680696 680710 680721 680722
680727 680745 680772 680782 680786 680788 680789 680798 680799 680802
680814 680843 680845 680860 680861 680867 680884 680921 680932 680935
680936 680937 680971 680977 680986 680997 681015 681029 681035 681036
681039 681054 681061 681065 681069 681076 681077 681090 681098 681099
681138 681147 681165 681170 681182 681201 681217 681225 681239 681258
681259 681276 681283 681291 681296 681337 681338 681373 681383 681389
681396 681402 681403 681449 681453 681483 681487 681489 681494 681495
681506 681509 681516 681526 681527 681532 681539 681567 681568 681577
681580 681581 681582 681584 681585 681586 681620 681622 681623 681637
681652 681655 681657 681680 681681 681694 681702 681703 681714 681739
681740 681762 681768 681770 681773 681785 681789 681800 681807 681834
681842 681858 681864 681872 681876 681877 681894 681899 681902 681909
681930 681944 681947 681959 681976 681982 681997 681998 682004 682011
682013 682019 682046 682055 682060 682084 682092 682093 682111 682121
682125 682164 682165 682202 682206 682213 682214 682217 682221 682233
682243 682254 682275 682290 682296 682307 682318 682329 682331 682341
682342 682353 682354 682356 682368 682371 682374 682384 682394 682402
682411 682422 682454 682483 682490 682498 682529 682536 682548 682551
682563 682567 682587 682589 682615 682621 682643 682705 682730 682734
682740 682763 682771 682774 682793 682799 682810 682816 682817 682822
682825 682826 682828 682830 682840 682859 682873 682880 682885 682898
682911 682937 682950 682956 682958 682966 682973 682981 682988 682989
682991 682992 683011 683017 683020 683045 683047 683049 683055 683061
683076 683080 683081 683082 683088 683097 683099 683107 683116 683123
683130 683131 683141 683148 683152 683160 683164 683191 683192 683210
683211 683214 683218 683240 683244 683251 683256 683264 683265 683266
683276 683281 683287 683291 683292 683310 683347 683364 683386 683401
683402 683405 683409 683414 683420 683438 683440 683455 683459 683462
683469 683497 683516 683519 683533 683545 683553 683564 683583 683590
683592 683627 683665 683691 683710 683721 683725 683738 683740 683742
683757 683767 683780 683798 683812 683822 683824 683825 683830 683851
683859 683868 683870 683880 683887 683893 683905 683916 683920 683926
683927 683935 683948 683950 683968 683998 684000 684001 684004 684020
684027 684048 684058 684059 684061 684068 684094 684131 684144 684146
684158 684170 684174 684177 684184 684186 684205 684213 684214 684221
684231 684245 684251 684259 684262 684270 684274 684293 684299 684307
684308 684310 684315 684325 684331 684332 684337 684357 684367 684370
684377 684381 684384 684397 684413 684424 684425 684438 684446 684448
684453 684457 684469 684499 684502 684513 684524 684526 684544 684562
684574 684575 684578 684580 684590 684596 684617 684629 684634 684653
684668 684669 684672 684673 684684 684689 684692 684700 684703 684722
684724 684733 684760 684769 684795 684796 684799 684805 684821 684878
684881 684883 684889 684896 684972 684980 684982 684984 684992 684994
685015 685020 685031 685033 685036 685060 685066 685075 685082 685086
685089 685091 685105 685124 685140 685158 685159 685170 685172 685178
685191 685193 685205 685208 685218 685238 685258 685259 685274 685275
685277 685289 685319 685320 685324 685336 685354 685360 685361 685373
685375 685399 685400 685408 685412 685418 685423 685434 685438 685458
685492 685509 685556 685581 685582 685598 685608 685610 685616 685621
685623 685625 685626 685650 685663 685674 685678 685684 685711 685715
685720 685733 685741 685742 685748 685756 685760 685790 685798 685816
685842 685856 685866 685874 685953 685961 685975 685988 685995 686013
686016 686027 686046 686073 686076 686080 686087 686088 686091 686097
686115 686116 686131 686136 686152 686162 686163 686165 686174 686194
686200 686210 686212 686214 686230 686235 686242 686245 686251 686264
686274 686283 686351 686353 686363 686364 686385 686388 686389 686391
686401 686405 686436 686445 686454 686455 686465 686466 686468 686473
686490 686506 686522 686534 686538 686554 686575 686588 686602 686603
686608 686614 686616 686636 686656 686657 686659 686668 686685 686690
686744 686768 686808 686815 686818 686820 686836 686850 686868 686888
686893 686904 686915 686930 686944 686959 686992 686996 687001 687012
687024 687027 687028 687095 687097 687098 687114 687142 687160 687166
687206 687212 687223 687224 687225 687235 687238 687243 687245 687267
687282 687284 687291 687293 687297 687301 687305 687321 687326 687341
687344 687347 687351 687360 687364 687371 687377 687388 687392 687401
687405 687427 687442 687453 687463 687466 687476 687478 687498 687503
687523 687546 687548 687556 687561 687578 687595 687596 687621 687624
687629 687648 687661 687662 687675 687687 687690 687712 687715 687726
687751 687753 687757 687758 687759 687777 687778 687789 687805 687812
687817 687818 687829 687849 687873 687879 687894 687899 687903 687921
687971 687972 687981 687984 687986 687991 688038 688040 688045 688047
688049 688072 688075 688076 688088 688094 688100 688105 688106 688111
688125 688138 688145 688156 688160 688163 688188 688208 688243 688258
688264 688274 688280 688310 688312 688320 688329 688333 688349 688350
688359 688364 688400 688413 688414 688433 688440 688442 688446 688463
688466 688476 688478 688483 688484 688487 688504 688512 688523 688533
688541 688561 688567 688573 688596 688621 688643 688647 688660 688668
688688 688692 688694 688697 688709 688720 688733 688738 688756 688762
688764 688766 688768 688770 688777 688791 688803 688808 688809 688810
688820 688827 688840 688853 688858 688859 688867 688873 688878 688896
688907 688913 688936 688947 688952 688954 688963 688969 688973 688986
688988 688992 688993 689003 689008 689017 689029 689032 689036 689048
689049 689061 689072 689074 689076 689084 689092 689099 689109 689121
689123 689143 689168 689189 689208 689209 689216 689243 689253 689255
689266 689273 689275 689284 689293 689294 689295 689322 689331 689337
689340 689341 689345 689353 689359 689364 689371 689380 689393 689396
689412 689417 689418 689428 689435 689438 689447 689476 689491 689497
689527 689528 689534 689535 689539 689547 689556 689567 689570 689574
689586 689596 689612 689627 689652 689666 689678 689704 689752 689760
689778 689813 689840 689844 689851 689861 689864 689867 689885 689887
689892 689908 689913 689918 689922 689928 689944 689949 689960 689977
689994 690004 690020 690057 690064 690065 690067 690090 690099 690100
690107 690116 690129 690135 690143 690155 690170 690208 690236 690238
690251 690256 690277 690281 690286 690290 690295 690297 690309 690330
690331 690332 690342 690349 690365 690366 690380 690382 690401 690405
690406 690442 690447 690448 690483 690496 690500 690532 690537 690546
690547 690560 690596 690631 690645 690647 690650 690656 690663 690672
690676 690684 690691 690697 690698 690710 690716 690727 690730 690731
690744 690752 690757 690759 690776 690779 690825 690837 690842 690894
690906 690915 690941 690943 690945 690960 690967 690977 690996 691003
691026 691032 691035 691038 691051 691053 691058 691073 691079 691086
691087 691092 691095 691115 691122 691135 691155 691157 691161 691173
691202 691211 691212 691227 691228 691235 691247 691253 691257 691263
691273 691275 691280 691299 691304 691313 691338 691342 691344 691410
691431 691441 691444 691459 691473 691493 691494 691495 691508 691537
691544 691566 691569 691583 691598 691608 691627 691640 691651 691661
691674 691683 691686 691712 691724 691725 691735 691738 691740 691745
691760 691792 691799 691813 691829 691859 691868 691870 691876 691898
691902 691929 691931 691942 691946 691958 691975 691981 691986 692009
692052 692070 692076 692078 692086 692109 692134 692144 692145 692162
692168 692176 692177 692185 692233 692239 692240 692245 692273 692275
692280 692286 692296 692316 692343 692354 692357 692369 692377 692401
692402 692408 692411 692416 692432 692444 692455 692469 692475 692476
692489 692499 692502 692505 692511 692532 692534 692548 692555 692560
692581 692586 692587 692595 692601 692608 692628 692641 692642 692654
692699 692710 692720 692731 692734 692741 692757 692764 692774 692783
692784 692786 692789 692790 692795 692803 692804 692805 692809 692830
692886 692892 692899 692904 692907 692933 692936 692948 692968 692974
692975 692991 692992 693043 693063 693072 693075 693085 693100 693101
693102 693103 693111 693118 693123 693130 693143 693149 693152 693153
693174 693191 693193 693194 693211 693215 693256 693264 693278 693282
693293 693295 693316 693320 693321 693333 693337 693339 693340 693341
693358 693364 693377 693378 693396 693406 693409 693429 693443 693448
693452 693463 693466 693484 693489 693490 693502 693511 693528 693532
693536 693558 693570 693571 693587 693588 693591 693594 693608 693641
693643 693664 693671 693691 693701 693708 693716 693721 693723 693740
693761 693768 693790 693797 693807 693831 693845 693847 693863 693894
693917 693930 693939 693947 693950 693960 693964 693969 693993 694003
694009 694057 694076 694080 694092 694111 694121 694123 694133 694135
694227 694229 694246 694256 694272 694288 694307 694309 694314 694326
694332 694342 694366 694370 694383 694387 694389 694395 694397 694399
694401 694423 694428 694431 694435 694446 694448 694453 694455 694466
694481 694491 694520 694524 694545 694547 694565 694566 694569 694581
694594 694615 694629 694643 694662 694671 694690 694691 694706 694716
694721 694729 694735 694752 694760 694762 694764 694768 694784 694795
694796 694797 694801 694813 694831 694833 694834 694845 694846 694849
694860 694862 694865 694892 694895 694898 694916 694920 694922 694926
694930 694931 694932 694936 694939 694960 694968 694973 694990 694998
695009 695027 695047 695068 695079 695136 695158 695170 695193 695194
695201 695213 695215 695220 695226 695229 695234 695242 695264 695277
695283 695285 695286 695295 695304 695350 695374 695376 695382 695386
695397 695400 695424 695427 695448 695451 695452 695453 695454 695470
695477 695479 695501 695507 695518 695522 695540 695542 695545 695556
695561 695564 695568 695590 695594 695631 695651 695664 695665 695667
695670 695671 695675 695700 695714 695742 695748 695785 695788 695795
695800 695813 695815 695818 695844 695855 695887 695893 695897 695898
695903 695904 695920 695930 695937 695938 695961 695965 695980 695989
696056 696074 696076 696077 696085 696102 696105 696125 696129 696143
696144 696160 696173 696195 696204 696212 696213 696231 696235 696241
696244 696250 696252 696260 696261 696265 696275 696279 696290 696301
696308 696309 696314 696323 696335 696362 696393 696407 696429 696433
696480 696481 696483 696505 696506 696509 696517 696534 696535 696536
696537 696546 696599 696606 696619 696620 696628 696643 696648 696669
696676 696705 696711 696712 696728 696732 696737 696761 696784 696792
696807 696813 696820 696826 696843 696844 696871 696878 696888 696892
696908 696914 696918 696922 696931 696938 696941 696948 696951 696964
696985 696986 696987 696994 697023 697031 697046 697047 697093 697108
697121 697133 697138 697140 697145 697165 697171 697184 697189 697204
697248 697250 697251 697258 697270 697271 697285 697303 697304 697322
697341 697345 697368 697370 697373 697376 697378 697390 697392 697401
697409 697414 697418 697420 697422 697457 697479 697502 697517 697524
697530 697539 697543 697548 697559 697588 697593 697596 697631 697642
697651 697663 697672 697678 697681 697706 697728 697741 697766 697770
697781 697785 697795 697815 697820 697825 697836 697852 697874 697876
697878 697880 697884 697913 697914 697953 697964 697988 697990 698010
698017 698063 698068 698087 698118 698141 698142 698144 698146 698149
698154 698172 698176 698197 698207 698212 698215 698217 698235 698242
698245 698246 698273 698280 698296 698298 698299 698304 698321 698327
698328 698335 698340 698342 698345 698354 698392 698428 698440 698454
698464 698475 698477 698487 698496 698514 698525 698548 698576 698579
698581 698598 698631 698639 698641 698646 698655 698663 698668 698670
698684 698686 698688 698689 698719 698721 698738 698755 698760 698765
698781 698785 698790 698797 698800 698807 698809 698813 698823 698829
698832 698842 698850 698888 698928 698936 698968 698990 698992 699002
699010 699020 699023 699030 699036 699039 699075 699079 699084 699088
699095 699097 699127 699130 699154 699156 699168 699175 699191 699198
699204 699222 699224 699236 699276 699279 699280 699281 699289 699300
699308 699323 699359 699371 699377 699378 699394 699409 699412 699417
699445 699454 699455 699458 699459 699461 699485 699497 699498 699503
699506 699507 699511 699539 699541 699587 699614 699630 699647 699649
699658 699660 699662 699676 699679 699683 699700 699704 699723 699745
699747 699759 699787 699791 699792 699794 699799 699829 699834 699850
699869 699900 699922 699928 699948 699981 699986 699991 700002 700022
700023 700029 700036 700043 700053 700054 700071 700075 700080 700093
700099 700102 700103 700104 700117 700127 700132 700143 700160 700171
700181 700187 700205 700209 700212 700214 700218 700235 700241 700264
700269 700273 700288 700313 700314 700318 700322 700324 700331 700334
700358 700359 700376 700379 700386 700396 700426 700428 700437 700453
700461 700462 700476 700478 700480 700497 700500 700511 700512 700517
700522 700523 700527 700529 700556 700582 700592 700598 700621 700624
700636 700654 700676 700679 700680 700682 700697 700698 700719 700746
700794 700826 700867 700871 700875 700881 700908 700912 700929 700948
700949 700951 700960 700967 700982 700986 700990 701011 701019 701020
701027 701052 701062 701066 701067 701070 701074 701081 701104 701106
701127 701134 701141 701148 701164 701186 701197 701218 701227 701239
701258 701260 701265 701266 701284 701287 701299 701325 701338 701344
701349 701350 701354 701356 701358 701359 701375 701385 701423 701425
701447 701451 701456 701474 701487 701502 701504 701531 701532 701534
701536 701538 701560 701587 701595 701600 701614 701620 701622 701634
701656 701687 701690 701701 701706 701707 701715 701716 701738 701743
701749 701771 701772 701780 701785 701806 701821 701842 701849 701852
701853 701855 701861 701867 701869 701875 701880 701901 701910 701912
701950 701951 701964 701966 701979 701981 701982 701984 701986 701991
701994 702005 702013 702014 702023 702035 702037 702039 702043 702051
702058 702059 702090 702096 702113 702121 702159 702170 702185 702188
702201 702203 702204 702205 702210 702215 702222 702223 702236 702237
702246 702247 702262 702263 702273 702281 702296 702299 702311 702317
702318 702327 702354 702359 702367 702371 702387 702394 702419 702421
702424 702434 702440 702442 702445 702455 702464 702484 702495 702504
702528 702529 702534 702536 702537 702550 702554 702561 702563 702568
702582 702584 702587 702597 702614 702615 702617 702618 702635 702647
702653 702655 702656 702660 702661 702669 702690 702718 702729 702739
702742 702751 702767 702779 702781 702787 702862 702883 702885 702904
702921 702955 702967 702975 702994 703008 703011 703021 703025 703028
703030 703040 703056 703107 703108 703113 703123 703133 703137 703146
703151 703157 703158 703160 703168 703173 703178 703181 703199 703213
703216 703228 703231 703237 703260 703261 703283 703294 703314 703316
703323 703331 703332 703333 703335 703345 703370 703376 703387 703392
703400 703425 703476 703478 703481 703484 703505 703510 703512 703523
703538 703545 703560 703565 703581 703609 703627 703635 703644 703653
703655 703657 703663 703677 703706 703713 703716 703724 703751 703757
703762 703766 703768 703771 703792 703797 703802 703809 703811 703814
703833 703836 703839 703841 703853 703869 703887 703899 703908 703910
703961 703985 703988 704007 704008 704014 704021 704022 704027 704042
704050 704057 704061 704077 704106 704110 704114 704128 704132 704162
704183 704185 704198 704209 704211 704216 704219 704220 704225 704250
704258 704265 704289 704291 704293 704311 704328 704329 704335 704337
704339 704341 704351 704359 704375 704377 704380 704402 704407 704417
704423 704424 704447 704449 704455 704475 704481 704485 704499 704502
704503 704523 704545 704546 704556 704558 704571 704597 704602 704606
704635 704669 704673 704689 704691 704723 704752 704755 704770 704790
704792 704794 704798 704804 704869 704876 704888 704893 704897 704901
704907 704913 704923 704929 704946 704973 704980 704982 705009 705024
705026 705040 705044 705047 705051 705068 705078 705080 705081 705089
705114 705115 705122 705123 705144 705159 705161 705167 705171 705172
705177 705184 705199 705200 705215 705227 705251 705253 705256 705259
705264 705272 705286 705299 705318 705325 705341 705344 705348 705350
705356 705366 705389 705390 705396 705399 705404 705420 705433 705434
705444 705445 705450 705454 705459 705467 705500 705512 705554 705561
705569 705581 705600 705610 705612 705615 705623 705632 705637 705644
705647 705658 705660 705669 705683 705690 705704 705711 705728 705733
705758 705760 705762 705770 705774 705779 705782 705791 705794 705800
705815 705824 705846 705847 705849 705881 705889 705930 705933 705940
705947 705964 705967 705977 705991 705998 706000 706003 706005 706008
706012 706028 706029 706043 706062 706065 706080 706082 706091 706096
706108 706131 706134 706137 706138 706146 706151 706153 706160 706162
706196 706208 706211 706219 706230 706254 706289 706293 706308 706336
706349 706360 706376 706378 706392 706398 706441 706496 706519 706535
706574 706578 706589 706593 706613 706616 706617 706620 706650 706653
706654 706672 706682 706692 706720 706724 706743 706751 706775 706793
706802 706806 706815 706844 706865 706867 706884 706892 706895 706905
706908 706918 706925 706933 706935 706939 706947 706950 706958 706959
706970 706976 706991 706999 707002 707031 707035 707037 707044 707056
707069 707076 707082 707088 707090 707115 707117 707162 707167 707170
707177 707178 707179 707196 707210 707215 707225 707233 707270 707272
707274 707277 707292 707305 707307 707321 707325 707333 707335 707401
707407 707421 707429 707435 707437 707444 707455 707468 707470 707478
707483 707503 707515 707522 707534 707535 707536 707559 707565 707566
707569 707576 707589 707592 707603 707604 707626 707627 707641 707645
707651 707657 707658 707660 707664 707669 707682 707684 707698 707709
707713 707715 707725 707743 707744 707746 707779 707792 707804 707805
707807 707808 707812 707814 707815 707835 707846 707871 707904 707906
707911 707913 707924 707929 707933 707958 708003 708017 708024 708031
708036 708045 708048 708068 708076 708085 708114 708125 708126 708129
708134 708146 708155 708184 708185 708192 708210 708211 708221 708222
708231 708238 708243 708246 708296 708321 708326 708329 708342 708346
708348 708370 708375 708376 708378 708379 708395 708398 708410 708412
708415 708420 708426 708430 708431 708434 708438 708439 708446 708472
708473 708479 708484 708485 708490 708517 708521 708531 708547 708563
708568 708583 708585 708592 708595 708603 708606 708607 708610 708620
708662 708667 708699 708705 708708 708709 708715 708747 708752 708766
708776 708784 708785 708786 708810 708821 708824 708826 708829 708830
708832 708833 708842 708850 708870 708873 708880 708881 708912 708926
708927 708946 708947 708948 708952 708960 708970 708973 708975 708984
708994 708996 709012 709015 709016 709040 709075 709083 709110 709111
709114 709126 709135 709149 709154 709165 709179 709201 709209 709217
709225 709232 709237 709242 709245 709253 709283 709284 709300 709308
709309 709314 709318 709321 709323 709325 709354 709360 709365 709381
709399 709418 709422 709429 709460 709471 709481 709496 709535 709558
709560 709569 709572 709600 709606 709611 709612 709640 709652 709657
709660 709661 709671 709684 709694 709730 709745 709747 709750 709763
709785 709786 709797 709803 709812 709821 709823 709825 709834 709852
709855 709870 709879 709886 709896 709934 709943 709959 709981 709982
709998 710007 710013 710018 710019 710022 710035 710058 710061 710074
710075 710092 710127 710135 710147 710153 710169 710220 710233 710246
710255 710257 710265 710275 710278 710279 710280 710281 710300 710310
710330 710331 710336 710361 710365 710387 710388 710398 710428 710453
710464 710468 710471 710485 710524 710534 710539 710553 710555 710558
710563 710567 710583 710588 710589 710605 710618 710626 710630 710638
710679 710701 710710 710712 710717 710727 710732 710773 710778 710782
710803 710804 710806 710818 710820 710824 710825 710826 710832 710837
710851 710853 710856 710859 710861 710872 710901 710903 710904 710910
710924 710928 710933 710951 710970 710971 710974 710979 710984 710997
711000 711008 711014 711031 711053 711118 711150 711166 711176 711195
711198 711207 711253 711254 711264 711266 711290 711318 711325 711327
711334 711352 711353 711357 711361 711391 711399 711418 711431 711434
711435 711455 711475 711491 711494 711498 711506 711532 711558 711564
711576 711595 711597 711611 711634 711647 711651 711679 711682 711683
711703 711720 711735 711738 711740 711754 711755 711771 711772 711773
711790 711792 711815 711819 711828 711841 711856 711859 711892 711898
711908 711927 711933 711936 711948 711955 711966 711978 711980 711983
711990 712002 712007 712015 712026 712029 712032 712035 712038 712041
712061 712064 712065 712103 712106 712120 712139 712150 712152 712156
712163 712179 712198 712202 712214 712250 712280 712284 712298 712301
712306 712321 712343 712352 712359 712368 712385 712392 712395 712406
712408 712414 712415 712418 712419 712434 712442 712451 712456 712472
712479 712490 712509 712510 712533 712538 712545 712551 712577 712585
712591 712601 712612 712630 712632 712633 712654 712655 712661 712666
712676 712681 712685 712692 712695 712698 712707 712756 712760 712773
712778 712781 712789 712795 712797 712799 712802 712805 712838 712840
712860 712861 712895 712915 712917 712954 712958 712959 712970 712976
712991 712993 712999 713000 713012 713021 713029 713039 713062 713069
713079 713084 713105 713108 713125 713127 713130 713144 713148 713155
713161 713202 713203 713219 713241 713249 713250 713264 713266 713305
713324 713331 713341 713367 713381 713383 713394 713415 713422 713446
713464 713478 713487 713488 713492 713493 713508 713533 713535 713541
713542 713556 713577 713579 713585 713586 713592 713595 713599 713601
713610 713616 713643 713644 713664 713668 713691 713703 713710 713724
713730 713749 713778 713786 713789 713793 713801 713811 713814 713820
713822 713826 713842 713843 713846 713857 713866 713871 713872 713876
713877 713879 713883 713887 713893 713908 713916 713924 713934 713946
713949 713954 713963 713974 713979 713983 713985 713989 714022 714040
714045 714051 714066 714078 714091 714101 714103 714128 714134 714142
714145 714158 714165 714167 714171 714179 714188 714241 714242 714256
714258 714266 714281 714283 714287 714307 714312 714329 714339 714341
714344 714357 714383 714391 714394 714400 714404 714426 714446 714461
714481 714504 714517 714526 714539 714542 714562 714583 714595 714603
714613 714615 714625 714633 714646 714654 714659 714661 714670 714675
714689 714695 714706 714713 714719 714729 714737 714740 714748 714761
714777 714794 714805 714820 714832 714850 714854 714857 714863 714866
714872 714882 714884 714892 714895 714896 714909 714914 714945 714992
715015 715027 715030 715043 715049 715063 715066 715074 715090 715098
715100 715106 715126 715133 715165 715172 715177 715181 715189 715195
715225 715233 715245 715250 715256 715258 715272 715276 715277 715283
715286 715289 715305 715319 715323 715341 715351 715361 715362 715376
715411 715426 715446 715453 715456 715464 715473 715478 715489 715492
715515 715523 715532 715534 715541 715545 715561 715578 715606 715616
715619 715652 715660 715698 715700 715704 715721 715745 715748 715751
715755 715764 715767 715789 715797 715799 715805 715814 715834 715840
715860 715872 715874 715888 715918 715923 715939 715942 715979 715986
715991 716023 716027 716031 716035 716040 716060 716065 716069 716071
716072 716093 716094 716113 716116 716159 716164 716188 716206 716207
716214 716225 716236 716244 716251 716253 716267 716270 716273 716279
716337 716340 716346 716373 716374 716382 716404 716413 716414 716437
716447 716456 716459 716461 716462 716465 716467 716480 716505 716509
716518 716523 716540 716541 716546 716551 716558 716566 716579 716603
716616 716619 716621 716641 716645 716661 716696 716701 716719 716738
716745 716764 716767 716797 716814 716834 716844 716895 716907 716937
716938 716939 716946 716954 716997 717014 717035 717037 717052 717057
717067 717071 717074 717099 717102 717103 717118 717120 717135 717157
717160 717162 717181 717187 717197 717199 717204 717211 717212 717214
717221 717226 717229 717272 717298 717310 717334 717337 717343 717355
717358 717366 717374 717395 717399 717400 717426 717432 717434 717439
717444 717448 717456 717466 717484 717500 717512 717514 717517 717524
717526 717529 717536 717539 717546 717554 717555 717584 717591 717593
717616 717617 717625 717651 717680 717681 717683 717688 717698 717703
717709 717726 717734 717753 717794 717796 717798 717803 717817 717823
717835 717857 717882 717884 717888 717894 717935 717977 717982 717998
718010 718016 718022 718042 718063 718066 718069 718080 718086 718088
718105 718114 718116 718119 718121 718126 718142 718173 718174 718179
718188 718189 718213 718231 718236 718250 718273 718274 718298 718321
718335 718344 718345 718364 718369 718371 718378 718379 718393 718400
718402 718445 718449 718455 718463 718473 718475 718502 718519 718529
718547 718551 718559 718567 718572 718586 718601 718602 718613 718624
718630 718651 718661 718664 718677 718678 718681 718701 718703 718711
718734 718738 718747 718749 718756 718757 718770 718786 718792 718794
718804 718825 718827 718833 718848 718851 718854 718863 718875 718885
718899 718905 718906 718934 718958 718961 718978 718987 718988 718990
718997 719002 719022 719042 719046 719053 719077 719087 719089 719091
719094 719095 719119 719136 719143 719169 719177 719185 719188 719193
719194 719197 719206 719225 719231 719236 719237 719250 719261 719278
719287 719299 719302 719307 719308 719311 719312 719321 719337 719345
719346 719358 719361 719363 719381 719386 719400 719403 719406 719408
719430 719440 719443 719452 719459 719462 719464 719474 719476 719480
719482 719496 719507 719516 719523 719524 719535 719537 719541 719548
719564 719565 719581 719591 719593 719595 719597 719599 719624 719625
719633 719644 719649 719652 719658 719659 719664 719670 719700 719711
719713 719725 719740 719754 719763 719764 719776 719783 719795 719799
719801 719813 719823 719832 719863 719867 719868 719871 719901 719911
719916 719918 719922 719923 719931 719942 719978 720007 720015 720017
720031 720034 720035 720048 720055 720058 720065 720070 720077 720079
720093 720095 720105 720139 720140 720148 720150 720177 720190 720193
720211 720212 720224 720235 720239 720264 720267 720271 720274 720290
720299 720304 720318 720319 720320 720321 720332 720367 720371 720379
720394 720406 720409 720411 720418 720430 720462 720541 720571 720572
720574 720578 720608 720615 720617 720627 720638 720640 720644 720678
720689 720691 720695 720696 720697 720699 720701 720702 720768 720788
720789 720809 720825 720826 720831 720852 720858 720872 720883 720886
720892 720906 720909 720923 720939 720957 720963 720992 720999 721009
721028 721038 721040 721047 721059 721062 721072 721093 721094 721110
721121 721135 721140 721143 721159 721173 721182 721184 721199 721202
721219 721222 721237 721248 721251 721253 721269 721284 721295 721303
721310 721312 721330 721344 721345 721347 721353 721354 721371 721381
721383 721400 721409 721412 721428 721438 721441 721443 721461 721485
721487 721508 721520 721523 721527 721530 721536 721550 721573 721582
721589 721601 721611 721616 721617 721620 721632 721646 721653 721669
721672 721695 721701 721729 721731 721740 721745 721746 721747 721758
721792 721802 721811 721815 721821 721826 721828 721830 721831 721874
721878 721881 721884 721922 721935 721937 721946 721949 721982 721995
721997 722005 722014 722032 722061 722071 722077 722126 722139 722152
722163 722174 722177 722179 722188 722206 722208 722210 722226 722242
722244 722257 722283 722304 722314 722323 722340 722353 722358 722361
722371 722379 722381 722397 722401 722402 722417 722424 722436 722444
722448 722453 722468 722471 722491 722493 722519 722520 722536 722548
722551 722559 722566 722573 722574 722578 722587 722595 722601 722606
722616 722625 722647 722648 722659 722666 722678 722680 722681 722709
722720 722732 722793 722805 722807 722825 722829 722830 722842 722843
722846 722850 722852 722857 722865 722879 722895 722899 722914 722915
722918 722933 722944 722945 722964 722969 722976 722989 722991 723005
723043 723048 723055 723063 723077 723091 723092 723104 723105 723109
723119 723127 723141 723147 723149 723164 723179 723184 723192 723206
723209 723213 723224 723249 723257 723270 723276 723287 723312 723316
723339 723354 723369 723372 723375 723383 723410 723412 723421 723423
723431 723440 723446 723462 723474 723503 723507 723514 723515 723520
723523 723524 723526 723535 723537 723580 723587 723588 723619 723620
723627 723631 723658 723662 723664 723668 723686 723689 723697 723701
723710 723713 723715 723726 723727 723729 723732 723745 723763 723770
723799 723800 723803 723819 723820 723826 723832 723834 723843 723856
723857 723865 723866 723880 723887 723906 723912 723919 723922 723930
723940 723951 723953 723982 723986 723990 723995 724014 724020 724044
724054 724055 724057 724061 724077 724080 724097 724102 724104 724121
724137 724156 724173 724178 724185 724217 724220 724225 724230 724262
724269 724272 724285 724316 724321 724329 724345 724351 724352 724358
724366 724382 724389 724395 724399 724437 724462 724476 724494 724495
724504 724505 724511 724520 724529 724543 724552 724553 724558 724559
724578 724587 724588 724599 724601 724612 724618 724638 724640 724651
724657 724684 724690 724703 724712 724733 724748 724751 724765 724770
724771 724774 724792 724794 724806 724807 724812 724822 724826 724834
724836 724855 724875 724876 724891 724899 724926 724931 724935 724939
724941 724942 724943 724946 724951 724960 724988 725022 725036 725037
725040 725044 725048 725075 725076 725077 725079 725089 725114 725118
725132 725133 725141 725153 725158 725178 725181 725196 725199 725200
725206 725217 725221 725233 725253 725260 725269 725288 725291 725294
725319 725334 725335 725343 725350 725351 725363 725374 725382 725383
725385 725386 725390 725408 725416 725420 725427 725429 725442 725460
725461 725462 725468 725469 725481 725494 725499 725504 725522 725527
725531 725545 725547 725555 725568 725570 725571 725587 725589 725591
725597 725609 725615 725616 725637 725656 725669 725670 725681 725682
725691 725704 725727 725728 725743 725744 725754 725777 725793 725802
725804 725809 725827 725829 725832 725845 725849 725861 725882 725899
725901 725903 725917 725929 725935 725953 725971 725973 725980 725984
725995 726001 726010 726012 726015 726022 726034 726038 726060 726061
726067 726083 726085 726092 726117 726133 726138 726139 726141 726146
726148 726149 726151 726154 726172 726175 726179 726182 726192 726203
726212 726225 726226 726242 726249 726260 726261 726274 726297 726300
726338 726341 726346 726351 726359 726362 726365 726367 726370 726383
726392 726417 726421 726436 726441 726450 726452 726455 726461 726475
726486 726489 726491 726506 726517 726534 726542 726559 726564 726582
726606 726621 726644 726645 726647 726668 726682 726686 726692 726703
726709 726735 726739 726747 726755 726760 726764 726766 726776 726784
726789 726793 726795 726823 726826 726832 726834 726853 726869 726870
726881 726886 726890 726902 726915 726932 726935 726948 726950 726955
726956 727005 727009 727041 727053 727070 727079 727087 727088 727090
727093 727094 727097 727111 727116 727118 727120 727135 727136 727138
727146 727147 727150 727171 727181 727184 727195 727203 727209 727216
727217 727220 727231 727233 727263 727273 727284 727287 727291 727331
727334 727351 727383 727392 727409 727419 727442 727450 727459 727461
727462 727467 727468 727484 727498 727502 727503 727505 727519 727520
727535 727540 727541 727545 727563 727571 727575 727582 727594 727610
727615 727620 727622 727626 727629 727637 727652 727654 727671 727680
727681 727683 727686 727723 727736 727757 727765 727781 727790 727792
727801 727807 727814 727829 727854 727857 727866 727867 727887 727892
727902 727918 727925 727945 727957 727973 727989 727990 727991 728004
728032 728033 728035 728039 728051 728059 728072 728079 728113 728117
728132 728133 728139 728156 728157 728172 728173 728184 728191 728203
728226 728236 728244 728250 728252 728257 728271 728272 728294 728296
728300 728307 728309 728317 728320 728326 728342 728343 728365 728380
728381 728385 728391 728401 728416 728424 728448 728449 728455 728459
728460 728465 728472 728473 728477 728482 728504 728505 728516 728519
728522 728532 728534 728558 728583 728592 728603 728620 728637 728662
728670 728687 728698 728708 728719 728748 728750 728752 728756 728760
728766 728781 728787 728805 728901 728905 728929 728931 728934 728935
728943 728953 728954 728957 728966 728973 728987 728988 728989 728993
728996 728998 729033 729037 729052 729057 729058 729063 729071 729078
729079 729093 729094 729096 729103 729104 729106 729118 729143 729146
729157 729185 729188 729196 729203 729204 729210 729215 729219 729225
729238 729253 729260 729290 729308 729334 729343 729359 729364 729365
729375 729381 729383 729413 729422 729434 729438 729450 729494 729497
729512 729514 729516 729526 729530 729533 729534 729537 729538 729554
729566 729610 729614 729624 729630 729650 729651 729662 729667 729678
729710 729718 729731 729738 729741 729758 729768 729773 729777 729782
729794 729805 729815 729824 729838 729862 729880 729885 729892 729893
729896 729897 729905 729922 729945 729947 729960 729974 729977 729980
729982 730012 730017 730027 730028 730040 730043 730044 730103 730136
730138 730140 730146 730149 730155 730167 730170 730171 730175 730217
730221 730232 730240 730247 730253 730269 730271 730279 730285 730287
730289 730290 730294 730300 730320 730331 730343 730348 730350 730353
730360 730373 730383 730385 730398 730408 730420 730424 730427 730449
730485 730487 730495 730520 730523 730549 730570 730574 730578 730582
730590 730591 730607 730619 730625 730629 730637 730646 730651 730663
730666 730668 730672 730685 730692 730694 730735 730737 730741 730752
730775 730781 730786 730796 730821 730827 730835 730840 730866 730874
730880 730898 730907 730919 730944 730946 730961 730965 730977 731001
731010 731011 731012 731013 731050 731085 731086 731094 731132 731137
731164 731181 731204 731211 731223 731239 731254 731255 731261 731263
731264 731266 731267 731268 731271 731277 731279 731306 731332 731379
731397 731406 731407 731427 731434 731437 731449 731468 731473 731482
731484 731491 731495 731508 731511 731531 731532 731534 731544 731552
731553 731560 731562 731567 731581 731603 731605 731637 731641 731657
731667 731668 731669 731694 731700 731713 731722 731737 731754 731771
731783 731790 731795 731799 731800 731804 731809 731811 731828 731836
731852 731881 731882 731892 731898 731914 731928 731932 731943 731949
731978 731980 732000 732015 732056 732078 732088 732091 732103 732113
732120 732122 732123 732125 732153 732175 732180 732184 732187 732212
732235 732263 732266 732288 732293 732303 732311 732325 732330 732350
732352 732365 732430 732448 732458 732461 732475 732483 732493 732495
732501 732537 732541 732546 732563 732591 732594 732595 732605 732612
732624 732657 732669 732690 732709 732725 732731 732738 732760 732763
732767 732792 732793 732794 732795 732796 732797 732804 732818 732821
732835 732864 732872 732893 732923 732933 732941 732963 732964 732977
732993 733005 733006 733007 733014 733028 733038 733043 733045 733052
733055 733081 733126 733130 733145 733153 733163 733179 733197 733200
733209 733212 733213 733217 733218 733219 733225 733243 733245 733249
733258 733262 733263 733268 733277 733280 733284 733294 733310 733318
733328 733329 733345 733351 733371 733383 733393 733426 733428 733429
733432 733435 733443 733446 733447 733462 733470 733489 733527 733531
733564 733571 733582 733587 733591 733600 733603 733625 733646 733647
733651 733663 733683 733709 733714 733738 733750 733774 733785 733786
733793 733794 733801 733802 733826 733831 733835 733849 733860 733866
733877 733880 733881 733883 733886 733905 733912 733915 733916 733920
733926 733941 733974 733977 733982 733998 734005 734016 734019 734024
734029 734052 734061 734070 734091 734102 734107 734110 734118 734124
734125 734135 734136 734140 734142 734146 734155 734162 734164 734174
734183 734190 734195 734202 734205 734207 734225 734229 734233 734245
734248 734254 734260 734263 734274 734276 734279 734284 734307 734311
734317 734342 734354 734363 734364 734391 734404 734427 734431 734438
734443 734456 734470 734486 734518 734519 734524 734527 734536 734539
734544 734556 734563 734566 734579 734590 734598 734613 734617 734619
734630 734634 734640 734643 734644 734666 734675 734676 734688 734707
734712 734722 734723 734734 734749 734757 734761 734762 734764 734769
734777 734784 734824 734825 734830 734835 734837 734847 734854 734856
734857 734860 734888 734893 734920 734939 734960 734964 734998 735009
735012 735015 735016 735042 735046 735058 735062 735070 735084 735087
735097 735098 735105 735117 735159 735162 735170 735175 735182 735194
735200 735225 735240 735246 735247 735278 735289 735293 735306 735322
735325 735327 735329 735362 735382 735385 735388 735403 735406 735410
735411 735412 735445 735450 735465 735483 735485 735500 735504 735514
735519 735534 735548 735552 735557 735569 735572 735579 735582 735593
735596 735612 735622 735623 735646 735647 735649 735666 735679 735731
735735 735754 735761 735763 735771 735776 735785 735789 735793 735818
735830 735837 735856 735857 735864 735871 735877 735885 735891 735921
735930 735944 735958 735961 735968 735981 735989 736011 736019 736021
736059 736065 736077 736092 736097 736111 736128 736133 736138 736151
736152 736153 736163 736167 736168 736169 736175 736179 736190 736193
736198 736200 736232 736253 736261 736263 736271 736290 736306 736326
736327 736334 736338 736362 736369 736370 736381 736389 736418 736420
736421 736424 736425 736428 736433 736446 736454 736495 736501 736503
736509 736515 736521 736525 736540 736582 736604 736610 736611 736615
736616 736625 736634 736658 736676 736683 736690 736692 736696 736699
736754 736755 736763 736767 736770 736775 736788 736803 736811 736831
736836 736842 736854 736862 736869 736877 736881 736887 736932 736940
736952 736964 736968 736980 736983 736989 737000 737006 737008 737016
737034 737048 737058 737071 737075 737092 737110 737146 737148 737158
737164 737167 737204 737206 737214 737235 737261 737270 737283 737288
737295 737296 737305 737316 737321 737350 737356 737364 737371 737376
737379 737383 737385 737393 737403 737416 737425 737438 737458 737460
737479 737490 737503 737511 737519 737523 737526 737529 737532 737545
737559 737566 737583 737618 737629 737633 737638 737655 737666 737668
737673 737695 737697 737698 737702 737711 737716 737737 737759 737776
737785 737791 737795 737801 737829 737839 737845 737852 737858 737868
737877 737887 737895 737896 737899 737900 737904 737906 737915 737922
737923 737927 737980 738021 738025 738039 738040 738051 738061 738068
738076 738104 738107 738112 738115 738116 738123 738150 738155 738162
738170 738176 738208 738212 738216 738219 738226 738245 738270 738273
738299 738315 738321 738324 738326 738333 738334 738335 738338 738341
738358 738364 738365 738368 738388 738398 738402 738403 738405 738418
738427 738428 738432 738447 738459 738471 738475 738481 738491 738497
738508 738521 738529 738549 738551 738569 738592 738601 738605 738628
738637 738641 738644 738648 738652 738653 738672 738706 738715 738717
738723 738733 738760 738765 738771 738784 738818 738822 738844 738852
738860 738872 738877 738881 738896 738903 738928 738930 738931 738936
738939 738940 738964 738973 738979 738980 738981 738984 738990 739018
739028 739029 739039 739043 739047 739116 739117 739130 739138 739146
739150 739159 739173 739176 739199 739207 739209 739246 739256 739271
739272 739277 739281 739296 739311 739317 739332 739356 739361 739362
739370 739374 739380 739381 739401 739415 739423 739439 739446 739451
739461 739497 739509 739519 739527 739549 739558 739564 739566 739587
739588 739593 739614 739617 739618 739631 739642 739647 739652 739655
739657 739672 739695 739706 739716 739719 739728 739738 739745 739748
739753 739760 739770 739804 739808 739828 739835 739836 739842 739848
739851 739852 739858 739870 739873 739886 739901 739925 739932 739943
739946 739952 739955 739958 739978 739990 740004 740005 740011 740016
740027 740035 740037 740049 740082 740110 740115 740132 740133 740153
740186 740194 740195 740208 740210 740241 740253 740261 740263 740308
740316 740324 740365 740372 740378 740383 740385 740389 740396 740400
740401 740406 740409 740421 740422 740430 740435 740447 740463 740465
740478 740482 740488 740527 740529 740542 740549 740551 740575 740581
740583 740588 740589 740595 740638 740641 740647 740667 740676 740678
740686 740696 740700 740704 740709 740717 740723 740765 740778 740804
740809 740810 740830 740842 740855 740856 740864 740873 740876 740902
740920 740922 740924 740933 740939 740946 740964 740969 740972 740974
740996 740999 741006 741008 741012 741019 741026 741027 741046 741054
741070 741082 741085 741086 741093 741096 741098 741126 741147 741157
741158 741169 741177 741189 741192 741203 741217 741228 741232 741239
741244 741253 741259 741293 741295 741307 741309 741315 741323 741328
741345 741356 741361 741373 741375 741378 741399 741402 741403 741409
741435 741457 741471 741480 741491 741497 741498 741512 741515 741534
741550 741552 741564 741568 741576 741584 741593 741602 741610 741624
741629 741631 741639 741642 741648 741649 741658 741675 741677 741686
741694 741695 741702 741705 741707 741708 741723 741726 741744 741758
741759 741761 741806 741809 741821 741837 741858 741885 741894 741902
741916 741927 741956 741958 741962 741963 741981 741991 741998 742003
742004 742013 742017 742037 742042 742057 742069 742088 742093 742095
742104 742110 742118 742122 742150 742160 742165 742173 742180 742200
742201 742206 742216 742237 742243 742267 742275 742279 742286 742287
742290 742296 742302 742313 742318 742334 742338 742345 742368 742370
742371 742391 742395 742421 742431 742441 742460 742472 742486 742493
742494 742498 742499 742503 742508 742533 742535 742536 742558 742569
742574 742587 742591 742632 742651 742660 742671 742705 742726 742754
742757 742768 742788 742793 742799 742802 742809 742849 742861 742873
742875 742877 742899 742907 742912 742929 742944 742945 742948 742978
742979 742983 742996 743013 743023 743024 743026 743027 743031 743044
743089 743098 743107 743121 743136 743138 743145 743160 743183 743202
743214 743235 743272 743273 743281 743288 743290 743291 743292 743304
743308 743314 743320 743335 743342 743344 743351 743353 743373 743374
743384 743388 743390 743392 743398 743402 743428 743447 743451 743516
743524 743526 743531 743537 743563 743576 743581 743583 743588 743593
743598 743638 743640 743651 743664 743669 743681 743682 743688 743690
743708 743729 743730 743748 743768 743782 743800 743813 743825 743829
743840 743854 743864 743867 743873 743886 743888 743892 743910 743917
743918 743919 743943 743984 743985 744003 744009 744012 744014 744027
744032 744053 744054 744063 744066 744086 744094 744100 744107 744111
744122 744127 744136 744139 744146 744147 744148 744151 744163 744173
744186 744194 744213 744217 744219 744236 744240 744254 744259 744261
744282 744283 744285 744330 744332 744343 744345 744358 744365 744368
744382 744394 744397 744398 744400 744407 744408 744416 744431 744456
744463 744464 744484 744496 744499 744508 744544 744550 744574 744583
744585 744611 744621 744625 744646 744650 744666 744671 744678 744682
744692 744694 744696 744699 744703 744706 744707 744714 744745 744757
744765 744770 744796 744811 744818 744826 744830 744835 744845 744859
744881 744889 744896 744904 744907 744926 744928 744929 744936 744941
744954 744982 744983 744984 745004 745012 745027 745041 745047 745050
745061 745066 745067 745068 745107 745112 745126 745165 745185 745194
745195 745205 745217 745219 745227 745254 745267 745268 745271 745273
745276 745311 745339 745368 745370 745374 745393 745395 745397 745398
745402 745405 745408 745409 745420 745432 745451 745461 745466 745476
745480 745484 745493 745512 745515 745522 745534 745535 745541 745546
745553 745555 745560 745562 745572 745589 745593 745609 745639 745641
745642 745648 745650 745652 745671 745679 745703 745706 745719 745732
745735 745760 745766 745767 745771 745783 745791 745826 745836 745842
745854 745858 745863 745865 745870 745880 745938 745940 745972 745975
745988 745991 746019 746020 746034 746041 746047 746057 746060 746063
746065 746067 746076 746111 746121 746143 746153 746213 746218 746222
746240 746248 746254 746277 746278 746292 746298 746316 746326 746337
746345 746376 746377 746378 746387 746390 746413 746416 746442 746464
746471 746496 746500 746509 746524 746549 746562 746566 746593 746594
746607 746609 746614 746625 746630 746632 746658 746663 746670 746689
746718 746757 746761 746766 746769 746774 746777 746784 746800 746804
746827 746828 746858 746875 746876 746877 746892 746900 746906 746924
746928 746944 746945 746948 746968 746986 746987 746988 746996 747005
747012 747021 747025 747026 747045 747079 747089 747094 747096 747111
747112 747144 747151 747168 747179 747188 747209 747211 747214 747223
747226 747243 747269 747279 747282 747291 747299 747300 747306 747335
747339 747355 747356 747389 747411 747435 747447 747448 747457 747458
747459 747464 747467 747479 747484 747492 747497 747499 747502 747515
747527 747545 747555 747564 747576 747579 747581 747600 747602 747609
747622 747634 747651 747653 747656 747667 747671 747678 747691 747694
747705 747706 747708 747734 747750 747761 747776 747778 747783 747794
747795 747802 747803 747811 747819 747823 747827 747834 747861 747864
747868 747881 747887 747889 747891 747897 747899 747903 747904 747919
747971 747976 747978 747992 748028 748044 748046 748048 748050 748051
748053 748059 748068 748075 748076 748083 748099 748114 748126 748129
748137 748147 748151 748156 748186 748189 748209 748211 748215 748222
748229 748255 748258 748268 748282 748343 748347 748360 748369 748388
748395 748410 748416 748419 748420 748423 748424 748438 748463 748480
748486 748492 748493 748494 748497 748534 748548 748553 748554 748558
748559 748562 748576 748592 748610 748617 748636 748642 748644 748647
748663 748676 748679 748680 748683 748688 748690 748698 748717 748719
748722 748741 748776 748791 748796 748814 748825 748842 748844 748879
748880 748884 748888 748896 748901 748905 748910 748913 748919 748961
748966 749014 749028 749032 749052 749063 749073 749091 749099 749112
749121 749136 749139 749158 749190 749193 749204 749206 749212 749213
749214 749215 749222 749235 749239 749243 749255 749269 749278 749282
749288 749305 749312 749323 749357 749377 749383 749389 749408 749421
749424 749432 749443 749448 749466 749478 749479 749537 749571 749580
749596 749598 749624 749627 749638 749639 749647 749649 749670 749676
749686 749716 749725 749733 749738 749746 749754 749759 749768 749780
749784 749790 749815 749818 749825 749834 749844 749866 749891 749892
749897 749923 749930 749932 749945 749957 749967 749981 749989 749990
750002 750009 750010 750013 750024 750025 750029 750057 750087 750093
750094 750106 750108 750115 750131 750135 750142 750161 750163 750171
750181 750189 750193 750207 750220 750239 750242 750249 750265 750294
750298 750306 750313 750327 750340 750376 750381 750385 750419 750440
750457 750473 750477 750484 750489 750490 750494 750498 750506 750519
750527 750530 750541 750555 750558 750560 750565 750578 750603 750615
750621 750625 750627 750636 750668 750680 750682 750691 750723 750731
750762 750773 750775 750779 750788 750789 750803 750806 750847 750859
750861 750863 750890 750892 750904 750908 750947 750949 750972 750995
751002 751007 751019 751022 751043 751045 751049 751051 751057 751074
751076 751077 751092 751102 751103 751107 751121 751127 751132 751134
751154 751184 751185 751221 751254 751259 751260 751269 751278 751290
751298 751303 751317 751332 751351 751373 751389 751397 751403 751406
751407 751430 751432 751442 751454 751455 751469 751470 751483 751492
751522 751533 751537 751542 751543 751554 751561 751596 751602 751612
751615 751622 751634 751652 751658 751660 751663 751675 751685 751691
751724 751731 751736 751754 751761 751777 751796 751797 751815 751816
751825 751828 751853 751857 751865 751874 751880 751889 751900 751909
751911 751925 751934 751961 751971 751978 751979 751988 751989 751993
751998 752011 752014 752031 752032 752038 752044 752056 752067 752087
752091 752094 752108 752118 752142 752143 752167 752168 752175 752188
752215 752220 752223 752227 752244 752248 752260 752275 752290 752314
752318 752321 752322 752332 752335 752361 752364 752365 752394 752405
752423 752435 752440 752442 752448 752454 752469 752487 752488 752505
752514 752527 752528 752545 752548 752554 752587 752598 752604 752609
752622 752635 752638 752641 752642 752648 752660 752670 752684 752691
752713 752722 752723 752724 752728 752739 752741 752742 752743 752750
752778 752784 752785 752796 752810 752837 752873 752884 752887 752893
752898 752902 752909 752919 752925 752933 752969 752975 752981 752989
752996 752997 753037 753049 753070 753072 753075 753084 753085 753089
753091 753122 753130 753140 753145 753158 753159 753164 753170 753171
753178 753186 753198 753205 753210 753223 753263 753275 753285 753286
753294 753303 753346 753351 753353 753360 753362 753373 753385 753390
753394 753419 753426 753439 753451 753468 753503 753546 753554 753560
753562 753563 753569 753590 753593 753603 753604 753613 753628 753631
753656 753660 753670 753671 753674 753682 753690 753695 753697 753713
753722 753727 753737 753768 753769 753774 753794 753801 753809 753838
753840 753858 753860 753864 753867 753871 753876 753883 753888 753890
753891 753892 753941 753961 754001 754004 754016 754019 754021 754030
754034 754053 754059 754074 754078 754090 754091 754092 754096 754113
754121 754122 754135 754150 754160 754175 754194 754204 754205 754207
754216 754222 754226 754237 754242 754250 754252 754265 754270 754274
754276 754278 754307 754316 754325 754327 754339 754354 754363 754392
754393 754395 754397 754418 754433 754435 754438 754441 754445 754458
754468 754474 754479 754489 754490 754496 754504 754528 754543 754555
754560 754568 754569 754577 754581 754584 754586 754595 754596 754603
754605 754627 754635 754641 754655 754672 754673 754689 754712 754724
754733 754742 754752 754772 754784 754789 754793 754801 754806 754822
754828 754865 754867 754876 754878 754888 754906 754914 754916 754924
754933 754935 754943 754944 754953 754958 754979 754983 754989 754992
754997 754999 755004 755011 755016 755023 755041 755058 755060 755066
755074 755086 755101 755117 755118 755123 755135 755142 755156 755185
755203 755224 755244 755246 755250 755256 755261 755263 755279 755298
755339 755343 755346 755348 755368 755377 755378 755388 755393 755405
755408 755414 755415 755416 755432 755433 755438 755458 755471 755473
755477 755487 755504 755506 755508 755526 755535 755543 755551 755561
755563 755567 755576 755580 755581 755593 755596 755599 755607 755609
755621 755626 755634 755651 755661 755672 755678 755683 755693 755707
755717 755718 755724 755728 755739 755741 755750 755770 755771 755784
755802 755803 755827 755831 755853 755855 755859 755870 755871 755876
755883 755905 755912 755918 755934 755935 755955 755956 755960 755968
755974 755995 756000 756008 756015 756020 756031 756037 756038 756039
756045 756050 756053 756059 756064 756066 756079 756081 756090 756111
756115 756119 756121 756126 756127 756133 756134 756136 756151 756153
756155 756158 756173 756176 756200 756201 756203 756204 756207 756209
756213 756215 756219 756247 756257 756259 756266 756276 756277 756282
756285 756286 756287 756349 756370 756375 756385 756387 756396 756416
756421 756436 756440 756448 756462 756482 756494 756524 756526 756534
756551 756560 756561 756566 756577 756580 756581 756607 756627 756642
756650 756655 756659 756662 756675 756681 756682 756686 756708 756725
756729 756752 756766 756774 756793 756799 756801 756807 756812 756818
756837 756860 756863 756882 756885 756896 756906 756915 756916 756925
756934 756935 756938 756944 756977 756989 756999 757012 757014 757019
757040 757044 757047 757085 757106 757114 757115 757124 757125 757130
757131 757132 757138 757153 757154 757163 757168 757193 757194 757211
757214 757237 757259 757268 757284 757301 757304 757316 757322 757325
757330 757351 757353 757355 757368 757381 757382 757389 757408 757417
757428 757429 757448 757484 757487 757491 757495 757506 757510 757523
757541 757553 757555 757563 757571 757579 757581 757593 757596 757608
757617 757618 757623 757634 757640 757650 757654 757659 757666 757667
757671 757677 757702 757705 757716 757717 757718 757749 757757 757761
757767 757768 757775 757776 757787 757822 757832 757835 757838 757846
757869 757885 757907 757914 757917 757918 757935 757942 757945 757947
757970 757988 758007 758013 758015 758017 758023 758025 758029 758042
758070 758086 758106 758111 758118 758170 758187 758192 758208 758211
758246 758247 758252 758276 758291 758298 758308 758331 758336 758345
758353 758359 758367 758368 758404 758407 758417 758427 758428 758434
758440 758441 758445 758463 758471 758476 758485 758500 758529 758566
758567 758585 758593 758644 758646 758650 758656 758657 758666 758667
758675 758685 758693 758706 758715 758742 758745 758753 758773 758774
758785 758800 758802 758818 758840 758848 758861 758876 758890 758891
758894 758896 758913 758922 758948 758958 758974 758979 759000 759035
759039 759048 759064 759065 759067 759069 759082 759095 759099 759100
759122 759125 759126 759133 759140 759161 759162 759175 759184 759187
759190 759198 759206 759215 759225 759231 759232 759285 759292 759304
759324 759330 759332 759346 759359 759364 759365 759392 759394 759414
759427 759431 759447 759465 759475 759484 759502 759507 759513 759516
759517 759519 759526 759536 759548 759553 759559 759563 759568 759572
759574 759581 759598 759613 759633 759636 759654 759658 759664 759668
759673 759674 759702 759707 759721 759734 759746 759753 759784 759789
759791 759808 759810 759811 759817 759833 759834 759835 759850 759862
759875 759881 759884 759918 759925 759938 759946 759958 759964 759985
759987 759990 760000 760020 760042 760087 760089 760091 760096 760101
760143 760144 760160 760162 760177 760185 760186 760213 760220 760221
760235 760238 760239 760249 760259 760270 760275 760276 760304 760336
760338 760340 760357 760358 760374 760377 760378 760386 760392 760397
760403 760412 760426 760436 760437 760445 760447 760452 760453 760455
760458 760471 760511 760519 760525 760539 760541 760554 760567 760573
760574 760577 760582 760606 760608 760610 760619 760622 760629 760636
760638 760643 760671 760673 760686 760694 760720 760721 760744 760749
760757 760760 760771 760795 760817 760821 760824 760828 760851 760856
760875 760880 760883 760886 760894 760898 760909 760917 760938 760946
760961 760983 760985 760986 761017 761025 761027 761035 761049 761051
761058 761062 761070 761081 761088 761105 761123 761129 761130 761136
761142 761152 761168 761180 761192 761219 761230 761249 761253 761276
761285 761287 761296 761301 761304 761322 761342 761349 761354 761361
761374 761377 761388 761393 761403 761414 761436 761451 761464 761481
761487 761490 761491 761496 761497 761505 761524 761555 761558 761569
761578 761580 761583 761604 761622 761626 761635 761642 761650 761655
761661 761682 761708 761709 761715 761720 761724 761739 761749 761757
761759 761762 761767 761770 761776 761791 761797 761798 761799 761814
761827 761837 761842 761853 761857 761885 761891 761894 761900 761910
761911 761917 761931 761935 761958 761965 761976 761987 761989 761998
762010 762019 762025 762035 762037 762058 762063 762068 762072 762076
762105 762114 762118 762122 762136 762142 762152 762164 762177 762199
762220 762226 762227 762229 762235 762251 762263 762278 762301 762314
762319 762329 762330 762334 762341 762346 762355 762379 762392 762402
762426 762434 762442 762462 762473 762479 762481 762482 762485 762501
762522 762530 762551 762552 762563 762597 762626 762640 762646 762651
762665 762676 762682 762698 762707 762708 762717 762737 762753 762768
762773 762785 762858 762866 762868 762885 762900 762910 762918 762924
762941 762949 762951 762957 762961 762971 762976 762988 762991 762994
763006 763013 763028 763029 763034 763040 763042 763048 763054 763062
763076 763088 763107 763108 763112 763155 763166 763170 763178 763182
763198 763207 763210 763228 763234 763238 763266 763300 763307 763353
763368 763374 763378 763400 763434 763466 763471 763498 763500 763501
763518 763524 763533 763549 763559 763573 763582 763592 763606 763609
763614 763619 763638 763642 763650 763662 763668 763674 763682 763685
763687 763688 763692 763705 763708 763709 763723 763743 763744 763761
763764 763771 763773 763781 763786 763802 763806 763808 763809 763815
763817 763820 763848 763849 763851 763860 763864 763868 763876 763932
763942 763947 763948 763958 763982 763994 764001 764006 764007 764034
764048 764061 764068 764075 764078 764081 764109 764117 764132 764154
764159 764162 764172 764186 764197 764205 764223 764225 764227 764237
764240 764253 764262 764268 764292 764305 764307 764314 764319 764321
764323 764324 764330 764332 764365 764368 764369 764377 764399 764414
764416 764424 764436 764439 764441 764450 764453 764454 764465 764474
764484 764487 764488 764490 764495 764514 764518 764523 764524 764529
764533 764534 764543 764564 764569 764577 764607 764638 764647 764668
764694 764696 764700 764710 764721 764722 764726 764748 764754 764778
764779 764780 764783 764790 764800 764810 764817 764827 764838 764841
764846 764851 764863 764865 764867 764868 764869 764874 764875 764888
764892 764895 764907 764920 764925 764938 764939 764944 764975 765017
765035 765057 765060 765077 765119 765132 765135 765153 765156 765157
765158 765217 765219 765273 765280 765306 765313 765317 765326 765345
765357 765363 765370 765381 765387 765399 765400 765408 765411 765419
765420 765428 765436 765455 765462 765463 765483 765488 765496 765497
765504 765508 765514 765526 765538 765543 765565 765573 765580 765595
765597 765605 765617 765618 765627 765636 765672 765678 765683 765690
765691 765700 765726 765730 765742 765754 765757 765773 765776 765778
765783 765784 765808 765811 765813 765816 765832 765833 765844 765847
765864 765881 765891 765895 765897 765911 765930 765941 765947 765949
765965 765993 766000 766005 766006 766015 766039 766049 766056 766062
766069 766080 766085 766105 766106 766109 766117 766133 766136 766137
766139 766148 766156 766164 766169 766189 766190 766192 766205 766219
766222 766253 766261 766276 766277 766286 766292 766322 766328 766336
766352 766354 766367 766369 766391 766395 766396 766426 766440 766452
766466 766471 766497 766513 766514 766539 766543 766563 766564 766568
766576 766585 766603 766607 766610 766614 766616 766621 766622 766635
766649 766654 766669 766672 766684 766691 766692 766696 766717 766724
766744 766781 766790 766797 766801 766804 766817 766845 766849 766867
766872 766874 766876 766884 766893 766895 766915 766920 766925 766931
766933 766937 766942 766948 766953 766972 766987 767003 767007 767016
767024 767036 767060 767062 767070 767073 767100 767102 767105 767124
767144 767150 767168 767193 767199 767208 767209 767216 767232 767250
767253 767256 767257 767263 767284 767285 767290 767294 767296 767298
767315 767336 767338 767347 767370 767389 767410 767416 767432 767437
767444 767457 767462 767465 767473 767477 767480 767484 767492 767499
767500 767528 767537 767560 767590 767592 767610 767612 767613 767628
767662 767663 767678 767683 767693 767710 767712 767715 767722 767756
767764 767767 767774 767775 767815 767819 767826 767837 767851 767865
767903 767937 767943 767961 767969 767994 767999 768011 768026 768031
768048 768061 768067 768077 768083 768084 768094 768096 768107 768138
768158 768169 768174 768181 768194 768199 768210 768212 768213 768235
768241 768247 768280 768288 768290 768296 768303 768312 768338 768353
768359 768374 768386 768388 768390 768395 768417 768423 768432 768445
768470 768471 768474 768488 768515 768536 768540 768547 768557 768578
768591 768612 768616 768623 768626 768631 768639 768643 768650 768656
768667 768674 768680 768692 768737 768746 768766 768776 768777 768786
768787 768809 768828 768842 768859 768871 768881 768932 768934 768952
768970 768988 768997 769009 769013 769027 769028 769042 769060 769063
769070 769074 769087 769095 769101 769115 769116 769166 769172 769178
769187 769190 769213 769217 769223 769231 769241 769243 769261 769262
769275 769289 769290 769296 769297 769311 769315 769318 769335 769349
769360 769376 769377 769386 769390 769395 769401 769412 769419 769420
769428 769436 769460 769461 769487 769491 769509 769510 769576 769580
769593 769608 769619 769620 769635 769638 769649 769672 769674 769675
769690 769703 769716 769729 769749 769762 769795 769809 769814 769828
769830 769832 769843 769844 769871 769891 769900 769909 769910 769916
769935 769939 769940 769950 769970 769975 769995 769996 770005 770018
770021 770026 770028 770052 770053 770069 770076 770093 770095 770106
770112 770119 770122 770142 770163 770174 770202 770214 770220 770227
770232 770239 770242 770264 770265 770266 770268 770269 770278 770282
770289 770290 770302 770303 770305 770310 770327 770362 770363 770375
770389 770391 770435 770443 770446 770450 770451 770458 770466 770470
770477 770492 770494 770502 770506 770508 770516 770520 770525 770526
770527 770540 770542 770552 770563 770582 770586 770587 770605 770613
770619 770627 770632 770635 770653 770655 770668 770690 770691 770696
770699 770701 770703 770705 770707 770710 770713 770719 770731 770737
770738 770739 770742 770752 770775 770785 770788 770791 770804 770805
770827 770828 770838 770841 770843 770851 770868 770887 770891 770893
770895 770923 770931 770936 770953 770965 770967 770975 770977 770993
770997 771015 771016 771018 771041 771046 771053 771055 771057 771072
771100 771110 771113 771123 771132 771147 771148 771164 771165 771176
771179 771185 771193 771195 771203 771210 771232 771233 771242 771243
771271 771283 771284 771297 771299 771300 771301 771318 771327 771339
771344 771350 771352 771359 771364 771365 771374 771384 771387 771395
771400 771414 771426 771446 771454 771457 771478 771479 771487 771513
771514 771522 771529 771550 771558 771568 771578 771579 771582 771595
771615 771616 771617 771618 771651 771659 771660 771673 771674 771688
771709 771718 771728 771751 771756 771757 771768 771769 771776 771788
771793 771797 771807 771812 771817 771822 771835 771843 771869 771873
771888 771901 771906 771910 771915 771919 771927 771932 771938 771941
771953 771954 771957 771961 771991 772021 772041 772054 772062 772064
772068 772093 772114 772143 772145 772162 772165 772188 772219 772224
772229 772245 772272 772284 772286 772314 772321 772326 772338 772347
772351 772362 772365 772398 772406 772422 772437 772459 772463 772465
772541 772549 772568 772574 772596 772600 772606 772615 772621 772624
772625 772635 772637 772643 772666 772671 772699 772708 772713 772737
772751 772760 772767 772769 772799 772830 772833 772840 772850 772853
772866 772874 772878 772883 772884 772892 772893 772909 772931 772955
772972 772993 772999 773009 773014 773023 773030 773034 773049 773068
773071 773087 773115 773117 773120 773121 773133 773145 773157 773167
773176 773184 773205 773226 773227 773228 773229 773248 773252 773288
773298 773302 773308 773310 773341 773343 773350 773361 773385 773403
773405 773406 773426 773455 773456 773458 773463 773473 773483 773484
773502 773515 773521 773525 773529 773552 773553 773557 773559 773564
773570 773571 773595 773610 773618 773632 773633 773636 773651 773667
773682 773685 773691 773697 773725 773745 773747 773755 773760 773761
773800 773809 773821 773823 773830 773831 773833 773835 773853 773860
773870 773888 773906 773927 773936 773940 773952 773953 773967 773968
773985 773997 774011 774019 774023 774025 774026 774029 774030 774056
774058 774074 774077 774084 774102 774104 774128 774133 774139 774146
774147 774150 774172 774179 774187 774189 774193 774195 774216 774229
774235 774239 774244 774246 774274 774278 774303 774310 774321 774335
774339 774362 774387 774394 774415 774429 774432 774433 774439 774448
774450 774453 774464 774476 774480 774491 774493 774502 774529 774540
774551 774559 774563 774583 774613 774621 774623 774629 774631 774640
774641 774642 774644 774649 774651 774655 774657 774673 774675 774690
774691 774695 774712 774733 774735 774749 774758 774759 774760 774771
774788 774790 774806 774821 774831 774850 774863 774878 774881 774883
774895 774903 774904 774905 774911 774929 774935 774937 774946 774955
774967 774994 774995 775000 775008 775041 775048 775050 775052 775054
775055 775063 775069 775077 775084 775086 775099 775108 775109 775111
775128 775161 775173 775176 775188 775192 775230 775246 775250 775260
775263 775264 775273 775280 775284 775286 775295 775306 775308 775330
775338 775370 775371 775375 775404 775412 775414 775421 775431 775433
775437 775438 775441 775457 775461 775464 775483 775487 775491 775501
775515 775531 775545 775569 775572 775578 775586 775594 775603 775607
775620 775621 775622 775633 775639 775645 775648 775656 775705 775735
775746 775768 775773 775774 775778 775786 775801 775807 775818 775825
775844 775852 775856 775869 775871 775876 775882 775889 775908 775919
775921 775939 775943 775949 775961 775964 775971 775974 775985 775994
775995 776024 776031 776035 776060 776071 776106 776110 776116 776120
776123 776131 776148 776158 776160 776164 776165 776169 776219 776221
776223 776226 776229 776253 776269 776272 776279 776289 776291 776331
776344 776349 776354 776358 776364 776375 776377 776379 776390 776397
776425 776432 776443 776457 776463 776467 776477 776482 776500 776501
776504 776518 776540 776542 776552 776556 776562 776564 776576 776587
776611 776613 776628 776641 776672 776674 776676 776677 776684 776710
776713 776729 776730 776742 776745 776749 776787 776806 776832 776840
776850 776851 776861 776875 776901 776933 776937 776968 776982 776989
777011 777022 777031 777036 777044 777066 777086 777101 777118 777144
777162 777169 777173 777177 777188 777202 777204 777208 777221 777223
777226 777242 777244 777245 777247 777273 777301 777306 777323 777345
777350 777357 777371 777375 777389 777392 777396 777407 777416 777423
777427 777439 777445 777462 777468 777469 777483 777514 777515 777518
777534 777540 777556 777583 777585 777586 777589 777590 777597 777603
777614 777622 777632 777646 777661 777668 777679 777696 777704 777706
777712 777744 777756 777757 777765 777770 777771 777796 777797 777807
777823 777841 777847 777854 777890 777904 777938 777944 777946 777980
777983 778002 778009 778014 778016 778020 778025 778028 778042 778061
778077 778079 778087 778092 778112 778113 778125 778126 778130 778132
778155 778156 778175 778184 778213 778215 778225 778227 778235 778237
778240 778242 778249 778257 778258 778261 778268 778279 778286 778303
778317 778329 778350 778352 778364 778385 778398 778399 778439 778471
778474 778510 778521 778526 778562 778577 778583 778595 778614 778655
778670 778680 778681 778697 778715 778718 778728 778730 778743 778746
778749 778765 778768 778794 778803 778817 778841 778843 778854 778863
778869 778877 778883 778892 778899 778920 778922 778923 778941 778943
778954 778963 778965 778968 778974 778984 778994 778995 779003 779027
779029 779037 779059 779062 779069 779071 779083 779110 779120 779124
779132 779137 779144 779152 779171 779184 779186 779197 779201 779202
779209 779213 779214 779215 779229 779245 779246 779256 779259 779267
779284 779287 779290 779298 779307 779323 779340 779351 779353 779366
779368 779400 779413 779429 779436 779440 779441 779443 779463 779470
779471 779475 779476 779491 779493 779496 779511 779515 779532 779545
779550 779571 779573 779583 779585 779586 779595 779604 779605 779615
779622 779623 779635 779640 779657 779698 779705 779707 779708 779718
779724 779729 779745 779759 779769 779772 779783 779788 779826 779836
779840 779856 779888 779893 779897 779903 779923 779926 779927 779930
779936 779941 779942 779948 779958 779969 779976 779977 779981 779982
779990 779991 779995 780008 780013 780017 780035 780038 780041 780052
780060 780084 780089 780092 780122 780125 780138 780143 780153 780164
780190 780193 780202 780206 780209 780228 780245 780247 780248 780262
780264 780266 780271 780279 780281 780291 780292 780295 780318 780341
780347 780352 780361 780366 780371 780385 780389 780412 780416 780419
780427 780432 780440 780457 780475 780494 780506 780521 780529 780530
780549 780554 780564 780588 780595 780598 780611 780668 780669 780685
780691 780708 780714 780715 780717 780718 780732 780756 780779 780782
780792 780793 780801 780809 780819 780836 780848 780850 780854 780863
780873 780881 780886 780890 780896 780904 780908 780911 780918 780931
780957 780962 780994 780997 780998 781011 781014 781044 781062 781065
781069 781081 781111 781119 781125 781132 781138 781145 781162 781163
781166 781169 781192 781193 781204 781218 781227 781230 781247 781251
781263 781264 781276 781290 781295 781318 781328 781349 781360 781378
781389 781403 781407 781419 781431 781432 781441 781483 781491 781501
781503 781511 781512 781526 781543 781545 781549 781559 781567 781574
781606 781612 781613 781614 781618 781646 781660 781678 781680 781704
781730 781757 781758 781773 781774 781787 781798 781799 781806 781846
781851 781859 781911 781912 781914 781917 781943 781949 781952 781979
781991 781995 782009 782011 782043 782051 782058 782071 782093 782099
782109 782113 782115 782119 782121 782165 782168 782174 782182 782183
782208 782212 782236 782239 782248 782258 782262 782264 782286 782287
782309 782332 782351 782368 782401 782430 782433 782437 782458 782462
782474 782475 782479 782492 782512 782515 782519 782526 782531 782544
782573 782594 782595 782597 782616 782636 782649 782655 782664 782665
782667 782677 782685 782700 782709 782713 782727 782731 782737 782738
782741 782786 782791 782804 782829 782831 782832 782834 782839 782840
782862 782878 782933 782934 782936 782940 782949 782954 782983 782984
782989 783003 783005 783017 783028 783030 783036 783038 783049 783066
783067 783070 783083 783085 783089 783098 783109 783164 783205 783224
783236 783244 783271 783287 783288 783300 783306 783324 783330 783341
783349 783354 783360 783363 783367 783373 783385 783392 783393 783395
783403 783407 783419 783431 783448 783450 783452 783457 783464 783466
783467 783481 783488 783493 783498 783499 783509 783525 783567 783568
783571 783582 783587 783588 783598 783607 783610 783634 783640 783682
783694 783696 783704 783722 783738 783739 783755 783765 783773 783775
783781 783805 783815 783847 783849 783852 783859 783864 783870 783925
783927 783937 783958 783968 784003 784008 784017 784038 784043 784047
784054 784061 784063 784068 784071 784081 784084 784112 784133 784135
784167 784170 784194 784199 784205 784206 784215 784216 784231 784242
784243 784245 784259 784261 784270 784275 784278 784284 784289 784296
784299 784303 784350 784363 784370 784377 784378 784380 784387 784397
784400 784401 784407 784425 784432 784439 784443 784452 784462 784463
784479 784563 784574 784576 784584 784597 784612 784617 784639 784658
784660 784665 784675 784682 784685 784694 784710 784715 784719 784727
784743 784748 784755 784759 784763 784772 784791 784827 784839 784841
784855 784860 784861 784863 784866 784868 784869 784872 784879 784885
784891 784899 784900 784905 784906 784922 784926 784927 784937 784943
784956 784965 784969 784976 784980 784981 785017 785032 785039 785066
785075 785091 785093 785103 785107 785117 785136 785139 785154 785155
785175 785193 785230 785241 785246 785250 785261 785264 785299 785304
785309 785326 785374 785385 785387 785388 785391 785402 785409 785428
785462 785472 785477 785487 785500 785501 785510 785520 785527 785528
785530 785533 785553 785554 785556 785591 785607 785610 785615 785643
785657 785659 785661 785662 785671 785677 785678 785681 785687 785696
785711 785737 785746 785776 785779 785801 785814 785820 785845 785846
785852 785858 785859 785861 785870 785873 785883 785888 785889 785895
785900 785902 785911 785921 785925 785931 785961 785968 785992 786010
786019 786023 786032 786037 786039 786040 786045 786056 786062 786063
786066 786078 786079 786088 786100 786105 786119 786127 786137 786148
786149 786174 786190 786202 786217 786218 786240 786245 786253 786281
786309 786316 786323 786324 786325 786335 786342 786348 786350 786351
786352 786356 786359 786373 786394 786400 786401 786411 786419 786437
786446 786447 786448 786456 786461 786503 786505 786511 786544 786560
786594 786613 786624 786636 786643 786660 786665 786682 786685 786687
786709 786718 786721 786722 786724 786731 786757 786762 786765 786772
786776 786779 786830 786845 786849 786854 786855 786873 786881 786885
786886 786896 786902 786903 786905 786909 786910 786919 786921 786928
786932 786943 786962 786965 786973 786979 786981 786996 787010 787013
787044 787048 787050 787053 787055 787058 787090 787116 787132 787139
787145 787146 787151 787161 787186 787200 787212 787226 787227 787229
787313 787316 787319 787327 787336 787339 787343 787355 787370 787373
787378 787384 787401 787402 787405 787435 787440 787444 787455 787462
787463 787475 787498 787500 787531 787535 787538 787541 787545 787549
787550 787560 787562 787578 787590 787615 787630 787639 787655 787669
787670 787677 787685 787725 787733 787739 787749 787751 787756 787771
787780 787790 787807 787812 787817 787821 787824 787836 787844 787851
787915 787920 787922 787927 787935 787941 787969 787987 787989 787990
787991 787994 788001 788029 788042 788046 788071 788094 788108 788120
788132 788162 788166 788182 788210 788250 788252 788254 788260 788270
788276 788281 788284 788296 788307 788316 788317 788333 788339 788343
788383 788385 788390 788391 788398 788406 788411 788416 788417 788418
788423 788427 788430 788431 788463 788469 788479 788486 788492 788497
788507 788508 788517 788530 788533 788536 788553 788568 788575 788581
788585 788586 788605 788615 788624 788633 788647 788653 788664 788686
788706 788714 788717 788724 788730 788743 788762 788763 788789 788859
788860 788863 788864 788889 788893 788914 788957 788967 788973 788987
788992 788994 788996 789004 789006 789007 789009 789018 789020 789041
789045 789058 789059 789078 789105 789108 789115 789122 789141 789161
789173 789179 789216 789225 789229 789272 789279 789319 789321 789337
789346 789371 789374 789390 789407 789409 789415 789428 789437 789447
789450 789454 789459 789482 789483 789484 789528 789531 789538 789539
789543 789571 789583 789585 789613 789622 789631 789636 789655 789669
789672 789673 789680 789683 789685 789693 789725 789738 789787 789809
789816 789819 789823 789826 789839 789841 789851 789860 789864 789871
789883 789886 789890 789921 789926 789930 789939 789945 789962 789970
789975 789989 790005 790014 790029 790039 790070 790082 790094 790120
790143 790202 790203 790221 790227 790241 790253 790260 790289 790313
790315 790324 790330 790337 790359 790361 790365 790379 790394 790401
790419 790421 790440 790446 790452 790456 790457 790465 790486 790494
790505 790506 790520 790527 790532 790543 790555 790559 790562 790576
790596 790601 790605 790608 790616 790637 790640 790644 790659 790665
790667 790670 790671 790681 790682 790704 790723 790737 790753 790756
790776 790798 790804 790810 790814 790818 790821 790858 790863 790866
790875 790878 790892 790895 790926 790935 790942 790946 790975 790982
790988 790994 790997 791002 791010 791025 791028 791034 791038 791040
791056 791065 791072 791081 791085 791090 791102 791113 791127 791164
791167 791174 791198 791205 791206 791212 791214 791223 791281 791286
791291 791297 791302 791304 791343 791357 791365 791366 791385 791398
791413 791414 791421 791445 791447 791468 791482 791485 791488 791496
791505 791529 791549 791552 791553 791555 791564 791580 791587 791610
791617 791626 791627 791647 791650 791651 791672 791698 791706 791708
791714 791718 791733 791740 791744 791752 791756 791770 791775 791780
791786 791799 791844 791855 791859 791860 791866 791868 791876 791877
791880 791889 791897 791906 791920 791925 791930 791949 791952 791958
791968 791979 791980 792013 792016 792019 792027 792035 792054 792069
792080 792088 792101 792110 792118 792120 792122 792136 792140 792163
792175 792181 792188 792202 792206 792210 792211 792219 792232 792251
792257 792275 792277 792282 792287 792299 792302 792304 792311 792332
792372 792377 792386 792393 792399 792404 792405 792422 792424 792428
792435 792446 792475 792491 792498 792500 792502 792508 792522 792528
792552 792553 792565 792571 792574 792578 792598 792599 792601 792619
792629 792634 792647 792648 792661 792663 792664 792665 792674 792677
792680 792692 792733 792735 792762 792763 792766 792769 792781 792782
792786 792828 792864 792933 792951 792953 792958 792965 792973 792980
792990 792993 793000 793011 793024 793035 793038 793056 793064 793069
793091 793103 793104 793141 793146 793165 793168 793169 793176 793183
793190 793194 793243 793244 793251 793257 793260 793269 793305 793328
793348 793378 793386 793390 793398 793416 793428 793431 793438 793441
793454 793457 793464 793468 793480 793483 793503 793520 793546 793549
793567 793598 793609 793617 793622 793631 793632 793643 793665 793672
793673 793683 793687 793690 793709 793722 793729 793749 793755 793784
793795 793810 793815 793818 793824 793826 793852 793867 793871 793882
793899 793902 793914 793919 793921 793929 793930 793931 793937 793970
793971 793977 793983 793984 793990 793992 793994 793998 794010 794018
794037 794042 794044 794062 794066 794076 794081 794083 794087 794097
794108 794110 794114 794122 794131 794134 794149 794151 794154 794159
794171 794176 794180 794195 794218 794228 794229 794242 794246 794252
794257 794279 794293 794296 794305 794311 794312 794314 794317 794320
794323 794338 794359 794366 794370 794381 794404 794449 794453 794454
794457 794465 794468 794488 794516 794519 794520 794525 794528 794529
794557 794572 794585 794587 794597 794614 794616 794625 794629 794635
794646 794648 794649 794659 794660 794666 794667 794670 794698 794702
794729 794731 794737 794740 794741 794744 794748 794764 794771 794779
794793 794795 794802 794824 794842 794847 794859 794873 794880 794898
794902 794924 794925 794939 794955 794958 794967 794980 795024 795083
795121 795123 795148 795172 795176 795177 795184 795194 795210 795233
795236 795258 795259 795314 795342 795357 795367 795404 795408 795409
795410 795416 795429 795443 795468 795469 795481 795493 795508 795511
795553 795572 795613 795615 795618 795625 795633 795637 795640 795642
795644 795649 795654 795663 795668 795688 795697 795707 795711 795715
795724 795728 795736 795743 795756 795758 795772 795777 795781 795782
795789 795798 795804 795810 795813 795816 795824 795828 795835 795843
795854 795868 795896 795916 795925 795936 795942 795958 795971 795980
795982 795988 796001 796025 796030 796047 796062 796080 796088 796119
796136 796139 796141 796144 796156 796157 796160 796175 796190 796198
796206 796213 796240 796250 796288 796293 796299 796329 796337 796340
796354 796358 796363 796367 796378 796381 796408 796414 796429 796434
796442 796445 796449 796457 796481 796484 796492 796497 796516 796521
796530 796549 796552 796569 796570 796577 796589 796594 796617 796625
796634 796635 796644 796652 796657 796663 796667 796673 796675 796697
796704 796709 796713 796720 796722 796730 796742 796747 796752 796771
796786 796790 796794 796805 796813 796824 796838 796841 796846 796849
796850 796883 796885 796887 796890 796893 796895 796961 796965 796966
796972 796995 797000 797010 797022 797027 797046 797059 797074 797076
797086 797099 797108 797115 797123 797145 797149 797150 797159 797181
797191 797200 797203 797225 797241 797250 797251 797252 797258 797282
797288 797314 797317 797321 797329 797345 797349 797351 797357 797369
797375 797389 797401 797405 797418 797427 797431 797432 797462 797485
797494 797499 797503 797505 797521 797531 797546 797548 797561 797565
797568 797577 797612 797617 797636 797638 797647 797648 797649 797652
797668 797674 797678 797679 797703 797704 797706 797716 797727 797758
797766 797768 797771 797778 797780 797788 797831 797854 797862 797868
797893 797908 797921 797943 797954 797958 797968 797973 797983 798001
798002 798014 798046 798052 798058 798065 798087 798095 798103 798117
798120 798148 798157 798160 798184 798186 798191 798203 798208 798226
798239 798244 798250 798265 798270 798272 798306 798334 798338 798341
798342 798343 798369 798382 798384 798391 798421 798428 798461 798488
798489 798505 798521 798524 798535 798558 798564 798566 798574 798590
798600 798620 798634 798639 798644 798655 798665 798668 798671 798675
798679 798700 798707 798756 798764 798789 798799 798808 798816 798833
798845 798848 798852 798860 798876 798877 798879 798895 798902 798906
798923 798949 798950 798959 798977 798990 798997 798999 799013 799015
799034 799061 799072 799084 799097 799098 799116 799117 799121 799123
799147 799148 799164 799185 799193 799200 799208 799212 799215 799231
799234 799246 799255 799259 799279 799299 799326 799329 799331 799333
799337 799338 799350 799351 799365 799378 799383 799400 799405 799418
799432 799462 799465 799480 799487 799493 799495 799531 799543 799554
799555 799563 799566 799577 799584 799625 799630 799654 799689 799698
799728 799742 799769 799776 799801 799828 799836 799837 799838 799844
799847 799850 799881 799896 799909 799920 799922 799928 799933 799959
799965 799969 799971 799984 799990 800005 800017 800020 800027 800048
800061 800075 800083 800088 800093 800117 800129 800144 800154 800157
800161 800168 800177 800182 800186 800213 800217 800245 800246 800261
800284 800288 800298 800311 800327 800376 800380 800382 800400 800413
800433 800440 800452 800462 800474 800488 800494 800508 800544 800550
800552 800553 800560 800571 800607 800627 800630 800666 800671 800683
800699 800725 800726 800749 800759 800761 800771 800776 800778 800779
800787 800804 800817 800821 800822 800826 800837 800868 800888 800897
800899 800902 800909 800912 800913 800915 800920 800923 800949 800974
801003 801035 801055 801085 801086 801089 801095 801103 801104 801124
801131 801145 801147 801154 801172 801181 801187 801192 801197 801213
801217 801218 801222 801252 801253 801259 801260 801280 801282 801298
801302 801304 801312 801330 801335 801348 801366 801395 801400 801407
801434 801453 801488 801504 801518 801528 801532 801551 801557 801562
801572 801621 801629 801642 801643 801652 801653 801661 801664 801684
801688 801700 801710 801720 801723 801729 801742 801743 801745 801746
801747 801762 801786 801793 801795 801799 801801 801826 801836 801843
801864 801869 801893 801895 801896 801902 801907 801912 801920 801931
801948 801962 801966 801977 801980 801991 801994 802001 802004 802010
802021 802026 802044 802045 802085 802088 802096 802101 802119 802120
802121 802124 802128 802140 802144 802178 802185 802199 802203 802211
802213 802216 802243 802245 802250 802254 802255 802259 802264 802272
802292 802311 802319 802327 802337 802348 802349 802361 802362 802381
802384 802399 802402 802415 802421 802423 802424 802425 802429 802443
802453 802454 802455 802457 802459 802463 802476 802519 802521 802522
802530 802533 802555 802557 802573 802578 802586 802600 802603 802606
802609 802627 802631 802641 802645 802651 802658 802677 802682 802694
802698 802705 802715 802716 802733 802745 802760 802807 802818 802826
802829 802834 802835 802839 802841 802852 802853 802862 802864 802865
802873 802874 802888 802908 802909 802911 802914 802915 802925 802952
803025 803032 803057 803059 803065 803068 803084 803094 803095 803097
803105 803109 803138 803139 803142 803153 803173 803175 803178 803180
803181 803189 803191 803195 803196 803206 803230 803233 803252 803268
803289 803302 803310 803316 803322 803339 803351 803371 803379 803389
803393 803421 803426 803430 803434 803443 803445 803452 803453 803457
803458 803476 803482 803494 803497 803516 803528 803533 803534 803558
803616 803642 803645 803646 803651 803666 803669 803675 803677 803681
803682 803684 803685 803695 803698 803707 803720 803732 803733 803736
803739 803740 803753 803773 803780 803783 803791 803805 803808 803872
803878 803902 803914 803919 803925 803937 803938 803940 803943 803947
803955 803957 803968 803995 803999 804004 804011 804019 804027 804033
804038 804049 804069 804076 804094 804098 804119 804127 804132 804148
804165 804173 804177 804187 804214 804220 804223 804224 804241 804260
804264 804265 804284 804301 804309 804310 804314 804321 804326 804331
804343 804379 804402 804405 804415 804428 804437 804455 804460 804468
804491 804496 804508 804513 804515 804523 804529 804544 804557 804560
804563 804566 804597 804602 804603 804626 804630 804631 804635 804637
804639 804640 804641 804646 804662 804665 804666 804675 804681 804696
804711 804725 804734 804742 804755 804764 804770 804790 804793 804824
804827 804847 804859 804870 804899 804906 804925 804928 804939 804945
804972 804978 804985 805012 805018 805021 805022 805029 805050 805096
805106 805110 805133 805143 805148 805165 805176 805182 805196 805210
805243 805247 805252 805258 805261 805272 805287 805303 805304 805320
805329 805348 805356 805360 805362 805363 805369 805370 805381 805389
805391 805403 805404 805424 805427 805438 805448 805474 805478 805505
805533 805535 805540 805548 805555 805571 805576 805587 805610 805622
805623 805627 805638 805691 805694 805755 805756 805758 805772 805778
805781 805784 805800 805802 805849 805851 805855 805871 805878 805903
805915 805926 805933 805943 805949 805951 805963 805985 805994 805996
806000 806008 806016 806019 806025 806032 806039 806040 806047 806056
806080 806102 806114 806116 806118 806125 806127 806129 806131 806133
806135 806137 806145 806150 806180 806183 806185 806243 806264 806287
806326 806337 806346 806348 806363 806371 806382 806393 806404 806408
806410 806417 806424 806443 806448 806451 806463 806476 806483 806485
806486 806493 806494 806499 806507 806519 806541 806543 806561 806567
806572 806576 806577 806580 806587 806623 806656 806680 806686 806688
806693 806698 806699 806717 806725 806733 806763 806774 806790 806805
806813 806816 806844 806845 806879 806895 806901 806915 806922 806924
806925 806950 806954 806958 806959 806964 806972 806974 806989 807005
807022 807031 807036 807040 807046 807052 807063 807068 807077 807078
807081 807083 807105 807112 807119 807134 807135 807139 807149 807150
807161 807163 807183 807196 807200 807223 807230 807256 807279 807285
807294 807297 807302 807311 807316 807325 807329 807349 807359 807384
807389 807401 807410 807444 807463 807469 807486 807502 807524 807531
807538 807544 807545 807546 807553 807568 807637 807641 807646 807657
807677 807680 807689 807691 807700 807706 807713 807715 807742 807745
807748 807751 807752 807757 807758 807778 807781 807785 807788 807792
807812 807834 807835 807837 807854 807871 807874 807879 807898 807904
807965 807967 807971 807972 807975 807977 807979 807980 807996 808018
808022 808025 808027 808028 808029 808034 808045 808046 808048 808050
808063 808072 808095 808096 808100 808112 808117 808127 808128 808147
808164 808181 808183 808205 808206 808220 808230 808231 808236 808278
808280 808290 808299 808300 808306 808317 808326 808371 808372 808379
808381 808403 808409 808427 808443 808445 808466 808470 808480 808494
808496 808509 808525 808529 808532 808562 808582 808586 808598 808601
808605 808606 808616 808629 808632 808650 808664 808676 808677 808681
808683 808701 808706 808712 808717 808735 808755 808756 808775 808776
808785 808798 808803 808809 808829 808830 808835 808836 808839 808849
808854 808867 808874 808879 808880 808887 808902 808909 808937 808954
808982 808986 808989 808991 809037 809041 809043 809050 809054 809062
809065 809091 809100 809107 809122 809126 809129 809134 809157 809165
809166 809177 809179 809196 809200 809202 809204 809219 809220 809235
809256 809262 809279 809280 809293 809311 809324 809329 809332 809333
809343 809355 809363 809394 809395 809405 809407 809408 809411 809412
809416 809432 809435 809437 809439 809442 809443 809458 809471 809502
809511 809516 809520 809541 809548 809549 809553 809563 809574 809576
809579 809591 809596 809598 809611 809628 809658 809664 809668 809672
809690 809702 809703 809705 809708 809714 809740 809746 809748 809761
809773 809794 809795 809801 809826 809827 809841 809846 809848 809852
809874 809875 809887 809888 809897 809923 809931 809938 810006 810035
810038 810048 810073 810091 810097 810108 810126 810132 810149 810159
810174 810198 810216 810219 810221 810222 810223 810231 810259 810262
810265 810270 810272 810305 810324 810351 810358 810360 810377 810384
810389 810407 810408 810437 810474 810488 810550 810572 810579 810581
810585 810587 810595 810600 810627 810635 810652 810660 810664 810665
810673 810676 810693 810732 810737 810752 810755 810757 810758 810760
810769 810772 810802 810834 810835 810872 810874 810875 810901 810913
810914 810922 810943 810944 810958 810965 810970 810977 810978 811001
811014 811036 811056 811061 811070 811071 811073 811077 811094 811102
811111 811118 811119 811120 811130 811132 811159 811160 811172 811177
811204 811209 811229 811230 811233 811234 811241 811267 811293 811315
811318 811324 811326 811327 811342 811399 811408 811416 811433 811447
811449 811451 811455 811477 811488 811529 811549 811551 811552 811558
811565 811566 811585 811590 811592 811597 811604 811629 811633 811634
811642 811643 811645 811649 811651 811662 811665 811670 811694 811698
811707 811717 811724 811728 811732 811736 811753 811760 811763 811765
811766 811770 811774 811779 811786 811802 811804 811820 811830 811844
811859 811882 811898 811916 811950 811961 811971 811982 811983 811991
812001 812015 812041 812054 812057 812059 812071 812079 812082 812100
812118 812125 812152 812162 812163 812169 812180 812182 812188 812193
812195 812205 812207 812223 812240 812246 812263 812286 812290 812310
812321 812326 812352 812354 812361 812364 812374 812375 812388 812389
812405 812423 812438 812452 812456 812471 812488 812503 812550 812552
812561 812566 812573 812584 812596 812630 812642 812650 812651 812655
812658 812662 812673 812687 812716 812718 812727 812733 812748 812756
812798 812799 812801 812805 812811 812813 812822 812823 812825 812838
812840 812846 812885 812889 812894 812916 812927 812952 812956 812963
812979 812997 813000 813008 813015 813032 813041 813050 813074 813084
813107 813117 813120 813128 813151 813159 813177 813181 813184 813209
813212 813223 813227 813236 813273 813276 813285 813286 813288 813289
813297 813304 813326 813344 813369 813402 813419 813447 813457 813461
813463 813471 813476 813484 813486 813499 813529 813567 813581 813582
813615 813617 813619 813622 813629 813637 813644 813648 813654 813657
813660 813675 813680 813688 813696 813723 813724 813726 813731 813743
813750 813759 813766 813767 813775 813796 813811 813853 813874 813875
813907 813911 813919 813920 813931 813941 813948 813964 813970 813982
813983 813986 813993 814020 814021 814041 814055 814071 814076 814092
814093 814100 814115 814151 814153 814168 814169 814173 814192 814204
814221 814231 814246 814247 814258 814259 814260 814261 814306 814310
814316 814328 814347 814350 814351 814368 814370 814385 814409 814418
814427 814431 814439 814441 814455 814467 814488 814489 814493 814508
814514 814519 814529 814536 814537 814544 814545 814552 814559 814571
814575 814587 814589 814598 814606 814628 814631 814644 814652 814653
814657 814666 814668 814676 814697 814717 814738 814744 814750 814770
814774 814783 814791 814794 814795 814811 814832 814842 814855 814862
814873 814896 814902 814904 814909 814922 814924 814926 814929 814938
814942 814953 814954 814989 815018 815026 815031 815032 815066 815080
815104 815112 815153 815161 815163 815168 815206 815222 815227 815228
815237 815242 815244 815245 815258 815264 815277 815285 815288 815302
815319 815321 815338 815348 815352 815371 815375 815389 815406 815414
815417 815433 815435 815450 815459 815485 815486 815487 815502 815519
815529 815533 815534 815535 815561 815565 815590 815592 815597 815610
815618 815630 815663 815667 815695 815702 815705 815706 815709 815717
815757 815766 815802 815806 815830 815832 815840 815841 815868 815871
815889 815890 815905 815915 815916 815927 815966 815969 815971 815979
815992 815997 816002 816004 816013 816021 816022 816035 816038 816048
816066 816076 816078 816084 816089 816107 816122 816134 816157 816159
816161 816165 816166 816180 816182 816191 816195 816224 816240 816241
816247 816264 816279 816280 816282 816288 816290 816301 816303 816307
816315 816330 816333 816337 816348 816378 816388 816393 816406 816407
816414 816441 816455 816457 816484 816490 816506 816507 816543 816582
816646 816648 816671 816684 816691 816697 816701 816717 816747 816748
816790 816800 816803 816806 816811 816817 816824 816836 816837 816841
816843 816851 816871 816878 816885 816902 816914 816919 816928 816930
816934 816945 816946 816961 816966 816967 816974 816977 816999 817001
817010 817039 817040 817043 817059 817071 817075 817087 817090 817094
817107 817120 817132 817143 817152 817163 817173 817176 817199 817218
817221 817238 817243 817245 817247 817258 817259 817261 817263 817288
817329 817336 817340 817344 817345 817346 817348 817350 817352 817369
817371 817373 817389 817406 817413 817424 817425 817433 817438 817452
817457 817500 817513 817524 817531 817541 817573 817591 817595 817596
817598 817620 817621 817624 817660 817667 817671 817685 817693 817712
817718 817773 817803 817807 817808 817822 817829 817835 817848 817849
817853 817865 817867 817871 817873 817878 817879 817880 817896 817918
817920 817927 817933 817935 817947 817963 817970 817991 817998 818001
818006 818021 818035 818037 818039 818040 818041 818050 818062 818067
818072 818076 818081 818084 818118 818131 818138 818141 818147 818153
818166 818170 818172 818184 818189 818211 818217 818220 818221 818225
818242 818249 818252 818254 818262 818268 818274 818289 818291 818293
818295 818301 818305 818307 818326 818349 818352 818358 818374 818384
818404 818405 818425 818432 818434 818442 818453 818463 818489 818492
818507 818512 818541 818544 818545 818555 818560 818571 818573 818596
818597 818607 818620 818629 818634 818645 818692 818703 818720 818728
818764 818767 818769 818783 818804 818819 818823 818824 818853 818859
818861 818873 818874 818880 818893 818910 818916 818917 818927 818937
818940 818970 818990 819005 819022 819034 819038 819048 819063 819066
819068 819075 819077 819083 819084 819086 819087 819090 819098 819139
819144 819163 819178 819184 819191 819199 819215 819229 819231 819242
819254 819262 819263 819280 819285 819286 819291 819304 819320 819325
819332 819341 819354 819356 819361 819365 819376 819401 819425 819431
819436 819443 819450 819451 819455 819464 819473 819477 819479 819488
819499 819510 819515 819522 819537 819549 819564 819566 819580 819592
819595 819603 819604 819606 819609 819693 819720 819730 819741 819743
819754 819774 819778 819784 819804 819806 819809 819826 819845 819848
819850 819862 819866 819871 819874 819881 819915 819917 819945 819963
819964 819965 819979 820009 820022 820027 820076 820098 820106 820107
820109 820123 820126 820138 820151 820161 820169 820187 820189 820192
820200 820204 820211 820223 820227 820232 820235 820246 820255 820257
820280 820291 820293 820297 820306 820313 820320 820336 820359 820377
820378 820385 820388 820419 820430 820432 820433 820436 820438 820444
820446 820461 820499 820515 820521 820524 820562 820563 820575 820581
820591 820602 820610 820636 820652 820656 820662 820666 820670 820685
820686 820692 820693 820709 820721 820734 820738 820748 820751 820763
820770 820788 820803 820813 820827 820828 820845 820846 820847 820873
820883 820893 820899 820940 820969 820973 820979 820983 820985 820987
821006 821007 821012 821014 821036 821039 821060 821070 821080 821088
821096 821097 821099 821100 821101 821113 821120 821127 821154 821155
821156 821177 821178 821182 821187 821205 821228 821261 821263 821267
821270 821277 821285 821286 821290 821293 821298 821299 821301 821308
821310 821317 821320 821335 821367 821370 821396 821403 821404 821409
821425 821429 821438 821449 821450 821456 821465 821475 821488 821492
821508 821510 821513 821522 821526 821531 821541 821556 821566 821592
821599 821601 821605 821629 821632 821638 821639 821644 821646 821657
821672 821700 821715 821722 821725 821731 821753 821755 821757 821807
821819 821826 821839 821843 821846 821859 821868 821870 821889 821891
821897 821900 821905 821913 821920 821924 821926 821929 821957 821985
821989 821994 822008 822013 822015 822028 822029 822041 822048 822065
822080 822092 822113 822114 822129 822130 822134 822141 822147 822158
822174 822176 822178 822185 822187 822196 822197 822200 822229 822230
822242 822243 822250 822251 822255 822257 822261 822264 822266 822270
822285 822303 822304 822323 822326 822331 822340 822341 822347 822349
822367 822372 822392 822400 822403 822410 822440 822446 822464 822476
822481 822485 822488 822519 822521 822537 822549 822589 822593 822596
822603 822612 822634 822637 822639 822640 822658 822667 822693 822695
822700 822711 822713 822722 822736 822742 822745 822758 822762 822765
822773 822782 822789 822790 822811 822817 822825 822829 822830 822832
822859 822875 822880 822888 822919 822941 822947 822949 822967 822990
823029 823057 823067 823074 823132 823133 823144 823166 823167 823170
823171 823213 823238 823242 823243 823292 823296 823302 823305 823309
823315 823318 823322 823347 823356 823382 823391 823413 823420 823425
823428 823432 823434 823436 823440 823443 823456 823458 823460 823469
823474 823477 823498 823515 823533 823546 823554 823558 823565 823568
823573 823574 823575 823576 823589 823597 823605 823617 823618 823621
823632 823633 823640 823641 823642 823657 823660 823662 823666 823677
823684 823699 823709 823713 823741 823743 823750 823764 823765 823773
823775 823786 823802 823809 823814 823816 823819 823823 823881 823890
823900 823920 823921 823937 823941 823948 823954 823963 823967 823982
823991 824006 824007 824019 824039 824052 824055 824062 824075 824076
824078 824079 824082 824112 824114 824123 824139 824140 824154 824155
824168 824177 824205 824211 824222 824239 824241 824255 824264 824269
824280 824285 824298 824314 824317 824320 824329 824336 824340 824356
824368 824378 824389 824399 824401 824411 824420 824422 824429 824431
824442 824474 824484 824487 824499 824506 824508 824520 824536 824541
824542 824543 824550 824593 824594 824608 824609 824613 824614 824632
824654 824664 824673 824684 824695 824697 824749 824766 824792 824794
824797 824808 824814 824830 824838 824851 824856 824857 824866 824909
824912 824915 824921 824949 824953 824963 824969 824984 824992 824994
824995 825003 825013 825016 825024 825029 825033 825034 825045 825050
825059 825061 825062 825093 825105 825107 825112 825116 825135 825173
825184 825197 825201 825210 825217 825271 825274 825279 825286 825287
825290 825299 825306 825309 825314 825317 825332 825345 825362 825364
825371 825381 825395 825405 825410 825423 825428 825437 825499 825534
825555 825559 825576 825585 825589 825603 825617 825620 825635 825636
825637 825649 825650 825668 825673 825676 825679 825688 825689 825728
825739 825740 825750 825756 825762 825765 825769 825771 825776 825777
825785 825788 825794 825808 825810 825811 825814 825818 825833 825836
825842 825849 825850 825855 825857 825858 825896 825897 825898 825899
825905 825929 825941 825942 825955 825966 825987 825996 825997 825998
825999 826001 826005 826017 826033 826037 826041 826042 826045 826058
826066 826074 826093 826102 826104 826105 826134 826140 826162 826167
826168 826172 826177 826200 826234 826251 826259 826268 826271 826284
826288 826289 826294 826300 826304 826307 826316 826323 826334 826345
826346 826352 826388 826393 826405 826412 826413 826419 826424 826433
826442 826450 826473 826477 826504 826529 826537 826546 826548 826549
826551 826554 826555 826556 826558 826576 826595 826607 826637 826654
826655 826666 826679 826684 826694 826703 826705 826718 826725 826768
826771 826778 826787 826793 826795 826809 826810 826811 826821 826829
826842 826868 826870 826880 826887 826900 826904 826906 826908 826915
826916 826931 826932 826950 826951 826961 826978 826985 826990 826997
827019 827022 827027 827034 827069 827078 827085 827094 827102 827104
827113 827126 827144 827150 827179 827189 827199 827222 827234 827262
827263 827266 827271 827276 827299 827307 827308 827310 827311 827313
827318 827319 827329 827352 827354 827360 827363 827366 827373 827378
827383 827401 827421 827435 827451 827462 827466 827477 827503 827507
827517 827527 827528 827550 827554 827578 827585 827586 827588 827592
827595 827612 827627 827629 827640 827644 827663 827679 827682 827692
827693 827716 827724 827753 827761 827766 827801 827817 827818 827821
827830 827856 827862 827886 827895 827905 827910 827941 827946 827948
827953 827955 827966 827975 827986 828004 828010 828011 828012 828013
828018 828022 828040 828045 828059 828062 828084 828093 828095 828096
828100 828127 828148 828154 828160 828162 828163 828164 828167 828174
828179 828182 828201 828206 828214 828230 828249 828276 828291 828302
828305 828313 828327 828332 828337 828339 828342 828343 828346 828349
828376 828387 828428 828438 828442 828469 828473 828496 828500 828506
828510 828512 828514 828516 828522 828536 828539 828543 828547 828568
828576 828578 828582 828599 828607 828624 828626 828633 828644 828650
828653 828657 828665 828666 828674 828678 828697 828700 828726 828727
828728 828760 828761 828774 828778 828821 828831 828838 828847 828854
828860 828897 828906 828907 828910 828913 828914 828915 828932 828933
828937 828953 828971 828981 828991 828996 828998 829002 829011 829021
829022 829035 829053 829057 829085 829086 829097 829107 829109 829110
829118 829138 829172 829186 829194 829205 829206 829207 829216 829217
829227 829235 829240 829243 829256 829257 829272 829284 829290 829296
829311 829322 829326 829332 829337 829342 829346 829354 829374 829378
829384 829399 829401 829427 829433 829472 829480 829484 829510 829525
829535 829537 829539 829549 829554 829566 829571 829576 829578 829600
829614 829656 829672 829682 829685 829689 829695 829698 829707 829709
829710 829721 829726 829748 829750 829751 829768 829769 829783 829793
829794 829820 829828 829832 829844 829850 829861 829862 829867 829868
829878 829891 829899 829913 829923 829925 829929 829932 829937 829944
829946 829950 829965 829971 829989 829992 830000 830007 830022 830033
830036 830042 830045 830057 830061 830086 830087 830095 830109 830133
830137 830138 830152 830161 830164 830181 830184 830185 830188 830190
830191 830196 830200 830214 830217 830228 830265 830280 830303 830319
830331 830359 830387 830399 830401 830402 830403 830405 830430 830434
830439 830452 830465 830470 830471 830537 830544 830545 830568 830575
830583 830603 830619 830638 830649 830670 830692 830694 830699 830711
830737 830749 830760 830788 830795 830798 830799 830802 830806 830813
830814 830819 830827 830837 830848 830858 830859 830868 830869 830873
830885 830890 830897 830899 830902 830917 830920 830922 830928 830931
830937 830948 830958 830966 830967 830974 830979 830980 830983 830988
831011 831018 831028 831034 831043 831050 831057 831059 831084 831092
831093 831098 831099 831119 831121 831131 831133 831143 831171 831175
831181 831184 831217 831218 831227 831237 831241 831242 831246 831249
831251 831278 831281 831285 831288 831296 831314 831316 831345 831347
831363 831387 831410 831415 831426 831434 831455 831456 831459 831472
831477 831486 831493 831499 831508 831509 831513 831539 831544 831591
831592 831606 831655 831660 831691 831692 831704 831718 831737 831745
831750 831767 831771 831781 831797 831801 831827 831835 831852 831864
831877 831893 831895 831913 831923 831930 831933 831936 831942 831945
831957 831983 831986 831988 831993 831998 832013 832014 832019 832025
832026 832028 832037 832039 832044 832049 832058 832072 832080 832102
832132 832135 832137 832145 832150 832155 832198 832201 832209 832232
832241 832261 832282 832294 832303 832305 832308 832311 832313 832319
832331 832332 832336 832339 832356 832362 832370 832373 832415 832434
832446 832469 832485 832492 832496 832500 832505 832533 832539 832541
832544 832551 832567 832568 832572 832580 832582 832588 832589 832596
832603 832605 832607 832608 832623 832643 832646 832653 832657 832662
832676 832700 832710 832728 832736 832765 832766 832767 832770 832774
832783 832784 832806 832813 832818 832819 832820 832821 832828 832829
832840 832857 832858 832863 832870 832880 832882 832889 832891 832897
832915 832920 832924 832934 832940 832941 832943 832945 832949 832953
832963 832986 832995 833001 833007 833008 833010 833015 833019 833023
833037 833044 833046 833050 833055 833060 833063 833064 833077 833081
833095 833103 833111 833113 833116 833128 833141 833143 833164 833166
833171 833190 833193 833207 833209 833214 833224 833225 833234 833238
833240 833264 833275 833277 833280 833292 833293 833296 833306 833311
833316 833324 833333 833348 833359 833382 833395 833398 833406 833414
833445 833462 833475 833477 833485 833487 833491 833494 833517 833529
833530 833534 833539 833547 833549 833558 833566 833577 833605 833606
833627 833637 833641 833654 833655 833664 833668 833670 833675 833680
833685 833688 833695 833696 833698 833699 833707 833713 833734 833738
833740 833742 833746 833759 833770 833774 833775 833790 833791 833800
833803 833808 833817 833827 833854 833867 833874 833881 833886 833892
833894 833901 833903 833910 833912 833915 833916 833928 833930 833936
833940 833945 833947 833971 833974 833991 833992 833998 834018 834028
834040 834080 834083 834097 834100 834103 834106 834109 834112 834114
834129 834143 834145 834148 834159 834183 834192 834198 834218 834219
834229 834233 834239 834241 834257 834259 834262 834267 834275 834277
834288 834301 834328 834330 834336 834347 834376 834387 834390 834398
834412 834424 834430 834440 834455 834475 834478 834486 834488 834502
834504 834523 834544 834582 834588 834599 834643 834663 834669 834702
834716 834757 834763 834793 834819 834822 834826 834834 834841 834842
834853 834855 834864 834870 834877 834886 834892 834895 834905 834911
834929 834968 834981 834990 834992 834994 835008 835009 835011 835022
835048 835050 835052 835058 835066 835078 835102 835108 835110 835124
835132 835133 835142 835147 835164 835166 835179 835200 835211 835217
835222 835230 835237 835238 835239 835254 835264 835267 835285 835289
835295 835299 835308 835316 835332 835343 835382 835388 835390 835400
835488 835511 835512 835513 835515 835530 835540 835542 835555 835584
835585 835613 835621 835628 835632 835647 835650 835660 835661 835685
835688 835690 835705 835706 835714 835718 835749 835763 835785 835789
835795 835806 835809 835814 835817 835822 835824 835829 835835 835865
835888 835890 835893 835908 835909 835915 835923 835933 835934 835947
835970 835985 835986 835993 835995 836001 836004 836012 836019 836032
836040 836041 836044 836047 836064 836065 836092 836097 836144 836150
836154 836155 836165 836173 836183 836185 836193 836211 836232 836255
836260 836263 836266 836277 836299 836341 836349 836387 836389 836404
836415 836427 836454 836470 836477 836479 836491 836501 836503 836513
836523 836548 836552 836559 836591 836597 836601 836606 836623 836627
836653 836672 836685 836687 836693 836706 836709 836711 836724 836729
836737 836751 836758 836759 836807 836813 836821 836829 836842 836843
836844 836853 836858 836861 836881 836883 836888 836892 836907 836912
836914 836929 836939 836940 836950 836962 836966 836982 836986 836996
836998 836999 837013 837018 837034 837071 837081 837082 837088 837094
837100 837106 837107 837118 837121 837134 837152 837159 837164 837168
837169 837176 837177 837188 837190 837201 837213 837218 837243 837254
837256 837268 837283 837286 837288 837296 837308 837320 837328 837335
837349 837353 837358 837369 837378 837385 837398 837407 837411 837415
837432 837433 837454 837455 837464 837485 837486 837487 837491 837522
837523 837548 837567 837573 837574 837577 837580 837595 837606 837619
837623 837631 837642 837655 837663 837681 837682 837692 837695 837715
837760 837780 837821 837826 837855 837859 837876 837877 837882 837897
837907 837913 837921 837931 837940 837946 837953 837957 837984 837985
837990 837999 838002 838011 838031 838068 838069 838070 838108 838112
838120 838129 838148 838150 838154 838173 838185 838188 838201 838202
838207 838210 838220 838231 838234 838244 838248 838257 838260 838263
838267 838279 838288 838295 838296 838298 838303 838332 838340 838352
838364 838371 838389 838398 838400 838401 838426 838438 838475 838480
838497 838505 838512 838513 838534 838539 838554 838562 838564 838566
838567 838569 838582 838592 838610 838621 838624 838631 838637 838649
838656 838663 838664 838665 838666 838670 838677 838693 838695 838699
838705 838713 838722 838732 838741 838749 838752 838755 838768 838787
838800 838804 838841 838854 838866 838890 838898 838908 838916 838917
838928 838934 838937 838941 838942 838953 838954 838956 838987 838992
838997 838998 839009 839016 839027 839034 839035 839039 839040 839088
839099 839102 839109 839129 839149 839175 839182 839185 839196 839200
839225 839232 839235 839241 839277 839278 839302 839326 839350 839357
839359 839367 839371 839373 839384 839433 839451 839456 839461 839470
839477 839487 839497 839524 839552 839579 839591 839609 839612 839613
839639 839658 839662 839672 839675 839678 839695 839696 839697 839705
839709 839715 839720 839745 839750 839757 839768 839779 839783 839793
839807 839810 839820 839823 839839 839845 839851 839853 839867 839906
839920 839932 839939 839983 840005 840006 840007 840010 840017 840030
840034 840048 840065 840075 840096 840100 840115 840126 840127 840146
840150 840153 840155 840162 840173 840179 840186 840193 840200 840201
840210 840226 840235 840237 840242 840247 840264 840268 840280 840294
840305 840318 840319 840327 840332 840344 840347 840349 840382 840392
840395 840412 840432 840441 840444 840445 840451 840455 840458 840459
840460 840481 840494 840524 840530 840541 840548 840573 840579 840586
840588 840595 840604 840627 840643 840647 840648 840649 840682 840684
840686 840691 840693 840702 840703 840706 840714 840750 840753 840769
840771 840783 840788 840794 840810 840819 840836 840848 840856 840865
840868 840869 840872 840873 840887 840890 840891 840911 840913 840927
840930 840933 840948 840949 840962 840964 840969 840972 840976 840999
841024 841033 841035 841053 841064 841074 841075 841089 841091 841109
841112 841118 841131 841151 841152 841169 841176 841193 841203 841213
841218 841220 841226 841238 841253 841264 841274 841281 841283 841284
841287 841294 841313 841331 841336 841339 841362 841372 841408 841415
841421 841422 841425 841441 841458 841481 841489 841494 841496 841497
841502 841506 841510 841556 841557 841578 841591 841604 841608 841613
841618 841626 841639 841679 841690 841691 841694 841697 841717 841718
841720 841737 841738 841755 841758 841796 841803 841807 841821 841829
841838 841852 841856 841857 841863 841869 841873 841883 841884 841885
841888 841925 841933 841951 841961 841964 841984 841986 841990 842001
842017 842025 842036 842047 842052 842057 842059 842061 842062 842074
842076 842081 842082 842091 842095 842131 842134 842143 842149 842152
842162 842175 842200 842216 842243 842258 842260 842265 842280 842283
842293 842295 842308 842312 842316 842322 842339 842348 842361 842367
842379 842380 842388 842391 842425 842427 842441 842454 842456 842476
842486 842508 842518 842520 842536 842543 842548 842552 842560 842563
842570 842578 842580 842605 842609 842622 842642 842672 842673 842685
842693 842694 842716 842717 842727 842737 842770 842778 842782 842786
842798 842831 842833 842850 842852 842858 842862 842864 842870 842875
842899 842914 842921 842965 842972 842996 843003 843005 843022 843023
843043 843044 843050 843070 843090 843095 843100 843107 843116 843119
843120 843122 843125 843134 843144 843156 843158 843199 843201 843212
843216 843218 843219 843223 843225 843244 843248 843249 843252 843255
843260 843261 843268 843292 843297 843298 843314 843322 843332 843334
843339 843341 843355 843364 843367 843379 843391 843395 843405 843414
843425 843426 843436 843437 843439 843441 843514 843519 843544 843546
843547 843565 843568 843585 843590 843598 843610 843617 843627 843630
843639 843642 843648 843657 843667 843684 843688 843689 843692 843700
843714 843736 843741 843744 843746 843755 843762 843764 843783 843817
843818 843820 843823 843832 843843 843851 843853 843859 843868 843894
843895 843909 843912 843918 843952 843956 843971 843972 843988 843995
844001 844003 844006 844011 844018 844036 844039 844040 844055 844072
844082 844085 844092 844096 844098 844105 844109 844111 844115 844116
844140 844150 844151 844161 844162 844168 844173 844182 844193 844228
844274 844280 844284 844286 844288 844292 844301 844315 844322 844325
844337 844338 844346 844359 844362 844365 844374 844378 844390 844394
844417 844420 844422 844429 844447 844476 844488 844493 844501 844518
844523 844571 844575 844605 844610 844624 844633 844639 844647 844650
844683 844713 844722 844727 844746 844750 844752 844755 844770 844772
844774 844778 844779 844781 844786 844792 844797 844807 844811 844813
844817 844818 844822 844827 844829 844847 844848 844852 844885 844894
844909 844932 844942 844946 844957 844963 844971 844975 844977 844986
844991 844997 845019 845020 845036 845038 845043 845054 845088 845089
845090 845109 845114 845119 845147 845150 845151 845165 845171 845173
845176 845179 845181 845182 845183 845187 845199 845206 845209 845244
845246 845249 845295 845311 845317 845327 845332 845339 845347 845352
845356 845358 845371 845411 845422 845426 845428 845429 845437 845452
845462 845467 845484 845490 845494 845504 845509 845514 845515 845529
845537 845547 845549 845557 845578 845581 845593 845597 845635 845643
845645 845651 845655 845661 845678 845681 845693 845696 845701 845714
845718 845735 845753 845754 845755 845764 845774 845778 845781 845782
845806 845814 845838 845854 845900 845912 845913 845931 845943 845946
845955 845959 845960 846003 846006 846008 846012 846032 846050 846081
846131 846143 846156 846158 846178 846181 846192 846214 846221 846260
846261 846265 846270 846275 846297 846304 846308 846321 846328 846329
846332 846335 846360 846367 846386 846391 846399 846403 846405 846421
846429 846444 846453 846468 846476 846481 846497 846504 846513 846514
846516 846538 846539 846557 846594 846606 846613 846635 846639 846649
846655 846657 846661 846663 846669 846680 846685 846704 846711 846712
846713 846721 846724 846743 846762 846771 846782 846789 846807 846820
846821 846824 846832 846839 846869 846872 846894 846897 846911 846927
846936 846953 846963 846980 847037 847038 847040 847042 847062 847067
847086 847092 847096 847117 847120 847126 847137 847150 847165 847169
847181 847200 847230 847246 847278 847280 847294 847304 847310 847316
847331 847340 847346 847350 847358 847359 847379 847394 847409 847418
847425 847460 847467 847480 847490 847508 847509 847510 847524 847528
847538 847561 847574 847585 847594 847599 847607 847610 847611 847631
847644 847652 847661 847668 847670 847679 847683 847687 847690 847696
847707 847719 847722 847734 847765 847789 847791 847813 847821 847849
847855 847859 847893 847896 847901 847923 847939 847975 847977 847978
847983 848001 848007 848009 848036 848045 848049 848060 848101 848109
848111 848115 848127 848145 848156 848161 848170 848172 848205 848208
848216 848217 848220 848221 848257 848261 848270 848274 848286 848294
848296 848308 848309 848312 848315 848319 848332 848336 848346 848363
848372 848377 848385 848387 848388 848393 848403 848406 848408 848424
848426 848427 848438 848441 848446 848456 848486 848524 848538 848540
848543 848548 848549 848554 848558 848560 848563 848578 848581 848596
848623 848628 848635 848640 848642 848655 848656 848664 848678 848679
848680 848686 848687 848708 848713 848741 848757 848760 848766 848773
848776 848777 848785 848795 848804 848805 848808 848828 848831 848832
848835 848837 848841 848855 848856 848920 848935 848957 848967 849001
849004 849012 849028 849063 849065 849082 849097 849115 849132 849139
849142 849153 849157 849186 849191 849198 849223 849229 849232 849283
849297 849302 849306 849318 849324 849327 849358 849359 849361 849363
849364 849366 849368 849386 849393 849419 849443 849446 849458 849464
849470 849473 849497 849500 849507 849508 849510 849549 849558 849560
849564 849572 849598 849611 849615 849645 849656 849660 849670 849671
849679 849690 849691 849694 849722 849734 849736 849742 849746 849748
849750 849760 849777 849785 849805 849825 849878 849883 849899 849906
849909 849915 849919 849925 849954 849957 849958 849969 849983 849985
849986 849999 850001 850041 850044 850047 850077 850102 850110 850118
850120 850122 850124 850136 850140 850149 850165 850173 850175 850184
850190 850191 850204 850205 850207 850208 850225 850238 850240 850274
850340 850356 850364 850393 850394 850400 850402 850421 850437 850471
850491 850528 850537 850538 850543 850563 850582 850587 850592 850596
850598 850617 850623 850630 850633 850649 850652 850658 850667 850672
850681 850683 850701 850702 850703 850712 850721 850736 850759 850765
850775 850792 850793 850810 850813 850814 850819 850824 850841 850848
850850 850863 850865 850874 850887 850900 850914 850922 850928 850933
850947 850948 850956 850968 850975 850976 850980 850999 851000 851005
851010 851021 851024 851030 851048 851072 851079 851084 851090 851104
851105 851106 851111 851117 851146 851208 851220 851222 851245 851259
851263 851265 851284 851288 851298 851300 851302 851305 851313 851315
851316 851334 851346 851350 851354 851374 851384 851398 851400 851402
851408 851414 851424 851425 851437 851440 851447 851448 851458 851468
851475 851478 851484 851493 851494 851500 851516 851519 851528 851548
851550 851583 851585 851587 851588 851590 851599 851600 851601 851603
851610 851614 851619 851622 851633 851636 851661 851679 851692 851696
851697 851698 851699 851701 851702 851706 851723 851756 851769 851780
851782 851788 851795 851821 851826 851842 851843 851844 851846 851847
851857 851859 851861 851894 851900 851942 851972 851983 852009 852023
852029 852051 852073 852099 852105 852122 852134 852148 852159 852161
852171 852227 852237 852243 852244 852271 852312 852313 852327 852332
852358 852363 852389 852402 852407 852408 852431 852444 852473 852477
852481 852501 852511 852538 852552 852554 852565 852571 852574 852590
852611 852616 852664 852667 852668 852672 852698 852699 852714 852715
852727 852732 852736 852738 852741 852743 852750 852754 852757 852762
852763 852775 852787 852799 852800 852801 852820 852829 852854 852858
852860 852869 852875 852878 852902 852905 852910 852917 852952 852968
852969 852971 852991 853008 853026 853027 853029 853031 853045 853053
853068 853075 853086 853116 853132 853133 853135 853144 853148 853169
853174 853198 853205 853216 853222 853226 853243 853253 853260 853267
853322 853340 853342 853352 853353 853356 853357 853364 853383 853385
853392 853394 853397 853401 853410 853414 853420 853440 853448 853458
853473 853474 853480 853481 853482 853486 853500 853502 853511 853535
853542 853551 853565 853591 853620 853630 853632 853634 853646 853655
853659 853670 853671 853691 853708 853714 853731 853740 853746 853747
853749 853753 853764 853766 853774 853811 853816 853820 853830 853834
853847 853853 853858 853873 853886 853915 853920 853931 853941 853954
853972 853979 853994 853997 853998 854017 854021 854026 854034 854067
854070 854093 854102 854106 854131 854138 854140 854159 854165 854168
854176 854187 854195 854207 854209 854211 854215 854217 854230 854243
854247 854262 854266 854273 854294 854297 854303 854304 854309 854318
854334 854336 854339 854346 854358 854375 854383 854412 854420 854422
854436 854448 854451 854452 854472 854484 854502 854509 854529 854530
854541 854545 854564 854570 854571 854577 854592 854605 854616 854617
854619 854620 854630 854635 854653 854658 854660 854676 854702 854734
854745 854747 854759 854760 854778 854794 854796 854800 854828 854840
854876 854894 854899 854906 854920 854922 854927 854950 854956 854965
854971 854983 854988 854999 855010 855025 855032 855038 855040 855051
855061 855065 855072 855084 855123 855135 855140 855158 855169 855170
855171 855172 855181 855192 855215 855221 855251 855252 855265 855272
855278 855289 855300 855302 855318 855329 855332 855342 855343 855345
855354 855383 855387 855388 855391 855398 855399 855401 855407 855422
855427 855435 855445 855457 855469 855479 855481 855490 855491 855509
855511 855520 855522 855531 855538 855541 855550 855551 855563 855572
855609 855628 855642 855658 855665 855667 855687 855694 855705 855745
855756 855759 855766 855772 855788 855797 855810 855815 855827 855840
855857 855902 855908 855914 855923 855938 855945 855947 855952 855956
855971 855972 855983 855993 856003 856021 856053 856054 856066 856078
856098 856108 856110 856113 856115 856117 856122 856125 856136 856142
856147 856150 856158 856164 856174 856178 856210 856234 856235 856247
856258 856289 856296 856308 856314 856327 856328 856331 856345 856359
856365 856375 856382 856383 856384 856406 856417 856424 856431 856438
856453 856454 856460 856464 856469 856476 856477 856486 856505 856508
856532 856563 856564 856579 856585 856594 856616 856618 856621 856629
856632 856635 856643 856654 856674 856699 856703 856717 856723 856726
856731 856745 856759 856771 856788 856790 856805 856824 856825 856833
856855 856858 856869 856888 856944 856952 856954 856965 856971 856976
856977 856979 857003 857006 857008 857018 857024 857030 857032 857041
857081 857090 857106 857133 857141 857142 857147 857148 857150 857178
857180 857188 857197 857221 857223 857234 857249 857268 857280 857295
857312 857339 857340 857349 857355 857373 857379 857380 857391 857406
857425 857429 857443 857454 857459 857488 857495 857505 857513 857532
857539 857561 857566 857573 857578 857588 857596 857605 857606 857624
857629 857665 857667 857701 857705 857707 857730 857731 857732 857759
857767 857770 857783 857784 857785 857799 857806 857855 857866 857886
857889 857890 857899 857901 857910 857911 857933 857934 857937 857938
857954 857958 857965 857977 857978 857983 857999 858002 858030 858040
858045 858077 858095 858108 858131 858155 858163 858164 858165 858167
858195 858219 858230 858237 858240 858241 858243 858255 858263 858264
858294 858295 858296 858341 858354 858367 858377 858384 858397 858427
858439 858446 858452 858465 858483 858484 858486 858489 858493 858511
858512 858516 858530 858546 858548 858552 858562 858570 858582 858591
858594 858598 858603 858613 858632 858647 858648 858651 858653 858673
858674 858683 858690 858709 858765 858768 858799 858802 858831 858852
858859 858870 858878 858888 858892 858902 858907 858923 858925 858936
858940 858944 858949 858953 858959 858962 858967 858973 858976 858983
859010 859019 859023 859038 859042 859047 859067 859092 859096 859097
859105 859124 859144 859163 859171 859177 859178 859183 859184 859203
859206 859220 859230 859247 859248 859259 859272 859291 859295 859297
859315 859327 859370 859393 859395 859413 859428 859432 859437 859446
859451 859457 859458 859460 859467 859485 859486 859491 859492 859494
859504 859505 859524 859528 859557 859563 859566 859570 859581 859584
859587 859614 859622 859633 859645 859650 859666 859673 859682 859687
859703 859706 859716 859719 859723 859730 859731 859747 859750 859771
859772 859797 859839 859842 859854 859861 859883 859892 859893 859904
859905 859909 859919 859920 859924 859971 859973 859993 860012 860021
860033 860036 860037 860063 860073 860077 860080 860081 860115 860129
860130 860145 860147 860152 860153 860155 860169 860171 860172 860173
860181 860182 860188 860189 860190 860215 860217 860219 860229 860256
860266 860287 860302 860307 860313 860315 860321 860333 860342 860353
860356 860368 860376 860384 860401 860415 860423 860431 860450 860474
860485 860522 860529 860542 860544 860545 860550 860567 860574 860583
860602 860610 860618 860666 860670 860679 860683 860702 860709 860724
860729 860732 860742 860757 860764 860777 860780 860786 860787 860788
860801 860803 860808 860810 860828 860840 860849 860857 860866 860890
860918 860933 860937 860950 860968 860971 860974 860995 861000 861013
861025 861046 861053 861055 861072 861075 861095 861096 861116 861128
861129 861131 861159 861183 861199 861208 861222 861224 861232 861235
861250 861263 861272 861280 861300 861305 861326 861330 861348 861358
861396 861429 861430 861435 861437 861494 861501 861504 861507 861510
861530 861539 861552 861564 861583 861592 861597 861608 861610 861619
861626 861627 861635 861639 861642 861647 861671 861675 861704 861717
861718 861737 861745 861757 861782 861784 861810 861822 861831 861833
861838 861857 861874 861879 861921 861937 861951 861952 861954 861960
861998 862003 862011 862019 862030 862031 862033 862034 862083 862090
862091 862092 862094 862097 862099 862104 862105 862115 862156 862161
862164 862166 862168 862171 862175 862182 862206 862214 862219 862224
862232 862235 862247 862256 862266 862279 862280 862282 862295 862298
862351 862388 862403 862417 862428 862433 862434 862453 862456 862457
862521 862566 862582 862583 862584 862594 862597 862612 862615 862625
862629 862640 862655 862662 862664 862676 862677 862682 862691 862704
862708 862710 862713 862715 862727 862742 862765 862766 862772 862776
862777 862788 862793 862795 862797 862799 862839 862845 862851 862854
862856 862858 862859 862860 862876 862884 862889 862901 862903 862912
862916 862917 862920 862922 862926 862931 862939 862949 862962 862994
862995 862999 863019 863024 863030 863049 863058 863067 863068 863112
863117 863122 863135 863147 863157 863158 863174 863180 863194 863197
863217 863231 863234 863237 863242 863247 863260 863273 863303 863310
863318 863333 863337 863339 863345 863358 863368 863371 863376 863397
863433 863438 863445 863446 863461 863497 863503 863507 863508 863554
863567 863595 863598 863599 863606 863615 863636 863639 863641 863647
863654 863655 863662 863670 863673 863674 863686 863688 863697 863709
863717 863735 863742 863754 863777 863793 863803 863808 863822 863835
863836 863857 863861 863875 863878 863892 863901 863903 863905 863928
863942 863944 863949 863979 863983 863998 864004 864016 864020 864045
864059 864067 864109 864124 864134 864151 864164 864167 864168 864169
864182 864185 864197 864201 864221 864222 864226 864233 864236 864239
864240 864255 864263 864280 864325 864327 864350 864352 864354 864364
864373 864376 864377 864393 864397 864408 864418 864419 864432 864468
864482 864487 864496 864500 864524 864534 864547 864555 864561 864564
864569 864572 864583 864586 864587 864597 864600 864604 864618 864620
864629 864637 864645 864658 864665 864670 864683 864693 864694 864695
864719 864724 864738 864739 864750 864760 864761 864769 864771 864773
864778 864780 864782 864793 864795 864797 864814 864842 864861 864869
864877 864889 864892 864900 864921 864933 864936 864943 864945 864948
864972 864980 865008 865062 865074 865076 865118 865129 865139 865151
865162 865164 865165 865167 865175 865177 865183 865186 865202 865204
865233 865235 865248 865252 865271 865276 865284 865338 865348 865373
865375 865385 865398 865399 865401 865402 865406 865414 865431 865466
865469 865487 865504 865509 865511 865513 865517 865544 865554 865556
865572 865577 865588 865595 865596 865599 865631 865633 865637 865638
865659 865660 865663 865674 865677 865682 865683 865691 865692 865694
865706 865709 865710 865711 865720 865722 865739 865756 865768 865778
865783 865801 865805 865810 865817 865824 865845 865846 865879 865897
865924 865937 865940 865942 865955 865956 865968 865969 865982 865986
865988 865997 866003 866005 866008 866013 866014 866016 866018 866031
866035 866052 866053 866057 866058 866071 866089 866096 866103 866108
866121 866132 866146 866161 866165 866166 866191 866193 866197 866209
866212 866221 866224 866230 866246 866253 866257 866263 866264 866265
866276 866282 866289 866302 866304 866313 866317 866329 866345 866356
866378 866411 866420 866429 866431 866487 866497 866516 866526 866541
866547 866548 866577 866584 866602 866623 866637 866639 866650 866673
866684 866687 866690 866691 866694 866695 866710 866713 866724 866727
866729 866740 866757 866786 866791 866824 866825 866833 866836 866845
866851 866863 866891 866906 866907 866913 866926 866958 866959 866963
866990 867002 867004 867006 867008 867016 867028 867031 867032 867039
867044 867055 867063 867072 867079 867124 867143 867146 867147 867150
867155 867162 867170 867186 867211 867216 867218 867229 867243 867274
867286 867298 867303 867324 867332 867334 867349 867351 867366 867376
867379 867380 867394 867400 867418 867426 867433 867461 867467 867472
867483 867484 867495 867542 867562 867578 867580 867585 867594 867615
867616 867621 867627 867639 867662 867666 867670 867671 867672 867680
867689 867701 867709 867712 867717 867718 867730 867735 867736 867739
867741 867765 867767 867771 867777 867800 867804 867810 867813 867814
867844 867872 867873 867874 867878 867888 867889 867891 867897 867899
867919 867931 867932 867933 867936 867938 867941 867942 867977 867992
867999 868001 868002 868003 868031 868043 868046 868059 868070 868102
868112 868129 868134 868136 868141 868148 868149 868157 868169 868179
868218 868227 868232 868233 868241 868243 868250 868268 868291 868292
868297 868309 868353 868367 868377 868397 868406 868407 868408 868413
868420 868445 868447 868462 868465 868469 868470 868472 868474 868476
868478 868494 868524 868525 868535 868551 868557 868577 868585 868592
868593 868611 868637 868643 868652 868655 868681 868693 868709 868712
868731 868734 868736 868740 868748 868766 868768 868795 868796 868797
868805 868815 868832 868870 868918 868919 868932 868933 868958 868961
868977 868991 868999 869000 869025 869030 869031 869036 869040 869088
869102 869104 869115 869116 869132 869143 869155 869168 869180 869184
869195 869233 869235 869236 869249 869250 869254 869259 869270 869275
869284 869304 869318 869322 869345 869351 869352 869376 869378 869380
869384 869389 869391 869399 869419 869423 869470 869490 869514 869536
869562 869604 869607 869610 869617 869621 869622 869642 869648 869654
869659 869663 869669 869677 869680 869683 869707 869708 869709 869711
869728 869733 869736 869738 869744 869750 869759 869762 869767 869799
869804 869811 869822 869835 869841 869868 869869 869874 869894 869897
869908 869911 869922 869923 869936 869946 869965 869974 869990 869994
870004 870025 870026 870032 870033 870035 870036 870064 870069 870075
870092 870101 870115 870138 870166 870189 870190 870197 870201 870203
870204 870219 870235 870240 870241 870248 870250 870257 870276 870294
870319 870328 870337 870339 870351 870352 870356 870360 870381 870394
870395 870396 870405 870416 870420 870430 870444 870457 870459 870460
870468 870469 870475 870492 870494 870495 870506 870527 870531 870538
870545 870547 870548 870555 870559 870563 870565 870571 870579 870612
870613 870623 870627 870645 870649 870659 870671 870673 870684 870694
870707 870711 870722 870732 870741 870744 870747 870778 870787 870812
870813 870831 870840 870841 870858 870873 870882 870883 870890 870895
870898 870921 870927 870933 870943 870953 870956 870964 870977 870984
870985 870988 871019 871029 871032 871048 871054 871055 871056 871067
871076 871085 871087 871098 871099 871100 871101 871107 871112 871144
871149 871164 871167 871175 871182 871189 871198 871229 871231 871239
871261 871264 871281 871292 871302 871303 871312 871317 871325 871329
871340 871357 871368 871372 871389 871392 871406 871416 871428 871431
871438 871442 871449 871450 871452 871463 871467 871474 871481 871487
871493 871494 871496 871497 871519 871520 871544 871550 871551 871622
871634 871658 871674 871679 871681 871689 871692 871714 871721 871723
871727 871731 871735 871747 871757 871775 871778 871781 871799 871800
871806 871807 871813 871816 871827 871831 871835 871840 871853 871856
871870 871896 871902 871905 871907 871913 871917 871922 871949 871952
871959 871964 871969 871983 871985 871996 872005 872008 872018 872028
872029 872030 872034 872046 872054 872059 872070 872072 872102 872114
872117 872119 872124 872135 872140 872144 872148 872151 872152 872156
872157 872165 872168 872174 872190 872191 872199 872202 872226 872228
872244 872253 872264 872271 872297 872298 872312 872313 872315 872331
872334 872339 872340 872342 872356 872365 872376 872379 872391 872392
872399 872425 872434 872435 872460 872461 872489 872491 872503 872512
872529 872531 872543 872551 872563 872576 872589 872594 872595 872598
872612 872617 872619 872621 872628 872630 872644 872652 872654 872655
872676 872681 872692 872708 872713 872732 872746 872752 872768 872769
872784 872795 872861 872866 872890 872901 872908 872909 872921 872939
872946 872963 872993 872994 872999 873011 873014 873024 873028 873079
873087 873089 873099 873107 873114 873123 873125 873129 873138 873140
873151 873158 873173 873175 873188 873189 873196 873199 873211 873224
873239 873252 873256 873278 873282 873292 873328 873341 873367 873368
873385 873388 873390 873393 873421 873423 873424 873427 873440 873441
873460 873472 873480 873490 873492 873493 873516 873542 873562 873564
873568 873585 873586 873589 873590 873595 873600 873610 873619 873620
873623 873646 873661 873665 873680 873681 873695 873713 873715 873722
873727 873746 873749 873757 873788 873790 873798 873805 873814 873819
873825 873826 873842 873845 873848 873886 873896 873901 873925 873926
873932 873965 873968 873976 873992 873997 874002 874020 874021 874029
874039 874066 874088 874117 874150 874165 874181 874201 874214 874217
874220 874224 874227 874229 874236 874247 874256 874273 874281 874291
874293 874298 874303 874321 874326 874346 874372 874376 874378 874406
874411 874415 874424 874436 874451 874452 874459 874463 874500 874538
874554 874568 874581 874603 874611 874622 874635 874638 874642 874644
874645 874646 874650 874652 874653 874657 874670 874682 874686 874688
874689 874691 874703 874705 874708 874733 874735 874736 874744 874754
874767 874769 874783 874786 874787 874799 874801 874809 874819 874824
874842 874844 874853 874857 874870 874885 874897 874911 874927 874939
874980 874996 874999 875005 875006 875030 875034 875035 875042 875052
875070 875077 875080 875088 875106 875108 875123 875126 875129 875139
875142 875165 875172 875188 875199 875206 875210 875216 875236 875244
875250 875257 875266 875272 875280 875300 875312 875319 875334 875355
875360 875365 875367 875370 875371 875372 875402 875414 875424 875435
875436 875461 875462 875463 875482 875487 875489 875502 875524 875533
875535 875541 875552 875559 875569 875582 875597 875606 875613 875615
875616 875644 875676 875680 875683 875685 875691 875695 875696 875699
875768 875771 875787 875798 875805 875806 875807 875810 875817 875822
875824 875853 875881 875888 875890 875897 875911 875936 875941 875953
875966 875969 875971 875977 875978 875983 875991 876011 876037 876043
876068 876071 876080 876082 876083 876097 876107 876135 876164 876166
876169 876186 876189 876192 876193 876202 876203 876204 876222 876225
876231 876237 876248 876264 876269 876270 876279 876302 876314 876316
876325 876328 876370 876372 876373 876375 876387 876388 876408 876424
876430 876431 876436 876440 876453 876459 876506 876521 876531 876535
876562 876563 876567 876572 876578 876584 876591 876594 876608 876613
876614 876618 876625 876630 876631 876638 876654 876670 876671 876673
876674 876680 876681 876708 876718 876723 876725 876730 876736 876743
876763 876766 876786 876796 876814 876817 876825 876854 876859 876870
876893 876897 876898 876902 876904 876917 876919 876922 876948 876964
876967 876969 876996 877017 877042 877044 877049 877055 877057 877082
877099 877112 877121 877122 877130 877147 877155 877163 877164 877173
877203 877215 877216 877229 877231 877262 877265 877269 877277 877282
877284 877291 877296 877297 877299 877308 877313 877324 877331 877343
877361 877368 877373 877380 877384 877389 877398 877400 877405 877406
877407 877413 877420 877430 877442 877449 877451 877455 877457 877462
877467 877469 877495 877503 877509 877521 877536 877547 877593 877598
877651 877654 877670 877681 877685 877688 877712 877718 877721 877726
877731 877732 877745 877759 877768 877773 877777 877793 877803 877853
877862 877871 877875 877878 877879 877884 877895 877898 877909 877913
877921 877932 877937 877944 877955 877960 877966 877990 878000 878011
878012 878013 878035 878046 878053 878065 878070 878071 878080 878087
878100 878135 878136 878153 878178 878179 878223 878255 878263 878267
878270 878289 878311 878317 878344 878364 878372 878402 878417 878430
878462 878471 878490 878496 878498 878499 878507 878523 878532 878549
878553 878555 878580 878581 878582 878586 878587 878588 878597 878599
878600 878612 878615 878635 878653 878676 878688 878689 878732 878754
878775 878782 878785 878821 878827 878849 878871 878903 878956 878988
879002 879003 879005 879007 879015 879023 879026 879035 879036 879063
879088 879089 879096 879099 879115 879117 879124 879135 879148 879153
879162 879167 879188 879214 879219 879220 879258 879264 879267 879283
879284 879285 879292 879311 879325 879330 879338 879365 879368 879396
879407 879418 879419 879423 879429 879441 879448 879456 879479 879492
879494 879495 879502 879506 879508 879514 879518 879529 879531 879541
879543 879548 879565 879568 879576 879580 879583 879589 879592 879594
879598 879615 879618 879635 879649 879651 879652 879661 879669 879693
879700 879708 879712 879713 879731 879740 879744 879757 879774 879778
879781 879793 879822 879825 879843 879845 879853 879880 879888 879912
879921 879934 879960 879971 879983 880000 880012 880030 880031 880068
880072 880086 880087 880088 880096 880112 880114 880141 880155 880156
880162 880164 880173 880185 880199 880201 880236 880253 880275 880282
880290 880293 880298 880316 880329 880338 880349 880350 880354 880355
880356 880357 880376 880414 880421 880438 880447 880448 880471 880478
880479 880489 880505 880512 880521 880538 880541 880554 880555 880578
880584 880586 880595 880598 880599 880648 880649 880654 880691 880700
880701 880705 880710 880713 880720 880730 880736 880750 880765 880767
880771 880781 880786 880787 880801 880804 880806 880817 880821 880830
880831 880836 880839 880840 880842 880849 880854 880879 880891 880901
880917 880941 880949 880954 880960 880983 880984 880988 881004 881008
881053 881056 881057 881080 881095 881132 881135 881140 881145 881151
881152 881181 881198 881201 881204 881225 881237 881243 881248 881269
881274 881277 881278 881319 881327 881342 881361 881367 881377 881381
881383 881385 881392 881411 881421 881425 881433 881439 881452 881457
881467 881472 881514 881520 881527 881529 881530 881556 881562 881563
881594 881615 881628 881634 881635 881636 881637 881646 881651 881657
881667 881686 881694 881700 881704 881713 881715 881733 881757 881759
881769 881791 881828 881837 881839 881845 881864 881873 881876 881883
881920 881921 881930 881967 881973 881976 881978 881983 881989 882008
882011 882016 882022 882023 882053 882054 882057 882065 882066 882074
882082 882093 882095 882124 882147 882149 882155 882164 882185 882190
882193 882194 882220 882222 882224 882247 882272 882274 882287 882289
882297 882304 882312 882317 882318 882321 882333 882352 882354 882356
882386 882392 882410 882430 882438 882441 882447 882451 882475 882484
882509 882525 882532 882541 882562 882568 882574 882581 882584 882588
882602 882607 882615 882630 882639 882653 882665 882667 882676 882677
882689 882694 882695 882738 882744 882763 882787 882788 882795 882800
882824 882834 882838 882863 882872 882873 882874 882885 882891 882894
882913 882928 882938 882947 882962 882996 882999 883008 883013 883015
883016 883022 883025 883034 883049 883052 883058 883068 883071 883072
883089 883091 883092 883094 883103 883127 883137 883143 883147 883152
883169 883174 883190 883191 883195 883211 883213 883219 883247 883258
883259 883276 883293 883294 883297 883310 883312 883313 883316 883323
883326 883343 883365 883374 883383 883388 883389 883392 883415 883416
883423 883432 883434 883438 883441 883451 883465 883469 883485 883492
883500 883517 883518 883534 883547 883557 883588 883598 883603 883628
883647 883648 883650 883653 883668 883672 883687 883694 883699 883715
883721 883730 883741 883745 883752 883762 883780 883782 883793 883810
883814 883818 883824 883831 883835 883856 883863 883872 883875 883887
883890 883901 883904 883909 883921 883942 883944 883948 883951 883970
883984 884013 884022 884036 884039 884046 884056 884058 884060 884070
884099 884112 884117 884138 884140 884159 884163 884164 884169 884171
884187 884189 884191 884200 884211 884219 884229 884253 884262 884286
884288 884309 884322 884331 884335 884337 884356 884387 884410 884414
884424 884445 884446 884450 884461 884466 884476 884484 884492 884496
884504 884507 884508 884515 884523 884530 884536 884540 884541 884595
884618 884621 884627 884636 884644 884653 884657 884663 884668 884670
884692 884700 884709 884737 884740 884749 884759 884766 884772 884779
884780 884784 884803 884827 884831 884854 884864 884866 884871 884872
884875 884881 884890 884904 884906 884910 884911 884925 884926 884938
884945 884987 884995 885003 885008 885009 885048 885053 885059 885067
885075 885076 885078 885088 885103 885110 885119 885145 885148 885156
885168 885182 885200 885204 885222 885223 885229 885233 885234 885239
885243 885244 885256 885275 885277 885280 885305 885322 885331 885362
885365 885371 885373 885389 885412 885429 885437 885440 885447 885450
885457 885464 885481 885499 885501 885511 885516 885536 885548 885554
885556 885558 885560 885561 885570 885637 885640 885650 885654 885657
885671 885675 885692 885701 885702 885704 885727 885730 885731 885733
885751 885753 885762 885773 885796 885804 885813 885815 885865 885872
885874 885892 885906 885907 885945 885954 885961 885964 885966 886002
886015 886022 886026 886034 886076 886080 886097 886103 886110 886117
886129 886147 886157 886163 886181 886182 886209 886218 886245 886279
886293 886297 886300 886345 886346 886349 886351 886355 886373 886376
886392 886436 886439 886451 886454 886470 886475 886476 886480 886501
886537 886548 886555 886576 886579 886594 886596 886627 886639 886642
886680 886682 886687 886689 886701 886720 886737 886752 886759 886765
886771 886781 886814 886864 886867 886874 886887 886893 886907 886912
886925 886955 886963 886979 886985 887006 887009 887020 887024 887037
887050 887057 887058 887067 887080 887099 887104 887131 887135 887143
887147 887153 887170 887175 887176 887184 887190 887191 887203 887220
887243 887245 887263 887284 887291 887302 887322 887323 887325 887351
887367 887371 887393 887404 887414 887427 887433 887447 887448 887456
887462 887478 887479 887480 887485 887567 887574 887580 887630 887638
887649 887650 887659 887685 887690 887710 887719 887737 887739 887747
887762 887766 887803 887812 887815 887819 887825 887838 887849 887850
887856 887878 887887 887899 887900 887901 887902 887904 887911 887912
887928 887935 887953 887966 887972 887993 887996 888006 888013 888016
888017 888037 888065 888073 888087 888104 888121 888126 888127 888139
888142 888147 888159 888165 888185 888191 888199 888203 888209 888222
888227 888230 888233 888238 888239 888246 888256 888266 888270 888282
888284 888286 888302 888321 888322 888343 888365 888368 888384 888392
888403 888409 888410 888412 888438 888439 888443 888456 888459 888464
888477 888485 888490 888499 888503 888504 888508 888511 888522 888528
888529 888530 888543 888545 888550 888572 888576 888595 888602 888621
888622 888642 888651 888655 888659 888668 888680 888692 888693 888703
888717 888721 888741 888745 888747 888757 888789 888792 888796 888816
888834 888841 888848 888859 888863 888866 888892 888906 888910 888914
888917 888928 888937 888953 888961 888963 888981 888986 888995 888997
889002 889007 889047 889055 889072 889077 889091 889103 889111 889121
889142 889149 889166 889167 889181 889198 889199 889213 889228 889268
889271 889290 889301 889302 889371 889373 889374 889384 889394 889412
889425 889428 889432 889448 889454 889480 889482 889484 889493 889494
889502 889505 889519 889520 889523 889531 889532 889538 889556 889570
889582 889587 889593 889608 889611 889633 889635 889637 889638 889656
889691 889700 889701 889712 889718 889723 889727 889731 889753 889759
889765 889769 889773 889774 889790 889815 889842 889849 889874 889889
889898 889899 889906 889910 889911 889929 889935 889938 889940 889950
889965 889967 889973 889987 889998 890018 890030 890037 890043 890052
890062 890073 890094 890095 890100 890101 890126 890129 890175 890178
890183 890189 890194 890203 890215 890217 890223 890231 890234 890243
890253 890255 890271 890274 890290 890293 890303 890336 890337 890347
890348 890352 890353 890357 890372 890415 890417 890447 890448 890475
890477 890498 890507 890515 890522 890524 890525 890529 890535 890562
890589 890593 890611 890620 890626 890629 890632 890644 890652 890659
890660 890682 890692 890695 890697 890698 890703 890724 890727 890728
890739 890742 890756 890764 890765 890781 890785 890797 890801 890804
890813 890821 890832 890849 890851 890856 890875 890890 890895 890902
890915 890918 890942 890943 890953 890964 890978 890991 890992 890999
891001 891005 891013 891015 891022 891023 891038 891039 891042 891055
891059 891064 891074 891082 891113 891120 891124 891136 891140 891150
891153 891157 891164 891169 891187 891209 891222 891225 891230 891236
891250 891257 891266 891268 891280 891294 891296 891308 891311 891320
891332 891357 891359 891371 891385 891398 891403 891410 891411 891422
891423 891427 891429 891438 891463 891464 891468 891474 891484 891497
891511 891519 891539 891542 891543 891546 891549 891550 891558 891564
891578 891591 891612 891629 891633 891636 891665 891667 891668 891676
891696 891722 891735 891748 891759 891769 891770 891771 891781 891783
891789 891818 891827 891828 891829 891849 891861 891862 891867 891870
891880 891886 891888 891889 891908 891913 891920 891929 891944 891950
891982 891993 891996 892006 892012 892019 892030 892032 892034 892037
892039 892051 892070 892072 892078 892087 892099 892111 892115 892121
892125 892139 892156 892189 892191 892192 892195 892199 892207 892213
892252 892253 892262 892265 892272 892281 892288 892289 892293 892295
892299 892328 892331 892344 892349 892366 892372 892403 892410 892413
892424 892432 892478 892489 892499 892516 892524 892537 892558 892560
892575 892578 892594 892597 892601 892603 892613 892622 892625 892633
892641 892661 892687 892722 892723 892727 892731 892734 892736 892781
892784 892787 892813 892822 892827 892837 892862 892881 892907 892914
892917 892920 892926 892934 892939 892945 892947 892954 892955 892968
892978 892979 892987 893001 893003 893004 893006 893008 893018 893022
893023 893025 893034 893060 893067 893093 893112 893129 893139 893154
893159 893166 893174 893176 893182 893209 893212 893214 893229 893259
893260 893280 893283 893291 893293 893334 893344 893345 893358 893367
893370 893390 893400 893403 893413 893445 893450 893454 893458 893460
893461 893463 893469 893478 893489 893503 893525 893542 893565 893566
893568 893589 893604 893609 893619 893629 893630 893656 893663 893685
893686 893691 893693 893721 893723 893725 893736 893748 893753 893755
893758 893777 893801 893807 893815 893828 893858 893867 893885 893888
893897 893899 893906 893910 893911 893945 893959 893962 893983 893999
894001 894006 894020 894024 894039 894043 894067 894069 894085 894088
894115 894119 894124 894125 894140 894150 894154 894162 894165 894167
894170 894174 894184 894187 894191 894199 894212 894225 894231 894234
894249 894250 894281 894294 894306 894329 894341 894366 894370 894372
894373 894380 894391 894393 894402 894403 894406 894437 894443 894444
894455 894463 894468 894469 894473 894478 894486 894490 894498 894539
894566 894580 894587 894590 894605 894622 894624 894632 894651 894666
894667 894669 894670 894675 894692 894703 894708 894710 894711 894712
894725 894728 894739 894741 894758 894760 894784 894797 894814 894838
894840 894843 894854 894857 894866 894876 894882 894899 894912 894923
894927 894932 894937 894944 894953 894967 894969 894971 894979 894980
894998 895023 895070 895094 895110 895112 895131 895147 895151 895162
895172 895183 895186 895198 895204 895221 895239 895242 895245 895248
895249 895302 895306 895316 895319 895343 895416 895421 895426 895441
895452 895458 895464 895487 895503 895506 895509 895525 895529 895552
895553 895555 895566 895576 895581 895594 895595 895601 895624 895635
895650 895652 895662 895663 895674 895688 895694 895697 895704 895712
895715 895717 895742 895746 895756 895791 895819 895832 895834 895848
895854 895857 895865 895870 895871 895877 895887 895897 895900 895903
895914 895918 895933 895936 895938 895940 895954 895962 895965 895971
895987 896013 896026 896042 896049 896064 896076 896082 896134 896145
896149 896155 896173 896178 896183 896185 896192 896193 896202 896216
896219 896229 896236 896239 896240 896244 896246 896247 896264 896270
896273 896290 896296 896307 896319 896323 896326 896352 896354 896361
896388 896397 896400 896402 896404 896407 896410 896411 896423 896437
896452 896457 896458 896462 896465 896475 896477 896493 896498 896538
896543 896544 896551 896554 896559 896562 896581 896600 896603 896605
896623 896624 896635 896665 896687 896717 896736 896742 896753 896770
896775 896782 896784 896789 896798 896807 896810 896817 896826 896827
896830 896841 896842 896876 896877 896886 896930 896932 896940 896942
896958 896968 896981 896982 896998 896999 897000 897002 897010 897015
897016 897030 897039 897076 897081 897097 897105 897109 897114 897120
897125 897130 897137 897156 897160 897168 897171 897175 897180 897186
897204 897212 897233 897239 897251 897257 897268 897284 897294 897313
897326 897329 897337 897357 897358 897377 897383 897388 897394 897403
897405 897413 897437 897473 897474 897485 897487 897496 897518 897520
897522 897523 897538 897563 897611 897623 897630 897640 897641 897646
897672 897673 897685 897686 897689 897693 897696 897712 897716 897733
897742 897751 897770 897777 897784 897785 897795 897799 897800 897804
897823 897831 897862 897867 897869 897875 897878 897900 897904 897906
897910 897915 897922 897925 897936 897950 897951 897954 897956 897958
897975 897981 897985 898000 898017 898018 898021 898047 898051 898054
898059 898061 898068 898069 898078 898079 898096 898109 898142 898163
898168 898171 898174 898193 898196 898201 898209 898210 898212 898235
898239 898241 898243 898268 898318 898324 898329 898331 898344 898346
898347 898359 898371 898379 898384 898397 898412 898428 898430 898436
898441 898455 898464 898471 898487 898496 898498 898502 898510 898512
898524 898528 898540 898544 898555 898566 898567 898585 898588 898602
898610 898630 898633 898634 898642 898645 898671 898686 898688 898690
898692 898693 898709 898733 898740 898762 898764 898765 898766 898771
898782 898818 898831 898840 898841 898855 898876 898879 898918 898921
898962 898970 898977 898983 899006 899021 899051 899056 899060 899068
899073 899082 899097 899111 899121 899123 899135 899149 899150 899159
899160 899176 899177 899183 899226 899229 899235 899248 899254 899261
899262 899288 899321 899323 899326 899329 899340 899344 899357 899359
899376 899378 899381 899387 899395 899404 899411 899413 899433 899474
899482 899517 899526 899536 899538 899544 899547 899595 899616 899619
899620 899641 899647 899653 899656 899665 899674 899680 899698 899700
899705 899712 899716 899735 899749 899754 899758 899782 899801 899815
899817 899841 899856 899869 899873 899874 899875 899882 899890 899900
899903 899904 899930 899946 899952 899957 899977 899991 900011 900015
900026 900028 900030 900034 900038 900051 900062 900067 900070 900075
900084 900092 900099 900116 900117 900144 900167 900177 900181 900187
900208 900226 900233 900268 900278 900313 900321 900324 900330 900333
900335 900344 900377 900411 900420 900441 900444 900460 900502 900513
900515 900524 900525 900533 900534 900537 900538 900548 900571 900573
900579 900583 900649 900654 900665 900668 900676 900685 900697 900708
900724 900741 900742 900747 900752 900754 900766 900777 900780 900788
900797 900804 900806 900813 900825 900827 900844 900855 900859 900862
900864 900872 900883 900895 900908 900913 900916 900917 900918 900919
900920 900938 900945 900976 900982 900996 901000 901008 901014 901015
901021 901026 901057 901063 901069 901094 901119 901124 901128 901131
901132 901133 901140 901143 901149 901164 901190 901196 901217 901222
901227 901230 901240 901242 901247 901268 901273 901287 901303 901304
901307 901317 901320 901330 901336 901358 901365 901381 901401 901407
901415 901416 901425 901435 901441 901446 901455 901462 901466 901469
901473 901496 901497 901525 901530 901550 901554 901567 901572 901576
901583 901594 901606 901607 901613 901615 901625 901648 901656 901657
901678 901696 901698 901706 901730 901745 901777 901784 901795 901806
901814 901824 901834 901852 901858 901885 901898 901901 901902 901906
901915 901919 901933 901935 901937 901939 901957 901962 901963 901977
901985 901987 901989 901997 902001 902032 902040 902065 902078 902082
902087 902113 902127 902136 902142 902143 902146 902157 902176 902202
902203 902210 902212 902252 902256 902257 902258 902260 902264 902271
902285 902288 902289 902292 902306 902328 902343 902356 902363 902371
902392 902401 902402 902408 902409 902447 902474 902478 902491 902497
902498 902501 902512 902530 902531 902539 902554 902563 902568 902575
902588 902594 902619 902621 902642 902657 902673 902695 902696 902714
902730 902749 902752 902753 902763 902770 902781 902786 902790 902792
902795 902804 902814 902822 902826 902827 902836 902837 902839 902845
902859 902879 902892 902905 902906 902921 902926 902929 902940 902951
903001 903002 903031 903060 903063 903065 903072 903082 903087 903093
903097 903098 903105 903107 903114 903131 903147 903155 903158 903160
903185 903201 903256 903262 903266 903274 903275 903281 903291 903293
903296 903306 903326 903351 903352 903355 903367 903374 903381 903387
903411 903420 903424 903428 903467 903469 903515 903518 903523 903530
903543 903551 903567 903569 903570 903578 903601 903618 903623 903639
903659 903667 903669 903671 903677 903679 903687 903703 903707 903732
903734 903736 903752 903757 903762 903777 903782 903783 903796 903803
903823 903837 903849 903850 903857 903870 903878 903898 903900 903905
903910 903914 903920 903930 903931 903934 903939 903954 903981 903989
903995 904013 904016 904018 904030 904051 904057 904082 904100 904102
904121 904138 904151 904164 904166 904188 904209 904210 904214 904217
904219 904221 904242 904247 904248 904251 904260 904261 904267 904268
904271 904272 904278 904286 904296 904312 904314 904317 904327 904340
904347 904356 904407 904412 904432 904433 904441 904446 904449 904454
904458 904468 904476 904482 904497 904517 904533 904544 904546 904547
904554 904567 904574 904580 904618 904620 904628 904629 904638 904641
904654 904655 904683 904697 904707 904720 904721 904724 904734 904736
904750 904781 904785 904802 904822 904863 904864 904865 904882 904894
904902 904908 904964 904981 904989 904998 905013 905021 905030 905057
905087 905102 905118 905125 905133 905134 905155 905159 905167 905172
905176 905184 905192 905193 905200 905205 905227 905229 905230 905238
905265 905269 905299 905303 905330 905340 905374 905379 905384 905402
905423 905433 905443 905467 905477 905490 905513 905519 905527 905531
905533 905535 905546 905549 905550 905563 905567 905572 905588 905634
905643 905671 905672 905678 905690 905691 905716 905719 905730 905737
905740 905744 905753 905769 905770 905774 905793 905806 905817 905819
905834 905842 905847 905849 905855 905869 905871 905879 905883 905887
905890 905905 905907 905913 905918 905926 905931 905954 905966 905980
905994 906004 906009 906011 906012 906023 906027 906036 906051 906061
906075 906090 906102 906107 906113 906114 906125 906133 906134 906135
906137 906145 906153 906161 906170 906178 906184 906201 906205 906214
906221 906237 906262 906267 906273 906287 906297 906315 906324 906325
906328 906329 906330 906383 906391 906395 906416 906425 906442 906467
906479 906488 906493 906495 906497 906504 906505 906522 906532 906543
906553 906579 906597 906603 906616 906640 906645 906649 906657 906671
906689 906696 906699 906708 906713 906744 906777 906793 906831 906844
906861 906897 906900 906905 906917 906926 906933 906942 906969 906972
906979 906990 907000 907003 907008 907018 907028 907037 907049 907052
907069 907079 907095 907120 907133 907142 907144 907147 907149 907156
907169 907198 907199 907203 907216 907218 907235 907275 907276 907289
907290 907296 907297 907300 907326 907327 907342 907343 907355 907360
907377 907393 907398 907405 907408 907421 907428 907453 907459 907480
907503 907505 907506 907515 907526 907528 907549 907555 907560 907567
907572 907575 907580 907601 907605 907613 907624 907634 907639 907650
907652 907657 907666 907670 907678 907683 907691 907723 907725 907726
907728 907731 907736 907742 907745 907760 907761 907773 907782 907813
907824 907838 907845 907848 907856 907858 907868 907883 907908 907917
907918 907920 907926 907930 907948 907970 907975 907977 907980 907986
907987 907993 908001 908010 908014 908022 908033 908053 908056 908070
908076 908095 908115 908119 908126 908132 908140 908142 908144 908156
908158 908192 908195 908224 908239 908243 908265 908267 908280 908285
908291 908302 908307 908311 908316 908318 908323 908337 908344 908348
908357 908358 908376 908378 908383 908398 908419 908431 908435 908436
908466 908467 908477 908486 908516 908521 908524 908528 908530 908542
908549 908554 908609 908629 908631 908654 908660 908662 908674 908684
908692 908718 908734 908737 908760 908762 908766 908777 908788 908794
908804 908819 908849 908882 908928 908956 908959 908980 908982 908984
908988 908992 909000 909007 909012 909017 909034 909035 909037 909051
909059 909080 909086 909093 909107 909115 909119 909122 909129 909140
909146 909166 909170 909195 909198 909216 909219 909223 909239 909256
909264 909278 909281 909304 909309 909315 909316 909328 909330 909344
909354 909378 909406 909428 909437 909445 909474 909493 909496 909514
909521 909533 909535 909540 909544 909545 909553 909575 909588 909592
909601 909614 909618 909622 909624 909625 909634 909636 909648 909656
909671 909674 909675 909677 909691 909703 909705 909707 909713 909724
909731 909734 909739 909742 909743 909744 909785 909791 909827 909835
909836 909841 909851 909859 909863 909867 909897 909911 909912 909918
909927 909941 909948 909962 909972 909981 909987 909991 910008 910011
910025 910028 910042 910043 910054 910061 910062 910066 910081 910083
910100 910125 910129 910143 910150 910162 910166 910170 910177 910189
910202 910210 910226 910230 910234 910236 910253 910254 910263 910270
910290 910291 910293 910299 910300 910301 910320 910321 910322 910335
910357 910366 910374 910382 910404 910405 910424 910457 910462 910480
910481 910491 910492 910518 910537 910545 910546 910549 910553 910555
910561 910569 910574 910601 910614 910627 910631 910639 910640 910643
910644 910648 910661 910662 910684 910693 910699 910703 910705 910735
910737 910746 910751 910752 910763 910774 910776 910788 910791 910794
910798 910805 910812 910841 910850 910858 910875 910877 910878 910893
910899 910912 910914 910923 910947 910948 910954 910977 910978 910985
910992 910995 910996 910997 911003 911013 911021 911032 911037 911038
911044 911048 911055 911060 911080 911092 911094 911115 911119 911142
911155 911180 911182 911214 911217 911219 911227 911240 911259 911295
911305 911310 911314 911331 911346 911379 911382 911383 911385 911400
911412 911427 911430 911436 911484 911488 911494 911528 911543 911565
911567 911570 911575 911580 911609 911619 911627 911649 911662 911681
911688 911713 911714 911718 911738 911739 911749 911756 911767 911777
911796 911809 911814 911824 911828 911832 911847 911856 911864 911880
911892 911899 911900 911926 911934 911953 911967 911980 911996 911997
912002 912005 912012 912021 912024 912048 912057 912068 912089 912092
912102 912139 912157 912158 912163 912176 912180 912185 912193 912198
912206 912210 912231 912243 912261 912262 912265 912269 912279 912298
912305 912315 912323 912333 912335 912341 912345 912365 912367 912373
912380 912381 912387 912419 912423 912425 912433 912453 912482 912490
912512 912521 912531 912540 912554 912555 912569 912593 912613 912618
912621 912640 912644 912670 912679 912683 912691 912694 912700 912711
912712 912717 912722 912731 912736 912743 912758 912764 912790 912791
912830 912833 912836 912844 912857 912859 912864 912881 912882 912895
912929 912940 912945 912956 912975 912981 912983 913020 913024 913049
913052 913055 913057 913075 913114 913119 913126 913135 913138 913147
913157 913160 913166 913178 913180 913181 913192 913197 913201 913203
913227 913228 913233 913234 913247 913263 913265 913278 913287 913296
913301 913302 913305 913311 913312 913344 913347 913389 913407 913408
913414 913440 913451 913454 913457 913464 913465 913472 913492 913497
913500 913507 913551 913567 913577 913578 913605 913609 913613 913618
913636 913639 913644 913657 913659 913678 913681 913717 913731 913740
913761 913766 913778 913782 913787 913797 913802 913804 913814 913816
913817 913823 913825 913832 913840 913853 913865 913876 913895 913897
913919 913929 913953 913999 914000 914002 914011 914015 914019 914036
914039 914045 914051 914054 914060 914061 914063 914077 914079 914088
914099 914105 914112 914118 914140 914149 914153 914159 914162 914168
914172 914180 914194 914203 914210 914223 914234 914279 914293 914306
914313 914319 914321 914322 914325 914333 914347 914349 914356 914360
914366 914388 914392 914403 914404 914412 914418 914419 914420 914423
914435 914441 914450 914452 914462 914471 914473 914485 914487 914493
914508 914512 914516 914522 914536 914543 914544 914559 914566 914573
914592 914600 914601 914636 914643 914660 914661 914674 914679 914690
914701 914709 914722 914725 914736 914762 914773 914778 914792 914795
914800 914813 914823 914832 914867 914872 914873 914886 914895 914896
914903 914915 914918 914921 914922 914923 914941 914947 914981 914985
914987 914999 915021 915028 915042 915046 915049 915067 915095 915098
915123 915134 915152 915199 915213 915224 915232 915258 915259 915267
915292 915321 915328 915343 915346 915354 915381 915391 915410 915444
915447 915455 915464 915469 915475 915493 915495 915508 915513 915515
915525 915527 915538 915547 915553 915557 915571 915584 915587 915595
915598 915599 915636 915668 915683 915684 915702 915708 915721 915731
915736 915753 915760 915762 915765 915814 915832 915848 915849 915850
915859 915867 915900 915906 915929 915939 915940 915950 915979 915992
916010 916022 916026 916029 916034 916039 916042 916082 916097 916113
916120 916121 916125 916131 916132 916144 916145 916147 916157 916159
916164 916169 916171 916173 916176 916179 916192 916198 916202 916203
916208 916211 916220 916221 916223 916228 916229 916235 916237 916245
916255 916257 916265 916271 916273 916286 916298 916302 916305 916319
916334 916349 916352 916354 916361 916375 916384 916393 916422 916432
916439 916441 916445 916456 916483 916486 916500 916502 916515 916529
916532 916533 916538 916555 916565 916574 916578 916581 916598 916601
916612 916617 916625 916641 916688 916689 916690 916701 916719 916737
916749 916768 916771 916790 916803 916804 916845 916879 916887 916894
916908 916910 916919 916922 916929 916931 916942 916945 916971 916986
916989 917004 917015 917022 917042 917045 917057 917078 917097 917112
917135 917152 917177 917193 917207 917209 917215 917225 917235 917240
917247 917251 917254 917265 917266 917269 917273 917276 917285 917299
917318 917322 917341 917342 917343 917346 917361 917365 917369 917372
917376 917378 917380 917382 917396 917405 917419 917427 917428 917437
917460 917482 917497 917498 917505 917509 917516 917518 917522 917563
917592 917601 917617 917629 917633 917639 917649 917652 917669 917672
917675 917698 917708 917724 917734 917736 917740 917750 917752 917753
917770 917778 917782 917784 917805 917814 917821 917832 917835 917841
917853 917860 917863 917877 917895 917902 917931 917941 917949 917951
917961 917982 917993 918014 918032 918034 918038 918044 918052 918056
918059 918070 918072 918088 918093 918101 918107 918115 918130 918132
918137 918157 918165 918192 918222 918229 918236 918244 918263 918265
918275 918285 918287 918294 918302 918304 918314 918325 918343 918369
918383 918387 918390 918405 918420 918463 918493 918505 918506 918514
918516 918522 918526 918534 918543 918545 918547 918558 918563 918564
918572 918573 918579 918581 918592 918603 918611 918620 918626 918628
918629 918635 918648 918673 918689 918715 918717 918728 918740 918741
918751 918767 918784 918790 918803 918806 918822 918826 918839 918846
918861 918865 918887 918888 918902 918917 918944 918945 918948 918955
918970 918979 918985 919015 919021 919032 919056 919068 919074 919086
919124 919128 919133 919140 919145 919159 919168 919169 919178 919199
919203 919204 919214 919221 919245 919249 919252 919253 919257 919259
919269 919273 919276 919311 919316 919323 919326 919328 919335 919382
919411 919429 919435 919439 919448 919451 919473 919476 919477 919478
919483 919491 919498 919505 919510 919520 919526 919544 919545 919561
919563 919568 919569 919623 919634 919659 919663 919669 919682 919690
919702 919703 919714 919717 919728 919745 919750 919780 919791 919812
919819 919825 919829 919842 919853 919898 919919 919924 919929 919935
919936 919958 919967 919977 919978 919990 919999 920068 920078 920084
920086 920091 920100 920110 920122 920123 920126 920133 920134 920140
920149 920168 920170 920175 920186 920191 920195 920203 920216 920218
920230 920245 920259 920356 920357 920372 920374 920375 920396 920405
920437 920455 920463 920477 920479 920493 920504 920545 920554 920565
920571 920581 920596 920604 920610 920623 920634 920636 920652 920661
920667 920673 920688 920689 920692 920718 920722 920726 920728 920741
920749 920751 920753 920757 920778 920792 920796 920798 920800 920811
920822 920825 920831 920849 920854 920856 920859 920862 920866 920867
920873 920882 920884 920908 920910 920926 921002 921006 921017 921027
921042 921047 921091 921094 921103 921148 921151 921152 921161 921170
921173 921176 921189 921192 921220 921236 921244 921259 921261 921267
921277 921280 921293 921302 921306 921343 921348 921358 921367 921369
921372 921414 921431 921453 921454 921455 921456 921468 921469 921487
921493 921499 921523 921541 921550 921553 921590 921593 921607 921630
921631 921633 921639 921641 921655 921658 921685 921690 921698 921703
921734 921746 921761 921762 921767 921777 921790 921812 921815 921822
921848 921864 921876 921899 921903 921912 921928 921953 921958 921965
921980 921990 921994 921999 922005 922008 922011 922016 922034 922041
922043 922044 922052 922054 922058 922079 922090 922092 922100 922104
922127 922129 922135 922136 922137 922139 922152 922174 922176 922185
922194 922200 922212 922219 922230 922240 922243 922259 922262 922276
922277 922308 922311 922315 922327 922339 922413 922418 922419 922420
922428 922440 922466 922489 922493 922494 922520 922527 922530 922575
922582 922602 922604 922627 922657 922664 922680 922691 922700 922707
922717 922729 922731 922743 922748 922751 922768 922769 922770 922772
922782 922787 922808 922809 922827 922832 922843 922848 922855 922860
922864 922881 922898 922904 922910 922930 922942 922943 922944 922952
922983 922985 922988 922994 923012 923020 923056 923058 923076 923080
923082 923091 923094 923099 923108 923113 923120 923123 923129 923136
923146 923153 923155 923163 923189 923206 923214 923243 923258 923278
923295 923299 923303 923306 923320 923327 923328 923344 923347 923358
923363 923391 923408 923412 923420 923439 923447 923453 923454 923455
923475 923479 923510 923516 923525 923530 923533 923544 923555 923570
923574 923579 923589 923593 923596 923603 923608 923610 923618 923633
923638 923642 923644 923699 923709 923710 923726 923750 923754 923763
923769 923773 923782 923791 923792 923803 923808 923810 923817 923825
923835 923841 923847 923852 923879 923890 923896 923898 923901 923913
923929 923941 923954 923958 923967 923972 923975 923985 923986 923992
924001 924003 924017 924026 924031 924033 924044 924048 924054 924055
924056 924064 924077 924084 924091 924093 924098 924101 924105 924107
924135 924153 924161 924165 924168 924172 924186 924193 924195 924200
924216 924222 924227 924251 924267 924274 924278 924341 924345 924349
924351 924363 924366 924385 924393 924404 924412 924424 924433 924462
924467 924472 924473 924482 924487 924491 924492 924494 924507 924522
924523 924531 924565 924581 924592 924607 924612 924617 924620 924625
924634 924636 924640 924644 924650 924661 924665 924682 924690 924708
924715 924716 924721 924743 924746 924748 924789 924794 924804 924815
924820 924827 924845 924861 924862 924867 924880 924912 925018 925020
925023 925036 925053 925054 925060 925062 925065 925068 925072 925086
925112 925113 925116 925117 925120 925132 925137 925156 925160 925179
925188 925206 925226 925235 925239 925281 925282 925284 925301 925305
925311 925316 925326 925328 925329 925332 925340 925343 925359 925380
925390 925391 925398 925424 925440 925450 925456 925470 925474 925501
925512 925519 925532 925543 925546 925553 925570 925575 925576 925583
925587 925601 925613 925616 925618 925635 925639 925640 925653 925670
925682 925693 925695 925702 925707 925719 925721 925750 925752 925753
925760 925762 925771 925786 925800 925804 925807 925825 925839 925840
925853 925855 925874 925878 925887 925901 925904 925908 925917 925919
925922 925927 925935 925938 925952 925972 925978 925980 925998 926011
926019 926050 926066 926069 926071 926084 926097 926101 926135 926142
926147 926165 926175 926185 926187 926201 926212 926226 926227 926229
926243 926262 926270 926275 926283 926288 926301 926310 926326 926340
926344 926351 926352 926354 926367 926386 926390 926412 926432 926438
926462 926475 926477 926478 926479 926480 926487 926497 926506 926528
926530 926535 926575 926584 926589 926594 926598 926614 926625 926634
926656 926679 926690 926691 926693 926704 926714 926717 926720 926746
926747 926749 926765 926770 926774 926779 926789 926792 926809 926821
926824 926838 926850 926858 926868 926873 926874 926904 926908 926909
926918 926922 926926 926927 926942 926962 926984 926986 926988 927008
927010 927017 927045 927046 927055 927064 927074 927077 927122 927129
927139 927161 927169 927170 927190 927198 927201 927222 927236 927245
927246 927247 927256 927277 927287 927289 927292 927311 927319 927348
927375 927378 927391 927417 927426 927427 927434 927444 927450 927459
927460 927462 927465 927468 927481 927483 927484 927487 927489 927490
927492 927499 927502 927504 927514 927517 927522 927525 927531 927535
927538 927550 927558 927576 927664 927671 927685 927693 927705 927716
927717 927738 927744 927804 927837 927852 927853 927859 927905 927906
927925 927939 927944 927954 927985 927997 927999 928006 928017 928019
928027 928056 928064 928097 928108 928129 928141 928145 928155 928193
928239 928241 928243 928245 928250 928255 928258 928286 928287 928293
928295 928298 928306 928315 928320 928323 928327 928328 928335 928343
928352 928357 928361 928369 928394 928396 928399 928436 928442 928443
928451 928455 928465 928470 928479 928482 928489 928492 928514 928519
928528 928545 928568 928582 928584 928589 928594 928606 928612 928630
928643 928652 928666 928695 928707 928714 928719 928724 928738 928758
928767 928781 928789 928791 928807 928817 928833 928839 928841 928871
928882 928889 928893 928901 928902 928906 928916 928922 928925 928931
928949 928951 928958 928992 929002 929003 929017 929028 929048 929062
929068 929111 929121 929138 929146 929149 929162 929176 929192 929194
929212 929243 929246 929247 929272 929273 929303 929304 929310 929315
929327 929341 929352 929365 929381 929385 929399 929402 929412 929413
929415 929418 929428 929442 929444 929446 929453 929461 929467 929473
929491 929499 929509 929513 929515 929532 929541 929545 929548 929563
929564 929579 929584 929599 929619 929677 929680 929685 929701 929703
929704 929716 929735 929738 929744 929755 929767 929785 929826 929829
929840 929864 929865 929878 929879 929880 929882 929902 929904 929906
929959 929965 929980 929991 930003 930005 930025 930026 930031 930033
930039 930054 930056 930069 930070 930087 930103 930107 930108 930109
930113 930122 930127 930129 930135 930151 930158 930175 930179 930188
930195 930227 930233 930235 930236 930247 930266 930315 930316 930318
930333 930336 930337 930349 930356 930361 930365 930373 930387 930396
930410 930419 930438 930440 930448 930461 930485 930528 930541 930547
930573 930575 930597 930640 930647 930662 930692 930706 930717 930733
930736 930765 930776 930779 930792 930799 930814 930821 930831 930837
930847 930868 930875 930905 930941 930946 930992 930995 930997 930999
931009 931028 931032 931035 931046 931063 931065 931071 931074 931080
931132 931135 931136 931149 931157 931164 931165 931173 931183 931217
931223 931233 931243 931247 931301 931312 931314 931331 931334 931342
931343 931365 931366 931376 931381 931409 931417 931419 931458 931475
931485 931486 931496 931503 931504 931506 931536 931542 931543 931577
931590 931593 931627 931628 931634 931635 931644 931645 931652 931654
931661 931691 931693 931724 931744 931754 931756 931759 931780 931786
931794 931795 931802 931814 931824 931827 931833 931836 931844 931857
931860 931863 931868 931871 931880 931887 931891 931901 931908 931909
931923 931931 931932 931953 931959 931964 931977 931992 932002 932003
932031 932038 932046 932048 932050 932056 932069 932072 932075 932076
932081 932082 932088 932091 932092 932150 932153 932169 932174 932181
932213 932225 932231 932240 932246 932260 932261 932262 932275 932289
932317 932318 932324 932330 932332 932342 932356 932373 932374 932375
932388 932391 932396 932401 932402 932414 932447 932455 932458 932465
932480 932489 932502 932517 932521 932549 932551 932557 932562 932568
932588 932595 932596 932602 932605 932611 932612 932613 932630 932645
932656 932658 932660 932685 932688 932698 932710 932720 932730 932734
932744 932775 932785 932788 932793 932794 932801 932806 932808 932813
932818 932820 932821 932835 932839 932849 932856 932878 932895 932904
932907 932915 932916 932917 932919 932921 932924 932927 932940 932949
932965 932972 932973 932975 932978 932990 932995 933001 933015 933033
933035 933051 933054 933058 933060 933066 933076 933077 933090 933092
933098 933100 933102 933115 933131 933140 933156 933162 933171 933180
933192 933200 933214 933218 933225 933245 933255 933264 933266 933293
933308 933317 933327 933328 933331 933332 933351 933353 933362 933371
933402 933406 933416 933431 933439 933440 933442 933450 933452 933461
933467 933470 933475 933482 933500 933506 933508 933511 933547 933551
933569 933577 933585 933628 933637 933642 933644 933648 933656 933669
933684 933707 933715 933726 933733 933750 933767 933777 933787 933796
933809 933840 933847 933854 933868 933873 933880 933881 933884 933892
933894 933896 933903 933905 933909 933911 933921 933946 933958 933967
933968 933991 934047 934051 934056 934057 934060 934061 934073 934079
934080 934105 934125 934126 934146 934192 934208 934224 934235 934237
934238 934245 934254 934257 934283 934290 934299 934302 934345 934351
934355 934361 934365 934382 934400 934416 934423 934425 934435 934442
934454 934459 934479 934488 934498 934500 934503 934512 934515 934519
934521 934530 934532 934537 934538 934550 934553 934568 934571 934572
934574 934588 934603 934604 934640 934645 934649 934695 934703 934706
934736 934739 934768 934781 934782 934786 934824 934831 934833 934860
934870 934884 934915 934930 934949 934953 934970 934971 935001 935017
935049 935061 935065 935069 935072 935081 935089 935100 935110 935116
935125 935134 935137 935144 935152 935159 935165 935169 935171 935186
935194 935199 935212 935213 935215 935225 935256 935263 935273 935277
935311 935316 935319 935334 935355 935358 935359 935368 935399 935407
935414 935450 935463 935466 935468 935486 935494 935498 935507 935516
935520 935539 935540 935543 935556 935557 935561 935562 935584 935585
935596 935597 935604 935614 935628 935638 935662 935664 935665 935670
935689 935690 935704 935707 935725 935734 935743 935750 935777 935801
935806 935817 935835 935840 935841 935852 935855 935859 935860 935871
935884 935887 935914 935917 935921 935940 935948 935956 935961 935963
935967 935968 935976 935978 935982 936000 936041 936065 936069 936074
936077 936078 936083 936091 936119 936137 936143 936151 936162 936163
936176 936184 936190 936191 936209 936213 936219 936226 936231 936247
936258 936264 936287 936294 936296 936303 936310 936313 936317 936325
936350 936368 936372 936379 936383 936387 936388 936392 936397 936409
936445 936472 936473 936476 936488 936489 936497 936517 936531 936536
936537 936544 936553 936579 936584 936585 936604 936613 936619 936632
936635 936641 936649 936650 936656 936671 936676 936678 936689 936696
936733 936741 936757 936766 936768 936793 936803 936818 936825 936831
936837 936874 936875 936882 936903 936912 936920 936929 936931 936938
936993 936994 936999 937002 937003 937027 937029 937038 937059 937066
937072 937073 937075 937079 937088 937107 937109 937113 937116 937147
937160 937162 937164 937169 937182 937183 937190 937196 937211 937225
937226 937236 937237 937239 937249 937250 937254 937267 937298 937300
937317 937320 937326 937353 937368 937372 937375 937379 937381 937397
937423 937425 937441 937493 937498 937500 937506 937507 937513 937516
937529 937530 937541 937550 937565 937577 937601 937609 937640 937673
937684 937688 937706 937713 937730 937745 937748 937751 937754 937755
937765 937767 937772 937794 937795 937801 937813 937821 937833 937856
937863 937869 937880 937889 937903 937923 937927 937934 937941 937948
937995 938000 938016 938026 938041 938049 938069 938070 938087 938136
938137 938153 938159 938173 938174 938178 938202 938227 938236 938241
938252 938261 938267 938274 938280 938281 938294 938296 938309 938313
938325 938326 938367 938368 938390 938392 938394 938397 938403 938406
938417 938422 938424 938427 938428 938443 938445 938457 938473 938481
938498 938516 938547 938577 938584 938585 938592 938599 938615 938622
938630 938633 938643 938646 938656 938665 938686 938690 938693 938735
938744 938750 938767 938772 938773 938781 938782 938785 938806 938808
938811 938813 938819 938821 938830 938831 938857 938871 938878 938880
938882 938899 938914 938915 938920 938922 938923 938942 938951 938955
938961 938969 938976 938984 939014 939016 939022 939024 939028 939038
939049 939053 939063 939064 939066 939072 939135 939150 939152 939157
939163 939173 939179 939184 939192 939203 939215 939217 939222 939225
939241 939265 939278 939281 939283 939306 939312 939339 939343 939354
939355 939359 939380 939386 939387 939404 939413 939419 939435 939443
939447 939461 939471 939476 939486 939490 939503 939527 939530 939531
939536 939541 939543 939544 939545 939553 939577 939584 939586 939595
939602 939610 939619 939630 939653 939657 939662 939686 939719 939722
939724 939729 939731 939753 939803 939804 939824 939833 939834 939860
939878 939879 939880 939890 939904 939907 939921 939923 939931 939940
939958 939963 939973 939976 939977 939978 939999 940002 940004 940025
940026 940027 940034 940050 940056 940068 940084 940089 940102 940103
940104 940119 940136 940148 940154 940173 940177 940183 940187 940191
940197 940205 940216 940219 940254 940265 940266 940270 940299 940303
940304 940318 940323 940351 940356 940362 940365 940373 940381 940384
940388 940412 940415 940421 940429 940434 940442 940450 940462 940468
940476 940496 940499 940501 940518 940521 940523 940539 940544 940547
940554 940564 940567 940568 940572 940590 940595 940598 940601 940610
940612 940613 940616 940619 940620 940635 940639 940651 940665 940670
940671 940672 940679 940684 940685 940703 940704 940707 940709 940718
940737 940745 940747 940754 940757 940768 940795 940798 940808 940812
940819 940826 940828 940832 940836 940858 940866 940872 940873 940903
940923 940924 940933 940940 940954 940955 940960 940965 940967 940971
940975 940988 940991 941000 941041 941049 941059 941065 941082 941108
941113 941136 941139 941190 941202 941222 941228 941252 941260 941261
941271 941280 941283 941296 941302 941312 941314 941315 941319 941337
941345 941349 941370 941383 941397 941419 941427 941433 941435 941439
941446 941449 941460 941467 941468 941477 941478 941479 941489 941499
941518 941525 941535 941537 941557 941562 941564 941568 941581 941585
941586 941587 941595 941599 941604 941609 941618 941646 941652 941653
941673 941678 941686 941697 941704 941710 941712 941716 941731 941739
941754 941797 941813 941814 941816 941839 941853 941855 941859 941863
941870 941877 941883 941911 941924 941947 941955 941963 941966 941979
941984 941986 942004 942008 942018 942041 942072 942077 942081 942085
942102 942103 942110 942111 942118 942134 942137 942139 942146 942152
942161 942165 942167 942179 942180 942197 942201 942211 942219 942221
942238 942243 942248 942256 942292 942295 942304 942313 942322 942342
942356 942365 942369 942389 942390 942392 942395 942419 942421 942422
942427 942449 942477 942493 942508 942531 942535 942539 942550 942569
942578 942579 942601 942604 942621 942627 942632 942678 942681 942694
942695 942702 942749 942750 942772 942774 942785 942798 942809 942815
942830 942832 942863 942885 942891 942908 942915 942923 942925 942945
942972 942973 942991 943010 943031 943050 943063 943071 943083 943084
943089 943095 943104 943114 943119 943122 943137 943158 943171 943173
943202 943219 943258 943269 943277 943287 943303 943304 943335 943345
943356 943374 943378 943380 943386 943391 943396 943403 943431 943470
943515 943541 943550 943557 943560 943563 943573 943578 943587 943598
943623 943632 943648 943657 943659 943679 943681 943684 943690 943696
943709 943716 943720 943726 943735 943736 943737 943749 943755 943795
943798 943801 943803 943805 943807 943808 943816 943826 943834 943850
943875 943879 943883 943887 943912 943919 943920 943926 943930 943935
943950 943956 943957 943982 943983 943988 943994 944004 944010 944026
944031 944046 944048 944059 944063 944064 944077 944084 944092 944109
944122 944128 944159 944160 944203 944209 944220 944223 944246 944251
944266 944270 944297 944298 944308 944313 944318 944321 944334 944366
944388 944394 944395 944414 944417 944423 944427 944446 944447 944451
944466 944468 944492 944526 944532 944536 944541 944552 944562 944587
944588 944589 944597 944601 944624 944637 944643 944645 944654 944662
944679 944687 944707 944719 944722 944725 944745 944757 944766 944772
944780 944799 944806 944826 944841 944843 944852 944856 944867 944870
944894 944897 944901 944918 944920 944922 944927 944954 944975 944981
944985 944994 945022 945034 945038 945042 945051 945070 945071 945072
945085 945086 945113 945116 945127 945148 945149 945155 945156 945160
945167 945169 945179 945201 945219 945222 945226 945239 945240 945248
945259 945276 945277 945292 945300 945305 945309 945318 945327 945328
945354 945355 945357 945369 945393 945398 945411 945415 945425 945427
945456 945464 945471 945479 945480 945485 945493 945499 945502 945511
945512 945522 945524 945525 945537 945539 945545 945552 945570 945579
945585 945594 945595 945598 945601 945604 945612 945625 945626 945630
945640 945644 945646 945661 945666 945684 945707 945728 945751 945754
945765 945784 945791 945795 945798 945808 945819 945867 945876 945896
945903 945921 945923 945933 945937 945941 945945 945956 945972 945974
945979 945983 945984 945991 946017 946030 946035 946062 946063 946067
946071 946094 946104 946149 946189 946200 946208 946214 946215 946222
946224 946227 946231 946237 946238 946253 946256 946264 946279 946283
946292 946296 946309 946313 946331 946339 946356 946362 946377 946387
946392 946428 946438 946453 946459 946460 946461 946472 946480 946504
946507 946527 946528 946540 946548 946550 946553 946562 946569 946571
946573 946574 946591 946598 946619 946621 946627 946628 946631 946632
946660 946661 946679 946698 946726 946729 946730 946775 946785 946787
946799 946800 946814 946818 946828 946844 946847 946851 946859 946865
946875 946877 946888 946894 946930 946938 946952 946956 946988 947000
947004 947007 947010 947011 947027 947031 947046 947054 947063 947079
947090 947095 947099 947105 947110 947130 947141 947142 947146 947149
947160 947167 947184 947212 947216 947220 947222 947223 947237 947244
947247 947255 947258 947262 947287 947288 947306 947313 947315 947322
947363 947377 947378 947383 947399 947409 947426 947431 947433 947439
947443 947468 947491 947494 947499 947509 947512 947521 947542 947548
947567 947573 947577 947599 947612 947613 947614 947634 947644 947649
947675 947680 947686 947687 947692 947693 947706 947716 947720 947732
947733 947743 947761 947770 947778 947781 947788 947820 947822 947828
947833 947838 947839 947851 947857 947874 947879 947880 947889 947904
947920 947928 947931 947934 947943 947947 947951 947952 947954 947956
947968 947983 948009 948021 948040 948050 948088 948099 948105 948109
948111 948123 948136 948137 948147 948150 948157 948164 948175 948179
948198 948199 948206 948207 948215 948219 948223 948232 948246 948259
948298 948309 948318 948333 948335 948342 948348 948362 948367 948370
948390 948392 948393 948394 948409 948428 948430 948432 948436 948446
948448 948453 948482 948518 948524 948544 948551 948561 948567 948568
948571 948574 948586 948593 948608 948635 948638 948644 948673 948686
948694 948703 948717 948725 948736 948740 948745 948747 948772 948808
948828 948832 948841 948851 948855 948857 948893 948896 948917 948945
948962 948968 948979 948989 948991 948999 949000 949010 949037 949043
949057 949063 949078 949081 949088 949100 949109 949111 949112 949113
949144 949148 949160 949163 949177 949184 949185 949199 949202 949212
949218 949225 949239 949243 949258 949276 949290 949296 949297 949304
949315 949321 949334 949358 949360 949384 949387 949402 949403 949404
949407 949412 949446 949448 949458 949467 949489 949490 949492 949495
949499 949513 949516 949527 949543 949544 949545 949557 949565 949570
949599 949611 949640 949690 949695 949706 949709 949710 949716 949729
949732 949733 949755 949762 949763 949765 949790 949792 949794 949795
949798 949803 949807 949810 949814 949830 949841 949850 949875 949926
949939 949945 949946 949977 949994 949997 950000 950011 950020 950024
950025 950035 950037 950044 950049 950054 950055 950058 950070 950075
950076 950081 950123 950126 950133 950135 950136 950152 950159 950161
950174 950186 950193 950195 950201 950216 950217 950221 950228 950242
950254 950272 950273 950290 950320 950326 950348 950401 950412 950419
950427 950429 950432 950435 950442 950494 950501 950504 950509 950511
950532 950533 950548 950551 950553 950573 950581 950583 950591 950597
950599 950602 950630 950633 950645 950691 950708 950729 950734 950754
950781 950782 950785 950796 950798 950815 950823 950833 950835 950844
950848 950851 950859 950862 950865 950877 950883 950891 950900 950904
950905 950916 950920 950923 950937 950941 950972 950986 950997 951007
951038 951044 951056 951057 951060 951074 951081 951083 951090 951102
951105 951111 951142 951149 951162 951167 951175 951192 951241 951242
951245 951247 951254 951258 951273 951274 951291 951296 951297 951299
951313 951316 951319 951326 951341 951351 951356 951365 951411 951412
951420 951429 951432 951467 951472 951473 951505 951507 951514 951525
951541 951547 951553 951569 951590 951603 951608 951613 951647 951650
951651 951654 951667 951680 951683 951684 951689 951713 951716 951726
951728 951743 951758 951760 951765 951770 951773 951795 951807 951829
951838 951845 951848 951867 951874 951876 951878 951884 951888 951893
951897 951909 951916 951957 951958 951972 951978 951990 951998 952004
952005 952023 952026 952031 952033 952034 952040 952054 952055 952077
952079 952114 952118 952137 952141 952144 952207 952211 952212 952223
952225 952237 952243 952250 952256 952263 952274 952278 952292 952299
952304 952305 952338 952340 952360 952371 952376 952381 952385 952392
952400 952403 952404 952427 952430 952431 952445 952457 952465 952488
952504 952524 952529 952532 952544 952556 952570 952634 952638 952645
952665 952679 952680 952687 952712 952717 952720 952732 952742 952748
952751 952759 952766 952770 952783 952790 952793 952795 952798 952799
952802 952826 952833 952848 952851 952855 952865 952886 952897 952902
952906 952916 952919 952929 952962 952983 952990 953008 953016 953022
953038 953071 953074 953081 953085 953088 953098 953099 953102 953119
953170 953255 953268 953271 953283 953284 953286 953294 953297 953298
953315 953346 953355 953359 953365 953368 953371 953374 953406 953410
953419 953422 953423 953430 953432 953433 953450 953455 953464 953492
953496 953503 953515 953519 953532 953539 953550 953552 953554 953568
953574 953586 953589 953598 953603 953607 953611 953616 953619 953622
953623 953628 953700 953708 953709 953750 953754 953761 953771 953772
953796 953815 953820 953828 953835 953848 953849 953856 953865 953880
953881 953883 953891 953903 953915 953925 953936 953954 953961 953967
953974 953988 953990 954009 954042 954053 954055 954064 954087 954088
954095 954108 954119 954132 954133 954151 954154 954155 954175 954179
954188 954194 954197 954211 954234 954236 954242 954259 954264 954273
954276 954286 954298 954367 954368 954374 954382 954384 954397 954405
954413 954430 954443 954458 954464 954482 954486 954488 954494 954498
954506 954509 954527 954537 954550 954553 954559 954563 954565 954566
954574 954578 954584 954590 954601 954608 954610 954645 954646 954654
954664 954680 954685 954710 954721 954728 954733 954741 954749 954766
954771 954781 954788 954794 954810 954819 954824 954844 954846 954857
954859 954868 954872 954886 954889 954890 954893 954896 954903 954906
954908 954913 954919 954921 954934 954941 954945 954948 954962 954964
954977 954994 955010 955017 955032 955067 955071 955097 955102 955130
955140 955145 955151 955175 955177 955194 955197 955200 955206 955217
955221 955228 955239 955264 955277 955288 955296 955312 955366 955372
955404 955429 955432 955445 955446 955449 955452 955459 955460 955470
955472 955473 955474 955492 955495 955508 955518 955538 955555 955560
955561 955563 955579 955612 955619 955620 955633 955637 955650 955673
955681 955687 955692 955708 955724 955736 955748 955754 955759 955779
955782 955783 955790 955791 955794 955802 955808 955817 955844 955848
955873 955890 955936 955944 955947 955957 955959 955962 955963 955967
955986 956000 956007 956015 956024 956045 956063 956076 956078 956079
956086 956098 956099 956100 956106 956117 956139 956140 956142 956152
956154 956165 956169 956179 956199 956223 956226 956227 956238 956256
956267 956280 956287 956292 956299 956307 956310 956344 956351 956353
956358 956363 956376 956382 956392 956394 956404 956411 956424 956433
956434 956481 956486 956502 956528 956534 956535 956558 956567 956570
956583 956585 956591 956607 956623 956624 956634 956653 956654 956663
956665 956668 956669 956677 956679 956683 956684 956688 956699 956718
956721 956723 956724 956725 956728 956733 956754 956760 956803 956815
956821 956823 956828 956834 956840 956846 956847 956857 956858 956859
956864 956872 956875 956879 956886 956888 956909 956920 956936 956964
956972 956975 956979 956985 956990 956998 957008 957009 957010 957024
957030 957035 957039 957050 957074 957080 957109 957135 957136 957144
957147 957167 957189 957191 957198 957204 957215 957226 957237 957242
957255 957276 957287 957304 957314 957321 957350 957354 957361 957363
957367 957372 957385 957389 957396 957422 957438 957459 957460 957462
957471 957473 957487 957494 957500 957505 957512 957523 957558 957561
957582 957586 957591 957594 957607 957608 957616 957621 957623 957630
957632 957648 957671 957673 957676 957687 957693 957694 957697 957706
957711 957719 957721 957726 957731 957732 957757 957764 957771 957779
957781 957790 957798 957805 957824 957832 957837 957856 957857 957862
957863 957871 957886 957897 957899 957924 957926 957932 957934 957951
957953 957974 957978 958005 958012 958016 958019 958021 958029 958031
958032 958047 958051 958055 958056 958062 958063 958077 958084 958099
958101 958105 958108 958123 958138 958140 958162 958164 958167 958174
958177 958181 958198 958206 958210 958251 958262 958266 958267 958269
958272 958287 958302 958313 958315 958316 958347 958359 958360 958367
958369 958374 958375 958381 958385 958386 958388 958394 958395 958420
958430 958436 958457 958463 958469 958471 958478 958498 958504 958525
958536 958540 958558 958565 958569 958576 958582 958588 958595 958612
958613 958617 958657 958665 958690 958707 958708 958715 958718 958726
958727 958728 958731 958732 958736 958745 958759 958765 958767 958784
958798 958811 958812 958817 958821 958835 958863 958901 958917 958946
958949 958957 958971 958978 958985 958990 959002 959009 959010 959020
959037 959044 959056 959092 959096 959099 959123 959125 959129 959151
959155 959170 959171 959175 959198 959199 959216 959219 959220 959230
959240 959241 959246 959251 959286 959297 959304 959332 959346 959363
959369 959375 959376 959386 959394 959401 959407 959442 959456 959483
959497 959502 959503 959514 959515 959516 959525 959540 959551 959559
959567 959618 959619 959620 959635 959647 959668 959670 959671 959681
959692 959700 959724 959760 959763 959775 959781 959799 959825 959831
959847 959904 959906 959909 959933 959938 959956 959975 959986 960002
960003 960034 960037 960057 960101 960103 960110 960137 960151 960160
960161 960162 960165 960166 960169 960186 960187 960194 960200 960204
960218 960227 960229 960238 960239 960245 960256 960265 960280 960284
960289 960332 960335 960343 960344 960351 960355 960359 960367 960376
960382 960393 960400 960417 960422 960425 960431 960438 960447 960454
960464 960466 960473 960478 960489 960490 960491 960492 960525 960566
960584 960589 960604 960609 960616 960619 960672 960673 960674 960680
960704 960713 960715 960748 960749 960768 960787 960788 960795 960797
960798 960818 960822 960832 960841 960848 960854 960855 960857 960885
960889 960907 960908 960916 960925 960932 960945 960953 960955 960960
960965 960971 960977 960982 960994 961001 961006 961015 961017 961047
961059 961073 961078 961080 961103 961105 961107 961109 961110 961112
961118 961120 961141 961157 961159 961173 961183 961196 961200 961214
961222 961224 961231 961232 961261 961284 961287 961315 961321 961332
961370 961385 961432 961435 961441 961442 961444 961446 961454 961462
961464 961465 961470 961473 961486 961488 961494 961516 961521 961527
961535 961536 961539 961541 961546 961551 961557 961570 961571 961589
961600 961605 961615 961633 961645 961659 961670 961671 961675 961680
961686 961692 961713 961716 961737 961744 961748 961749 961758 961766
961776 961782 961789 961795 961798 961805 961811 961812 961813 961823
961834 961839 961868 961880 961891 961893 961912 961918 961930 961931
961938 961964 961996 962010 962016 962032 962040 962042 962054 962066
962091 962095 962098 962103 962105 962106 962120 962123 962126 962144
962148 962150 962155 962159 962165 962170 962185 962194 962198 962205
962207 962231 962237 962257 962270 962271 962277 962301 962311 962324
962337 962355 962363 962368 962374 962379 962389 962406 962421 962426
962427 962430 962435 962436 962446 962465 962479 962482 962485 962488
962498 962517 962522 962528 962529 962531 962532 962541 962556 962560
962568 962571 962579 962588 962602 962605 962627 962628 962653 962654
962682 962693 962696 962701 962708 962727 962728 962737 962739 962742
962744 962749 962763 962767 962771 962773 962787 962799 962810 962829
962853 962856 962863 962874 962878 962881 962888 962890 962901 962918
962925 962943 962949 962959 962971 962973 963008 963031 963038 963039
963054 963064 963068 963072 963077 963090 963096 963097 963119 963123
963125 963143 963149 963161 963190 963196 963199 963203 963232 963235
963241 963251 963276 963280 963298 963304 963316 963320 963323 963335
963379 963382 963396 963404 963409 963429 963430 963454 963455 963469
963475 963503 963507 963512 963515 963519 963524 963529 963545 963546
963550 963555 963561 963594 963602 963605 963607 963618 963619 963625
963632 963648 963677 963682 963699 963703 963707 963708 963712 963722
963728 963732 963746 963755 963771 963775 963791 963796 963799 963802
963816 963821 963826 963838 963859 963860 963865 963887 963889 963890
963907 963909 963912 963920 963929 963934 963948 963950 963954 963955
963967 963984 963996 964005 964006 964024 964039 964048 964050 964051
964054 964068 964074 964075 964076 964077 964089 964090 964116 964134
964135 964138 964143 964156 964159 964206 964221 964228 964233 964245
964255 964275 964300 964317 964339 964342 964346 964368 964377 964379
964385 964388 964405 964422 964446 964456 964458 964476 964489 964491
964515 964519 964525 964527 964536 964541 964543 964556 964581 964593
964599 964603 964604 964608 964612 964615 964639 964648 964655 964659
964671 964674 964685 964690 964722 964736 964747 964753 964762 964764
964789 964794 964816 964829 964857 964858 964868 964869 964912 964913
964921 964925 964931 964941 964948 964957 964960 964961 964963 964968
964973 964975 964983 964984 965015 965032 965034 965039 965053 965064
965084 965085 965091 965092 965099 965100 965104 965124 965130 965169
965174 965179 965181 965187 965190 965208 965224 965229 965235 965236
965238 965258 965263 965265 965281 965293 965338 965345 965347 965350
965364 965384 965395 965400 965408 965459 965461 965463 965466 965473
965474 965477 965488 965497 965504 965517 965540 965545 965568 965572
965583 965588 965596 965599 965642 965656 965657 965659 965670 965672
965681 965683 965688 965689 965693 965707 965717 965729 965731 965743
965752 965765 965784 965786 965787 965790 965791 965798 965800 965806
965817 965820 965825 965836 965865 965876 965879 965896 965929 965931
965936 965939 965950 965972 965974 965978 965994 966005 966006 966011
966062 966072 966096 966099 966100 966142 966149 966158 966169 966171
966173 966176 966187 966191 966196 966198 966209 966217 966218 966227
966236 966246 966265 966266 966268 966285 966309 966315 966316 966318
966326 966336 966340 966358 966363 966401 966406 966409 966411 966421
966427 966436 966445 966468 966472 966485 966494 966522 966528 966530
966535 966554 966618 966620 966622 966639 966643 966647 966662 966669
966673 966674 966682 966691 966704 966717 966719 966723 966726 966733
966736 966743 966752 966754 966755 966772 966790 966796 966798 966815
966818 966822 966828 966829 966835 966864 966866 966881 966886 966894
966900 966908 966923 966927 966928 966939 966940 966971 966986 966995
966999 967006 967010 967011 967020 967021 967050 967053 967068 967083
967100 967101 967105 967109 967120 967127 967147 967174 967178 967198
967204 967213 967220 967224 967231 967235 967237 967240 967254 967274
967284 967287 967298 967311 967319 967350 967375 967396 967418 967432
967436 967442 967447 967448 967449 967450 967465 967504 967535 967552
967570 967572 967594 967595 967610 967612 967616 967627 967644 967646
967648 967649 967675 967677 967683 967693 967695 967697 967707 967748
967769 967813 967829 967836 967864 967879 967880 967899 967909 967920
967947 967948 967955 967956 967978 967997 967999 968002 968007 968009
968020 968040 968055 968060 968083 968085 968091 968120 968121 968129
968132 968153 968172 968176 968187 968199 968215 968227 968238 968239
968247 968265 968296 968331 968332 968333 968357 968372 968377 968392
968393 968397 968404 968411 968418 968427 968429 968430 968437 968441
968445 968447 968457 968479 968485 968493 968508 968514 968528 968533
968560 968566 968580 968587 968589 968592 968595 968603 968619 968624
968628 968642 968659 968677 968694 968713 968729 968739 968743 968787
968788 968792 968797 968799 968810 968821 968828 968831 968833 968854
968866 968879 968881 968890 968894 968914 968921 968922 968930 968942
968967 969000 969005 969010 969018 969019 969022 969030 969037 969045
969054 969056 969068 969080 969091 969095 969116 969117 969118 969122
969126 969129 969148 969196 969201 969205 969207 969213 969216 969222
969224 969260 969262 969286 969287 969317 969324 969358 969362 969364
969366 969369 969372 969377 969386 969398 969402 969414 969415 969423
969435 969437 969441 969462 969467 969468 969472 969474 969485 969487
969491 969495 969496 969498 969512 969526 969535 969541 969567 969578
969579 969610 969616 969620 969626 969628 969631 969648 969650 969653
969671 969686 969694 969703 969705 969712 969715 969732 969749 969751
969755 969761 969764 969771 969797 969811 969817 969822 969826 969830
969833 969836 969848 969849 969853 969862 969874 969875 969886 969888
969901 969914 969921 969925 969927 969928 969936 969937 969940 969969
969970 969971 969980 969988 970014 970015 970018 970022 970032 970038
970042 970044 970045 970057 970060 970083 970089 970123 970126 970130
970134 970139 970144 970147 970154 970170 970171 970173 970185 970188
970192 970207 970212 970234 970235 970238 970253 970272 970316 970333
970335 970356 970357 970361 970374 970378 970407 970412 970424 970427
970434 970452 970458 970462 970467 970478 970479 970502 970512 970517
970529 970530 970540 970583 970592 970596 970627 970640 970645 970650
970654 970659 970681 970682 970685 970697 970721 970737 970738 970742
970744 970754 970769 970778 970790 970794 970797 970809 970815 970824
970829 970852 970853 970861 970869 970877 970885 970886 970896 970903
970906 970911 970933 970946 970970 970977 970986 970997 971011 971058
971071 971072 971073 971088 971090 971096 971099 971101 971122 971123
971125 971128 971136 971142 971151 971152 971154 971190 971199 971222
971240 971242 971247 971250 971262 971270 971282 971285 971290 971303
971316 971324 971328 971337 971341 971357 971370 971374 971381 971384
971389 971391 971392 971401 971418 971431 971439 971440 971459 971476
971477 971479 971482 971503 971507 971508 971522 971526 971533 971550
971558 971564 971572 971579 971581 971602 971616 971624 971633 971638
971647 971649 971670 971675 971696 971701 971706 971710 971715 971772
971781 971790 971791 971792 971805 971809 971821 971831 971872 971874
971875 971877 971893 971898 971906 971933 971941 971942 971950 971955
971990 971999 972002 972013 972019 972025 972034 972036 972041 972062
972087 972096 972114 972117 972123 972129 972136 972138 972141 972144
972146 972172 972196 972197 972201 972202 972204 972216 972228 972234
972252 972260 972308 972310 972311 972326 972327 972332 972348 972362
972378 972383 972388 972392 972394 972407 972424 972425 972431 972433
972446 972465 972495 972508 972509 972510 972512 972514 972524 972547
972563 972578 972582 972585 972588 972593 972606 972619 972623 972647
972649 972654 972659 972664 972666 972683 972687 972702 972714 972730
972735 972743 972777 972789 972793 972801 972822 972824 972841 972854
972863 972868 972891 972893 972894 972903 972924 972937 972943 972953
972961 972962 972965 972971 972973 972979 973000 973013 973049 973066
973091 973116 973123 973125 973126 973129 973144 973146 973166 973173
973175 973182 973193 973225 973230 973244 973271 973279 973283 973288
973300 973310 973320 973363 973371 973373 973411 973420 973422 973475
973478 973496 973516 973523 973537 973541 973555 973579 973581 973605
973624 973637 973650 973651 973653 973665 973666 973678 973680 973703
973717 973738 973761 973767 973772 973776 973780 973794 973814 973822
973826 973828 973830 973840 973846 973852 973879 973880 973891 973900
973936 973942 973954 973981 973988 973989 973997 974006 974009 974017
974022 974044 974045 974071 974093 974101 974102 974120 974131 974162
974176 974178 974189 974190 974194 974195 974196 974225 974230 974245
974261 974263 974288 974292 974297 974299 974306 974318 974345 974346
974352 974353 974355 974361 974380 974382 974407 974411 974416 974423
974429 974441 974454 974457 974463 974468 974489 974494 974495 974511
974546 974554 974565 974580 974583 974600 974609 974631 974691 974692
974695 974711 974718 974729 974738 974760 974763 974766 974769 974782
974793 974805 974808 974815 974829 974857 974862 974863 974874 974914
974923 974924 974933 974959 974962 974963 974965 974967 974976 974980
974998 975030 975032 975038 975043 975053 975054 975059 975069 975086
975112 975119 975125 975135 975136 975138 975142 975145 975182 975184
975190 975205 975219 975221 975229 975246 975258 975283 975288 975294
975342 975367 975380 975382 975404 975416 975425 975427 975433 975439
975449 975470 975478 975510 975512 975515 975521 975539 975546 975548
975555 975558 975598 975618 975623 975626 975634 975635 975636 975643
975646 975650 975655 975656 975657 975674 975689 975692 975695 975699
975714 975740 975749 975751 975757 975767 975770 975799 975815 975854
975855 975867 975869 975873 975879 975888 975892 975898 975906 975919
975927 975929 975940 975943 975951 975960 975966 975968 975969 975977
975994 975998 976027 976040 976049 976055 976056 976061 976062 976072
976082 976095 976096 976106 976143 976147 976160 976178 976205 976244
976260 976271 976283 976286 976307 976311 976328 976331 976332 976346
976355 976369 976396 976415 976420 976430 976434 976439 976440 976448
976458 976461 976473 976478 976479 976486 976500 976513 976517 976546
976548 976551 976568 976576 976577 976582 976585 976588 976596 976600
976611 976617 976620 976638 976650 976664 976671 976673 976682 976709
976724 976736 976738 976745 976747 976749 976765 976766 976773 976774
976790 976804 976807 976819 976831 976844 976852 976869 976872 976890
976893 976905 976938 976950 976952 976957 976963 976965 976970 976976
976982 976986 977020 977035 977062 977069 977094 977101 977107 977134
977144 977157 977170 977171 977176 977177 977203 977213 977240 977242
977250 977262 977267 977271 977273 977279 977293 977307 977330 977351
977357 977375 977402 977416 977427 977430 977449 977477 977486 977495
977513 977520 977540 977544 977553 977555 977556 977558 977571 977579
977580 977584 977591 977604 977619 977622 977630 977643 977675 977677
977678 977682 977687 977699 977700 977701 977709 977712 977714 977730
977752 977754 977757 977776 977780 977787 977797 977812 977844 977847
977860 977864 977869 977877 977881 977882 977888 977895 977896 977900
977901 977909 977915 977916 977927 977936 977955 977956 977958 977962
977998 978003 978011 978030 978041 978043 978047 978053 978062 978067
978068 978071 978084 978096 978104 978109 978123 978140 978164 978194
978210 978217 978218 978245 978247 978255 978256 978258 978266 978271
978279 978288 978293 978305 978333 978406 978414 978424 978440 978447
978449 978454 978458 978468 978491 978496 978518 978525 978530 978550
978551 978562 978566 978574 978580 978598 978602 978616 978626 978654
978655 978657 978670 978687 978691 978693 978696 978698 978702 978715
978717 978738 978744 978746 978749 978759 978792 978796 978797 978800
978806 978809 978813 978814 978832 978835 978848 978851 978857 978864
978868 978869 978871 978888 978900 978911 978925 978928 978941 978996
979028 979036 979049 979073 979087 979090 979104 979113 979120 979154
979155 979168 979169 979199 979200 979201 979204 979208 979211 979212
979215 979217 979230 979232 979235 979236 979239 979262 979270 979282
979299 979300 979301 979306 979335 979351 979362 979390 979408 979422
979429 979431 979450 979451 979458 979474 979495 979499 979503 979521
979525 979527 979530 979546 979558 979571 979580 979582 979593 979608
979610 979619 979627 979635 979662 979691 979707 979708 979712 979719
979720 979722 979735 979744 979749 979755 979773 979774 979777 979783
979809 979843 979864 979873 979877 979878 979893 979907 979908 979910
979928 979944 979945 979957 979964 979994 980011 980012 980017 980028
980034 980036 980047 980068 980083 980088 980094 980101 980103 980105
980106 980107 980110 980121 980132 980139 980146 980147 980150 980151
980157 980197 980200 980201 980209 980245 980257 980271 980273 980288
980290 980297 980313 980322 980326 980328 980330 980382 980394 980407
980469 980476 980492 980534 980537 980544 980573 980586 980587 980591
980593 980602 980606 980623 980629 980656 980657 980668 980669 980683
980695 980747 980750 980772 980776 980796 980799 980817 980826 980838
980841 980844 980860 980874 980875 980892 980893 980899 980928 980940
980943 980960 980964 980976 980993 980997 981016 981028 981032 981078
981097 981100 981115 981119 981123 981140 981148 981157 981160 981192
981213 981221 981224 981226 981234 981246 981263 981281 981291 981297
981307 981320 981321 981325 981333 981336 981369 981371 981376 981392
981398 981399 981423 981424 981449 981451 981479 981488 981515 981521
981522 981532 981539 981540 981546 981549 981564 981567 981570 981576
981577 981588 981590 981596 981604 981606 981609 981616 981628 981631
981641 981674 981708 981711 981717 981720 981725 981729 981733 981743
981745 981756 981758 981764 981787 981792 981793 981798 981826 981829
981837 981849 981850 981851 981857 981860 981861 981874 981880 981890
981912 981919 981938 981944 981957 981968 982004 982017 982030 982032
982036 982038 982039 982053 982068 982075 982078 982085 982090 982095
982100 982118 982127 982128 982130 982135 982168 982174 982179 982184
982186 982187 982216 982224 982225 982227 982230 982237 982249 982264
982279 982282 982288 982290 982315 982320 982323 982359 982366 982378
982380 982401 982404 982406 982416 982421 982441 982446 982472 982478
982485 982495 982502 982528 982529 982552 982569 982573 982592 982612
982619 982620 982673 982685 982712 982720 982721 982722 982723 982752
982763 982774 982780 982784 982799 982806 982808 982809 982812 982819
982822 982845 982848 982861 982894 982896 982944 982958 982988 982994
982995 983000 983002 983026 983030 983038 983056 983065 983070 983075
983087 983089 983096 983114 983139 983142 983148 983157 983176 983194
983198 983216 983221 983229 983236 983237 983238 983240 983242 983245
983251 983254 983271 983295 983302 983304 983311 983327 983334 983341
983345 983353 983373 983383 983394 983423 983425 983426 983440 983444
983447 983451 983453 983461 983464 983465 983471 983488 983490 983498
983513 983514 983526 983527 983547 983552 983559 983568 983569 983582
983583 983584 983588 983592 983600 983605 983610 983618 983624 983647
983656 983676 983698 983732 983733 983742 983743 983773 983775 983776
983785 983799 983823 983838 983863 983879 983887 983921 983925 983942
983953 983958 983959 983984 983985 983989 983994 983996 984003 984011
984015 984016 984041 984044 984055 984077 984083 984088 984089 984090
984091 984118 984143 984157 984159 984180 984191 984204 984207 984223
984242 984243 984253 984258 984265 984268 984282 984300 984309 984316
984322 984330 984338 984340 984363 984367 984370 984377 984381 984411
984412 984414 984417 984423 984439 984443 984444 984449 984450 984467
984504 984512 984514 984523 984539 984548 984578 984584 984603 984605
984626 984637 984643 984645 984646 984647 984650 984671 984692 984699
984708 984717 984723 984724 984731 984745 984761 984778 984780 984788
984791 984811 984826 984838 984851 984852 984855 984888 984898 984916
984927 984928 984940 984943 984957 984960 984969 984972 984978 984979
984985 984991 984998 985030 985031 985032 985036 985040 985050 985051
985069 985077 985088 985108 985110 985116 985117 985143 985189 985209
985214 985227 985228 985231 985233 985244 985245 985255 985256 985261
985275 985277 985284 985314 985316 985325 985334 985349 985362 985376
985379 985384 985385 985392 985404 985417 985419 985444 985449 985484
985490 985492 985494 985498 985501 985539 985547 985548 985549 985558
985560 985565 985584 985586 985600 985620 985627 985635 985673 985678
985697 985712 985719 985726 985733 985751 985759 985789 985804 985814
985822 985833 985837 985850 985854 985858 985859 985863 985866 985873
985876 985879 985889 985896 985908 985909 985927 985928 985931 985932
985938 985954 985964 985975 986007 986030 986048 986073 986085 986104
986105 986107 986112 986123 986143 986150 986153 986158 986189 986193
986233 986244 986257 986258 986282 986283 986286 986289 986293 986330
986335 986346 986347 986350 986363 986369 986376 986393 986397 986414
986426 986436 986440 986442 986449 986477 986504 986511 986513 986527
986541 986551 986564 986589 986598 986606 986625 986632 986638 986640
986643 986675 986680 986681 986702 986704 986728 986740 986747 986761
986764 986782 986784 986788 986789 986798 986799 986830 986839 986857
986858 986869 986890 986896 986898 986907 986915 986919 986946 986947
986948 986955 986957 986961 986987 986989 987004 987011 987034 987035
987049 987051 987054 987056 987091 987096 987108 987116 987122 987127
987132 987135 987136 987145 987147 987154 987156 987157 987174 987179
987181 987185 987190 987198 987210 987214 987215 987231 987237 987241
987267 987271 987283 987284 987312 987314 987328 987341 987342 987348
987373 987380 987387 987388 987390 987418 987421 987466 987479 987484
987492 987515 987574 987577 987583 987603 987616 987629 987640 987653
987661 987665 987674 987682 987683 987699 987729 987733 987753 987758
987779 987814 987821 987827 987830 987839 987857 987859 987860 987864
987884 987890 987893 987906 987909 987913 987923 987928 987937 987955
987966 987969 987974 987990 987992 988016 988026 988073 988077 988084
988100 988106 988109 988111 988112 988113 988125 988145 988152 988164
988170 988174 988175 988180 988185 988188 988198 988202 988208 988209
988227 988246 988251 988256 988262 988263 988266 988272 988277 988290
988307 988313 988324 988332 988341 988350 988356 988366 988368 988372
988375 988389 988391 988394 988400 988405 988413 988421 988428 988430
988445 988449 988450 988478 988501 988511 988526 988532 988536 988540
988544 988557 988564 988571 988577 988586 988604 988624 988632 988650
988666 988679 988685 988696 988700 988716 988738 988739 988756 988765
988767 988785 988790 988812 988819 988821 988827 988828 988836 988839
988843 988853 988865 988873 988874 988894 988908 988917 988922 988928
988936 988938 988949 988967 988970 988983 988986 988996 989026 989037
989039 989045 989053 989070 989076 989093 989125 989137 989141 989147
989163 989176 989178 989183 989188 989193 989194 989207 989212 989215
989229 989239 989250 989257 989268 989279 989284 989289 989294 989295
989309 989317 989321 989327 989353 989386 989389 989395 989408 989410
989411 989414 989416 989425 989434 989450 989460 989468 989479 989488
989492 989496 989517 989522 989544 989553 989557 989558 989576 989588
989593 989599 989604 989610 989618 989621 989637 989642 989643 989670
989681 989683 989694 989700 989702 989707 989713 989714 989774 989775
989777 989809 989811 989817 989830 989834 989844 989848 989856 989858
989871 989885 989895 989897 989899 989902 989907 989918 989926 989964
989965 989978 990000 990007 990019 990020 990068 990070 990071 990072
990114 990121 990135 990147 990156 990161 990191 990193 990196 990200
990203 990223 990249 990263 990291 990314 990325 990342 990357 990394
990416 990421 990432 990457 990459 990468 990477 990486 990496 990502
990524 990543 990555 990567 990573 990581 990600 990615 990619 990637
990650 990653 990656 990662 990680 990689 990691 990695 990697 990720
990735 990765 990769 990788 990798 990802 990804 990815 990840 990855
990856 990879 990887 990890 990901 990919 990929 990939 990966 990970
990982 990984 991017 991030 991040 991046 991055 991065 991080 991087
991095 991129 991141 991171 991194 991199 991213 991221 991224 991241
991253 991262 991287 991311 991322 991325 991344 991345 991346 991359
991368 991389 991399 991404 991422 991433 991449 991450 991475 991477
991481 991490 991492 991502 991503 991510 991523 991525 991528 991532
991541 991569 991573 991581 991583 991601 991607 991616 991634 991664
991683 991708 991709 991710 991720 991721 991738 991747 991756 991786
991790 991801 991815 991835 991837 991849 991853 991873 991877 991881
991899 991905 991913 991918 991942 991957 991958 991970 991978 991981
991990 991992 992001 992028 992042 992051 992058 992060 992065 992067
992072 992101 992102 992110 992140 992154 992165 992171 992180 992184
992195 992196 992214 992243 992246 992256 992258 992266 992297 992303
992321 992343 992348 992356 992365 992375 992379 992383 992392 992410
992415 992416 992430 992433 992435 992446 992449 992461 992488 992514
992517 992525 992530 992532 992543 992555 992556 992564 992565 992577
992580 992581 992587 992588 992591 992626 992644 992653 992657 992658
992664 992683 992693 992695 992699 992707 992715 992726 992743 992764
992765 992766 992779 992782 992800 992808 992820 992831 992851 992852
992854 992863 992868 992889 992904 992905 992910 992915 992926 992937
992948 992951 992961 992962 992963 992967 992991 992995 992999 993004
993013 993015 993020 993043 993050 993057 993066 993074 993080 993092
993093 993110 993114 993117 993127 993156 993157 993158 993189 993203
993209 993213 993215 993228 993235 993256 993269 993295 993310 993323
993327 993334 993338 993346 993347 993351 993379 993395 993398 993402
993418 993421 993429 993447 993450 993492 993498 993501 993507 993509
993546 993551 993558 993562 993563 993566 993580 993598 993609 993610
993618 993642 993652 993656 993665 993669 993682 993696 993741 993743
993776 993794 993796 993821 993825 993832 993835 993853 993865 993868
993869 993870 993883 993900 993901 993918 993926 993968 993996 994031
994039 994044 994047 994064 994068 994079 994082 994083 994090 994092
994096 994098 994106 994114 994124 994135 994143 994151 994172 994188
994198 994200 994216 994217 994219 994224 994230 994231 994246 994249
994264 994270 994284 994318 994322 994326 994328 994334 994350 994355
994358 994381 994382 994405 994410 994411 994413 994419 994422 994444
994447 994453 994460 994461 994478 994483 994491 994507 994508 994513
994525 994538 994539 994542 994547 994567 994578 994612 994622 994629
994636 994649 994652 994654 994661 994662 994683 994686 994687 994695
994698 994701 994709 994715 994716 994721 994727 994728 994754 994756
994764 994768 994770 994774 994780 994787 994801 994816 994854 994861
994893 994897 994922 994934 994953 994955 994961 994971 994976 994985
994999 995001 995004 995016 995024 995042 995045 995050 995054 995056
995059 995060 995078 995088 995089 995092 995094 995107 995131 995132
995156 995158 995188 995195 995203 995208 995227 995229 995237 995238
995241 995248 995251 995265 995276 995277 995293 995296 995305 995306
995307 995308 995310 995318 995326 995383 995395 995398 995407 995422
995433 995443 995446 995471 995476 995480 995484 995514 995526 995530
995531 995537 995538 995541 995559 995582 995590 995600 995601 995608
995610 995620 995627 995646 995650 995655 995678 995685 995694 995696
995705 995716 995718 995720 995730 995734 995738 995753 995760 995775
995783 995806 995811 995818 995820 995826 995830 995838 995844 995845
995853 995855 995879 995897 995902 995903 995908 995909 995911 995917
995921 995938 995942 995948 995955 995960 995972 995977 995989 995992
995996 995999 996001 996004 996010 996049 996067 996070 996086 996093
996103 996104 996108 996123 996140 996151 996197 996198 996221 996230
996275 996280 996288 996301 996326 996335 996336 996340 996356 996371
996377 996388 996421 996459 996474 996482 996486 996513 996537 996567
996577 996598 996601 996606 996622 996626 996648 996662 996680 996681
996694 996714 996715 996745 996752 996761 996763 996766 996767 996783
996791 996803 996808 996819 996832 996834 996860 996866 996867 996900
996915 996920 996924 996929 996930 996933 996934 996946 996950 996961
996988 996993 997012 997014 997022 997027 997029 997043 997050 997057
997064 997070 997079 997084 997086 997094 997095 997100 997114 997118
997121 997122 997129 997130 997155 997164 997183 997191 997210 997224
997226 997236 997241 997242 997255 997272 997294 997304 997312 997319
997329 997342 997351 997352 997355 997360 997394 997423 997435 997438
997441 997447 997478 997479 997484 997485 997486 997488 997492 997497
997502 997504 997511 997531 997551 997569 997577 997583 997600 997617
997626 997629 997656 997657 997658 997675 997695 997703 997712 997718
997732 997772 997782 997783 997792 997820 997823 997879 997883 997889
997906 997919 997925 997934 997969 997997 998010 998013 998021 998024
998025 998039 998049 998057 998067 998068 998071 998091 998098 998101
998117 998120 998156 998159 998172 998183 998189 998197 998206 998207
998208 998215 998234 998245 998267 998288 998295 998309 998322 998327
998331 998342 998356 998359 998367 998371 998380 998387 998388 998396
998398 998401 998422 998432 998439 998440 998448 998450 998459 998468
998477 998482 998485 998487 998501 998528 998529 998550 998556 998569
998593 998596 998609 998610 998611 998612 998620 998622 998625 998631
998642 998645 998647 998649 998663 998677 998678 998705 998708 998713
998753 998757 998763 998771 998774 998781 998786 998810 998820 998835
998838 998847 998857 998861 998878 998880 998884 998895 998906 998920
998934 998935 998955 998986 998994 998997 999003 999016 999020 999026
999028 999034 999043 999067 999087 999099 999107 999120 999128 999140
999142 999145 999146 999184 999199 999204 999221 999230 999232 999233
999250 999268 999291 999300 999302 999319 999320 999328 999334 999346
999354 999357 999367 999382 999389 999396 999400 999421 999436 999439
999459 999475 999508 999512 999517 999519 999525 999528 999537 999542
999543 999547 999548 999573 999579 999585 999596 999605 999609 999610
999623 999637 999638 999656 999658 999659 999661 999673 999691 999729
999735 999740 999766 999773 999777 999783 999794 999804 999805 999830
999832 999839 999869 999902 999909 999929 999952 999953 999983 999986
